PC1,PC2,PC3,PC4,PC5,PC6,PC7,PC8,PC9,PC10,PC11,PC12,PC13,PC14,PC15,PC16,PC17,PC18,PC19,PC20,PC21,PC22,y
3.2867530876589024,3.1793424478673815,-3.369627818627025,-2.258345789418254,1.2295144058154424,3.933144910809881,-2.546164358052732,1.9119505361246185,-1.3191079011512585,-0.291312177955709,-0.4945094519749532,0.4945687861490146,0.051387261305766666,-1.1221808791079322,-1.4354674101374705,-1.4740611739232266,0.652894741406094,0.22977233890378948,-0.9296167437969345,0.30548195939044726,-0.38982222267882144,0.8191419540842529,-0.31
0.6111007815296098,-3.4560929785983254,1.6626104793769123,-1.2891832710430964,-2.1191657596120095,0.057051871072059786,-0.9697008895595793,1.7356982320541943,-0.44553006330414247,1.975463496554278,-1.5168613402963624,-0.6659035875460824,1.2273941145278635,-0.7811838390002565,0.675815737385039,-0.5354503207024353,0.6021132410588084,-0.8964441283892574,0.6969820586927923,-0.48033341713926797,-0.24477881952963434,-0.5387385325181628,1.22
-2.4591067553304193,1.2917295696975921,-0.9456874387819666,-0.8513670058447738,-0.7009841748217762,0.8225909437890381,-1.0216603834857005,-2.954814577201069,1.5545122412796464,-0.48804905497890705,-0.5374025831739353,-0.15646062498580693,3.43592113460876,1.3538909924864109,0.05496877914818737,0.06510483616943838,-0.34549604302701076,-0.9386310218206884,-0.0328254829359273,1.5639317989467945,-1.0101936494683847,0.4798942863248695,3.43
4.706695473574602,-4.1628840524273825,4.892907344956962,-2.829002719257032,-2.009351970181023,1.3633703913226138,-0.9384880214070195,-0.5837456657907157,1.0146114597862432,1.8683890976510718,0.4529754299528035,-0.1841931915780204,0.6398397041630182,0.7402197572282867,0.045790470084752975,-0.7869118712795395,-0.4885985579683574,-0.8861751912392165,-0.5510273778985485,-0.8719372991043721,-0.678907326358626,-0.21096329846845216,3.61
2.3316146998778686,-0.7618494403491962,-0.9133181730889454,0.57792987606999,1.7561948772702678,1.0418589536866019,0.5258817277992159,2.624703359768603,-1.282386223439898,-1.2003482666287089,0.8145651969006323,0.14986335270753098,-0.9499176128862418,0.5139666969179144,-0.0590107616713758,-0.9238918490719343,0.011076812171907764,-0.6399009425811679,0.1704422044333029,0.6865809769203579,-0.1791107500170571,-0.29878282976742154,-0.44
-3.107966194146952,-4.945847732955326,-0.7726107092165828,-1.8308756187419546,-2.2977958503290288,2.3086225940501914,-0.03754383950759381,-1.461219163221023,-0.9908445482738069,1.2248277482596324,0.11732066113386237,-0.0070156945588333765,1.2151581099522195,0.44920200329861004,-0.40361985924770905,1.0859155974666224,-0.043440245166120876,0.48450231428655594,0.8917560859942043,-0.7293451017192633,-0.4529057942645959,-0.36801077298971485,2.61
0.08722256294949297,3.0512503631731525,-2.9275106794865713,-0.6532365078533862,2.2228172794251657,-2.7718676161757174,-2.1915351742043794,-0.47282015363277324,-0.32075644758191957,-0.03262838034426206,1.1754053053016575,-1.5914032508277736,-0.6010939822832166,-0.9195863849013095,-0.7710702202577938,-0.29209242028312377,-0.9942569850230498,0.6842924384783075,-0.21761842733851092,0.21041375024803283,0.39241215469301055,-0.607618316718738,-1.55
2.237790312700335,-3.1665754681545133,-3.515430871076714,0.17286179230053708,2.7012349736126127,-0.09910402409509195,1.845459810696973,1.0137594132054153,-1.0262811767104123,1.771046570821046,-2.1449658276825536,-0.4808343421920379,-0.704975695020326,0.7308110619078148,-0.40602541816699966,0.47151360511937657,0.0406070327736464,1.1300054719127508,0.5092644235427009,0.49791552644941184,0.24835156845404607,-0.5390165038557742,1.02
-2.467850491690685,1.5433569981484414,-3.9370820694854793,-1.1104127552983813,-0.5665550986970948,0.7987850722811627,1.5282440129538706,-1.8084254404504267,0.8330697934060759,-0.3848440204751544,0.1678211006580776,1.5345061581425106,-0.7510959541567629,-0.27923657006459507,0.5220989875691423,-1.6321755791594235,0.26282394116641206,-0.8453204240629417,-0.48009267368623015,0.16534346663112082,-0.7677979456738944,-0.058588290912697745,1.45
-5.346225531788455,0.8080467369392395,-1.0204649712711595,0.24316137988221043,1.1221536779141834,-0.5073544449228976,0.6396246628079557,0.9665358315217506,-0.4161288886994836,1.0177988556114643,-0.3221415665254125,1.0453631450969025,1.2130492242430277,1.004100332307187,-1.0990707777892526,1.6815987606180636,-0.4176132306952063,-0.4372797543379658,0.8955089415203975,-1.5769745362789303,0.5194267209165087,-1.065182600439151,0.51
-2.5316997122185474,1.6297330742683762,6.014865585273529,-0.6195154000120883,-1.1031204990576815,-3.0963751339972556,-1.406170286998528,-1.5238351526933103,1.8641398555021857,1.0557638360413961,-0.41585750496116414,-1.0198917713424918,-0.9094854094417818,1.9262642839715634,-1.365664266345605,-0.21735389683484052,-1.1798078293567538,-0.18542716472201,0.41336782193381605,-0.07223878608150101,-0.8004323563777047,0.454760652997188,6.42
-3.9419396208451656,-0.6952186013377275,3.2129421623308647,3.4100118689046472,3.054939253327989,1.9834044655222474,0.35664856518367255,-1.0192044384670704,-1.5301874669893758,-1.1672763041573349,-0.5134128223129037,-0.0895537372177758,-0.3232778628952399,-0.16887124845064422,0.11144823519159636,-1.3213271651053515,1.427143072554754,-0.34503207162741734,-0.8698032888037007,-0.8789960302076321,0.23675606455193618,-0.7565957657078609,2.73
-4.645236524641491,0.11823823979583202,-2.8069834871332873,1.3929759216549153,2.1469334093425436,1.3085109759871252,-1.7848288171508127,-2.6818961377629114,-0.996616221059622,0.4632762203698934,0.04855789701548531,0.16139311146018157,-0.4036076529819351,-0.1476372510541665,-0.01783488719780343,0.10305523016663219,-0.7451997403858206,0.8549024796511261,0.8541969864530788,0.23133939977279452,-1.3209294858192278,-0.017648907129909536,1.75
3.3617242656845856,-0.2863467591001197,-1.7287806783769193,0.4086034568917577,-0.15822673594874137,2.2573520766775834,1.8490676154947503,0.029734784878773547,0.8012618999436891,0.885524499820209,1.0542654888890055,0.5550180950407739,0.38386417367424175,0.5643299603292999,-0.9268008601415512,-0.6354669227879004,-1.075519414113215,0.06406027394632477,-0.28080397000823537,0.06495347574406167,0.6182541328155845,0.4603918583437503,2.97
-5.359373482862761,-5.945611276444008,-2.1064724410309674,0.47395813209722226,0.07272548991808145,-0.6147921850151131,-1.3148582788648444,-0.38161767561282767,0.08972572824810253,-0.36549059952714763,0.05092801478732501,-0.13425071019530896,0.7559336266531858,0.9268171188227681,-0.10899725166730503,1.3077021446615011,-0.04587396159651367,0.6774463903256379,-0.04110117838009677,0.07799612970172518,-0.830699977514089,-0.048216540882149966,3.3
3.3678348450511755,1.036463843431466,2.3994703668028365,1.7278363924904891,-2.1497541188619027,-1.5755636069385297,-0.36712557914685234,-0.05757535098265558,-1.2632141780360833,0.48648252260244484,1.5346336563870089,-1.481865445700924,-0.8483899881808739,0.26832369901082037,1.3776991050727059,1.3743845258453489,0.2859648449613427,0.7328572396654578,0.36440577479210445,0.2393025442431458,0.350938050471365,0.09768703215726379,3.04
1.6516185349418042,-1.0676207303969363,-0.858760581743416,0.2618282463958893,-0.046558705856693534,1.9635222720427565,-0.2904267996778253,1.3744397944842528,0.0250791663278497,0.2651187803508025,0.545693194059526,-0.43230557321785007,0.3656468779829369,-0.17843713434169878,0.75907431785997,0.04609502006482018,-0.38727923599945624,1.9006461273733355,0.21027148255004538,0.4826283788901267,0.0101783366721682,0.027489772484120413,1.47
1.1764526108134896,-0.9596939422615334,1.1974160041090869,-0.13630785847505486,0.01039151781501302,0.6662679013692212,4.101035948487409,0.8687699904855615,-0.6316325338014098,0.20936360801176707,-0.19416386430523244,0.42275439097848777,-0.10246049176445964,0.0998109786765061,0.9755494598054617,-0.8545593271937607,-1.0772943947532763,0.6406696568116048,0.830826603977961,-0.38298733883438196,0.5219148487467515,0.0805216561817074,2.61
3.828777753514101,-0.2655796889724637,-2.4610937582347265,5.491545123938171,0.6831265245599578,-0.5910254526965583,0.9587168803604903,0.8342468980877511,-1.407972358015301,3.4766604178206437,-1.230547419819128,0.053325954417340095,0.9265414923905814,0.026931727924812108,0.7234108552893734,-0.8681429171103,-0.8677420463121567,-1.7177415064967922,-0.025899728989753186,0.15114803309385977,0.3676671049688262,0.3838741098597806,0.55
-4.117068617014481,4.47034215332307,0.499970684189773,-0.0718689028930582,-3.043854222627161,-0.478382918763897,-2.737474823868253,0.20519198767508778,2.7989991439870274,2.3255493520933763,0.4160217409361939,0.7548947283179546,0.05810563430581065,-0.036675574550973165,0.285061934942586,0.4618356357205909,0.22927521289232977,-0.3790986801229201,-0.8481179274103771,-0.9079330386647319,-0.42100806784064343,0.29336135328583957,2.24
-0.9754509705333303,-1.3975571732419374,-0.7060251343437223,-0.027539384755592596,-0.3489442245624239,4.735904764759762,1.1015284661240672,-0.6707313584992253,-0.3658090724404786,1.0551827519341617,1.024621340321959,0.3023356241781478,-1.6264247130773068,-1.1368427790466997,0.8981132712788162,0.8743311010514818,-0.5897368814745383,-0.05127504815835883,0.8801071303286448,0.34711919336532887,-0.516066822188522,-0.7786827130569165,1.28
-1.841166376747506,2.0869135308779625,-0.5839322595044698,0.7857974520203054,2.4926449150972365,-3.5520406634026513,-1.4506898913046957,-0.37593311835225496,0.3287378059321895,1.6928595096867354,-0.5949125779556887,-1.1101009346065422,0.3408800069279467,0.19481980986722844,0.5124848562638332,0.43730045819753954,-1.2435253523803496,-0.12467151925298464,-0.16837101064123722,-0.5265073395787465,0.5394337182162208,-0.013931825189845004,1.94
0.9421787702225567,-2.7047421142775496,2.5232499622055373,-0.5614152437088086,-3.2186952893376435,0.7902520946594189,2.439705084773388,-0.6283958667907047,1.9490053594584942,0.2728663214295326,0.9347472298582403,-1.4414130298131553,-0.6095829439537221,-1.0527599941320136,0.24197255039613844,0.49514892447927816,0.24666135526693286,-0.8962802868290932,1.123606909730939,-0.30558786150177936,-0.37216802238126573,-0.3197363675419645,3.82
2.522907492963081,-3.038009018865124,1.49298244963823,-0.8650826768287442,0.5678196244087249,-1.1791581618928735,2.1638803489096063,-0.3045590436955858,-0.12166357149739891,-1.9027790254312953,0.5025489124537517,-0.9992263220532981,0.2597237446480064,0.19287838756418402,-0.7551903324484028,-0.10200910780434089,0.055242368410271026,-0.1834584870591223,-0.3842075293923655,0.09233916214924037,0.05790920437976071,-0.7819814162806492,3.01
-0.6812546020015323,-0.8543419201112515,1.2331630087926748,0.9808992987757098,-0.5609308771467806,1.0322927281472438,-0.44869771198098846,0.5087347957353966,0.5689756195654984,-0.13783240536324676,-1.3426881183452448,1.6129311018273704,1.4189348947934137,-0.5306649005104004,-0.8350866506295848,-0.7390063339528262,1.8776298236597275,-0.9605813170720586,0.12772742346530286,-0.265113939219769,1.5751490916329658,1.1810158440337906,2.83
4.809071525494988,-0.9024959185304936,1.5888452182358712,0.8462783562481865,1.116233932261301,-1.7061196300346313,-0.4482672455175969,-2.0474006209869953,-1.5762525042717188,0.26401002288856734,0.9168834253025856,-0.4273018131532798,-0.5262536450156571,-0.3105236919494687,-0.30309691660129634,-0.15458022886749745,0.06701303008361291,0.9340799097356371,-1.1460766306170445,-0.6971226129180276,0.3321263856524958,0.558312501943616,2.52
-4.119748086782535,-0.33923436748660263,-1.0732719828315957,-1.4462854337368547,1.8175772913923225,0.1971329542532673,-1.071843798048185,0.9197609473408277,1.2722620834675196,-1.4452746429825967,0.2920719971227585,-1.5269799964000694,1.1525311410235048,0.051245897286833306,0.792307802643532,-1.2447176658958206,0.5491676137784747,-1.517756809750814,0.07508852392281266,0.24586097703076856,-0.042240960407205604,0.7922426296428308,2.12
-0.11539272919643352,-1.3576180120395183,-0.40923597555117486,-1.2251220567622023,-0.7573243924646418,-2.7882189665918498,-2.8145563198819827,-0.6759400836838803,-1.6865065709072133,-0.6949851550558167,0.6612702948792989,-0.18478352297197334,-1.4775451844183787,0.7641770044011931,-1.0247219793995046,-0.568010475032261,0.4245726006981452,0.9832612651258178,0.11082685097721338,-0.5780132358067376,-0.4065947849404752,0.4607733370993186,1.8
0.21703256403832477,-6.097082192528995,4.5345834382661785,-5.886750402462466,2.5005727911675497,-0.586315255783296,1.7410240563144888,-0.22235187315704444,1.470307424031761,-1.3987562409612415,0.5084512777915794,0.43784152342662,0.03734940904093098,0.2957239082885623,-0.5110912496957047,-0.9692661740303499,1.151556877467812,0.37884568016000697,0.34400157044271745,-0.20770503653044714,0.03316784037169262,-0.24083900103597752,4.29
-2.9482402928483067,-1.2160052744781196,-8.112461534405154,-2.5498516790231154,-0.15048812136212533,-0.7600015009755304,2.8115279075900603,0.7670515742574222,0.24526235504729407,2.034933739767063,-0.8627975525268915,-0.8334512869903964,-0.6415020927616842,0.3010847892922223,0.3459033057313822,0.08091434794809484,-0.49347301170314156,0.06575866621294603,-0.4472017589939956,-0.053940951893791604,0.9640872079649588,-0.13337062827852483,-1.43
1.7439927406677778,-1.408376902185741,1.1101395561595917,-2.0355725836150356,-2.31461905049101,0.021919324506450583,1.7209670848818677,-1.1914142118692264,-0.8413499019959801,1.220317715359064,-0.5144017427792736,-0.8500993183392594,-0.22112193464237834,-0.7733653780225794,-1.3797949151754443,1.1539482441359135,0.15824326972188696,-0.6994484060394168,0.2236113711933169,0.3658412999353922,1.5047647924641738,0.4186650796482345,3.45
2.488392968705146,-1.859795556531162,0.9448208906519373,-2.1341483031039967,-0.43380578869816466,1.3934133325447506,-1.83803382007526,-0.0007352596712829052,-1.1037874498862361,-0.6550556146515797,1.0520470144198626,-0.2588920873134569,-0.4559019306196904,-0.48816488891482585,0.5041195948283489,-0.4812471350432447,-0.16978368844773747,1.0892692438252582,-0.08890700557504538,0.26059478068139785,-0.007889938380085794,0.003948152341319929,0.32
2.9999166971970213,1.9714152643941416,-0.34869646353822287,-2.916336139362245,-1.1679111474440722,2.3336021967342027,-0.4316535078738384,0.6740898780951171,0.9748840710265493,-0.9646191298619651,-0.6558214662222082,-0.9700832733588823,0.44152141977743287,-0.21660729719080632,1.6969845926758826,0.8208863182303046,0.9965024726525014,-0.3441424320045523,0.6138454062875441,-0.3674640103549146,0.8351388036624484,0.4328244147825782,1.45
-5.920410719930397,0.2630511973829741,3.3246779974274094,-2.963338550982061,0.835623939364353,0.5002310013509838,1.9684104450782212,1.0412141351333979,1.7960279596566224,-0.6211386232936729,0.28555725707007856,-0.598571741459433,-0.1823518077512683,0.6285678360327086,0.9183036547346859,-2.7612419544278173,0.3569429982296961,-0.006884274794139261,0.9622859173403981,0.6065213929295975,-0.0005225440729355586,0.6320340600907323,4.31
-3.329798717305534,0.4523714776518734,0.5609045388421079,-1.1322071543040164,-1.9688665792147648,0.6100508742606067,-1.269641175195821,0.2988996136277708,0.16421724630303566,0.6426765931809882,-1.2686953980218378,-0.4592849181287393,0.02186756619492378,0.1474008498181304,0.4797734857783354,-0.6325482457873517,0.5252144228199176,0.47163862694828373,1.4361245216397633,0.012432643084685833,0.880708513893909,-0.6491401485282201,0.86
-1.612277872708332,-0.044625714869073733,-0.033366695665540146,1.9974623194107555,-2.735989075957175,2.4551572864915,2.5969370054298793,1.541274629339297,-0.7742598334535107,-0.2859881983881448,-1.2036546060545525,-1.4806917228996248,0.6493868627967812,0.449853165593115,0.20072301946048918,-0.45869398955655344,-0.2611404038506578,-0.5195898235289429,0.6915780738608067,-0.1272398144716737,0.5956496142470417,-0.4701487828202232,1.86
-1.4449261012880612,-2.5019092190977044,1.0345764291684691,-1.9047095195802375,-0.21691913193753803,0.8623358853662866,0.8642978195874238,0.18198350982882347,-0.11710088341446168,-0.76290285432331,-1.807249008362026,-0.9166764631550596,0.8444086600097428,-2.238062212763587,-0.7085101702046576,-0.2697265122797083,-0.7082648461655418,0.8442051454504332,0.4547250500187221,0.34095882357459173,0.5243280873148526,0.5032894961603275,1.21
-4.266417760576907,4.127971448021862,4.044984323347127,1.9314702190467046,-1.0731830699930884,0.5874915463379562,-0.8530803667253126,0.1206843783310196,1.4565167154547634,-1.4363862188468328,2.6201041829068323,0.3982953024223638,-0.2849769035656946,0.371307768722908,0.6751132016759246,-0.16997585338965598,-0.23943400520189417,1.6072959290733577,-0.563253561093549,0.38376503593275174,-1.078638653721613,0.625881208861302,5.55
1.3552350209302024,-2.6118242130837555,0.09488567048621478,0.7992143340685564,-0.7574684054752635,1.1664698512433271,-1.2890501612671577,3.529163355775262,0.3625107452355395,-0.13845412165749,-1.7184081442275856,-0.7778619216644652,-0.1560218589220109,1.139255002466943,-1.109653166098952,-0.4768023199943428,0.3161594097229995,-0.4413835449394105,-0.19817080864964262,0.03009733951562546,-1.6453165323804682,-0.5635475914161167,0.01
-3.2704277971154028,-0.3016241885192302,0.3885773296817779,-0.8286870703321431,-2.524165546358911,-1.86566027412477,2.811584957072167,-2.711189924808665,1.445545187705541,0.7817415227965273,0.48695949684243983,1.4211751292905617,-0.9191933677767021,1.245990893434315,1.7550027187375048,0.29367781584684155,-0.10530587507934466,-0.22465111158247195,-1.165744349020309,1.2941760452038757,-0.22933078905291843,-0.9255023874724797,3.66
-1.0108834450900335,0.7873899681460129,1.8763056545886352,-5.250868291823797,3.6575219231599423,0.18215442943599325,-0.1300241183708097,-1.0422866738567464,-1.7313608927191861,-1.4581519524510176,-0.30866064218587796,-0.14643515887979222,-0.6017382454550585,1.7102999873808786,0.2941437224082593,-0.37239760750671563,-0.09640893869190945,0.2716257041704174,0.30643407645183635,0.18752642331819355,0.36586263732632684,0.27299234111066184,2.1
4.028439041641029,2.378978832947813,-0.2974977132695915,-0.22575295701732961,-0.2883299973321113,-1.1722851564021541,1.6280846806317135,0.40695022192691793,-0.7289735646036645,1.3617371042827116,-0.6751393154521478,0.6714709251008836,-0.4522623388521372,0.7231169154127326,-1.354974057595896,-0.09975939199846513,-1.0754178394868057,-0.04297261797918438,-0.4475654862155468,0.6372610096777337,0.06152750542709288,-0.171705413311567,2.01
2.347824379832009,2.106544758515144,-0.03230236843476138,1.8575553112658016,-1.4440565452029677,-1.139750764092608,2.579317933701522,1.5655403185548546,0.8238848822852001,0.8729979971218426,-0.811858388704018,0.6324553158184267,2.2300773682268824,0.7883392705031498,1.3491457017236856,-0.06318561802141809,0.20446417697691288,0.7845575327120753,1.2831764593016177,-0.4658920625776697,1.0525135208401781,0.6582696546867374,2.6
8.67101499006381,-0.6016820517151066,-1.1047935598960497,2.63823415275681,-0.08188855487438486,-3.6585513972805224,1.5419875524659266,-0.6301006257172646,2.5329664474120417,-0.8913452986793781,1.7756935413604154,0.7217458516030653,-0.49604549970400547,0.1417001908461664,0.44688863119939914,-0.18857606554457584,-0.3608125973852791,1.3570246044951435,-0.26977322137251014,1.2992039081099298,-0.16565455054104006,0.4667939881714382,1.52
1.2711914432216795,0.1843512701296806,3.7705150189979904,-1.230139460092921,-4.066348718999348,-1.6711528779138016,0.5050229246826238,-1.1675348067971578,-0.2908647401965734,-1.328044148844858,2.5069596331567543,0.4964050247743267,-0.9653160415997061,0.09985079067321467,-0.5823787301012333,0.3059429423936475,0.6734227462282746,-0.07139983171627978,-0.9471484203926485,0.193446251828532,0.24710727343730404,-0.23830273126618545,3.38
1.1741774650955614,-1.8569343929575484,-5.000616383803702,1.4482417431433225,0.14938868612632628,-0.40143625300883407,-1.6739649693776033,4.199777960882418,0.6442532151121151,1.5785922764136617,-0.44989751215483137,-1.8547025592272015,0.8300652103840284,-0.9679098377915702,-0.020839618680482647,-0.5807069808910058,-0.40679431457480514,-0.26049696956047147,-0.4274745709350636,1.9393762766794547,0.04579451777412531,-0.4861979223583924,-1.04
4.230618325730507,2.1189553134711265,-1.5967229852271856,-2.2385365833908044,2.4166672284168715,-2.000705975977663,-0.6370217113309024,0.4373966066887841,2.166812711325136,-1.9783576383539614,0.3167067921595196,1.8051996826428476,-1.842210085341501,0.09266030255957626,0.7453357749025851,-2.3153882383649216,-0.5326765183570309,1.229808344315425,-0.5391693087716792,0.652375174928631,0.2867907748586574,-0.908257915924387,-0.35
2.372834959895192,2.0173746293109334,3.0683349865275984,-0.5349822599956999,0.4152884156930307,0.13639068356415704,0.4723535440132541,0.44538621931189915,0.025986160912903716,-0.05189232989882268,0.689244192709285,-1.3509946449684158,-0.13985505748158672,1.3861581507274947,0.8408439184547168,-2.158757710342284,-1.5086004688611419,-0.9961923887736288,-0.14118321257000177,-0.10945395364826459,-1.020374617385806,-0.34585114296277225,1.66
-4.4366233656735465,2.41601971985206,-0.6254308127522417,0.5323114082841132,1.6607204322037992,0.7380271608167818,-0.9033966329475566,0.31344067022572164,2.1184668649590814,0.35017999817386397,-1.982606432457248,-1.552398296554285,-2.158723371978499,-0.13001883040641904,-0.023134100176050054,0.09046305794439437,-0.3946608628938271,-0.29860540746008946,-0.7763348060074976,-0.2050763127607433,0.619503923293834,0.21910113619925392,2.7
0.9430273273120808,-1.2490858427912706,0.8391174634948106,-0.5937448676735629,1.4268899575335647,3.244495208455583,1.9548206070308125,-0.13311350713956044,0.04902191090829061,-0.010892699050563538,0.9558051071465689,-0.6822318713258345,-0.7332192772375681,0.6042257844128682,0.3763133662119545,-1.9415154413791749,1.001943786037224,0.5898337467865813,-0.7887229540417525,0.4276185660666266,0.07530649153566851,0.8266642450864884,2.97
3.7597288217765406,-2.591298396862183,3.6153875845229257,-1.9839111592051712,2.8389123945176804,-1.5163511545483288,-3.0010428025950664,-2.4813167723680802,-0.3345381391667762,-0.744936110462046,0.913046353804005,0.15380024822749394,1.1843675858037097,-0.6974746002253855,0.6173526085881174,-0.18457634636530434,-0.16521254343944244,-0.27615187718445444,0.3010395822275175,0.5990799876814528,-0.7040445638122635,0.06170215784387177,1.69
-3.3108588301679447,-1.6835491580794961,2.410314223281876,-2.7702457708356385,1.3074549214978872,0.1443781300404319,-0.39026399962162467,-0.46558639512482175,-0.501749618071191,1.3593705385543078,-0.9621048305020867,0.313820823313605,-0.7626924181854352,-1.3443496208566332,1.8421340431787896,-1.7639694162145838,-0.04588834957883668,0.6562865671796727,1.3677165408059462,0.7749609401434354,-0.26734412405767455,-0.22827947238886523,0.36
0.536392295481024,2.4483866360610422,5.0882080748898675,-0.2918264153297865,-2.1907699023158163,-1.198847991659477,3.9694374233587517,1.3053833910111692,0.33784522495550723,-1.2020237684828603,0.1443206942196429,-0.5247991776078398,-2.25273487994701,-0.8225749246516826,-0.29553834832387116,-0.729817215279445,-0.2650919547814262,-0.15188278337898073,0.018899118186482274,-0.38970274477756717,0.3708127064724337,0.5800670447036693,4.25
4.2828859234189,-1.2961511556133272,-1.7807554515189035,-0.183778390592735,0.28321898881747576,1.7963499712321642,-2.008855291698239,0.9878976125737337,3.290495764071828,-0.25058100497883545,-1.1660150688245075,0.1906613626945114,-0.644988427787757,-0.23857804562253293,1.4438756885566446,-0.004902828745940514,0.392053832977722,-0.8967386614107844,-0.41941302118352697,-0.86425810894708,1.0434328844699468,0.7790115743888203,1.22
-0.8054761720405258,-1.0605539761064104,-2.672636557604421,-4.556485385820663,-0.3126546971127122,-0.3769546288401545,2.3523167421563755,0.052154488759901245,1.5163291304551705,-1.1094496173059205,0.8878566427800892,0.6627111262711868,-0.0012906308960974767,-0.7380641345272332,0.6959343765801069,0.1727719477978428,1.0235457284363465,-1.4182904106784697,-2.053488773331409,-0.07848140788835682,-0.5154622079805493,-0.221683408053301,2.39
4.19408627701726,2.5940244417385028,1.4250011023462128,-1.7822021458570516,-3.030356831403573,1.380651517960305,0.03258755605025452,-0.25764078243096095,1.3584674761809377,-2.465888581715435,-0.6664813346969927,0.18932147040284134,1.095415466278911,0.5884729473017836,0.6960735683585839,0.6857276763884478,-0.6584023770791959,0.1726181468203656,0.7604629704411224,0.8074571731165788,-0.11135210896535763,-0.5613580833837959,1.64
1.9593619183135407,2.7377002782081883,-0.25235495294283417,-0.0647620885556786,-1.152938696686184,1.1339572602766115,2.510331922818033,0.2502167932436972,0.3801563961498569,-0.1643534203471571,2.5029570534665524,0.9185587005764156,-0.8262707466539863,-0.7675508751605327,-1.2431613744784014,-0.9709510048653045,-0.6396046996965756,-0.5010435377004332,-0.9844900331905923,-0.5303823684817712,0.10277538801457879,0.34967316943560023,3.68
1.0674747117162728,0.021374638199174456,-2.21128736475652,-1.73557271625284,-3.115961110639204,-3.2750045029217074,-1.5059601614824054,-0.5741334426489468,-1.1434374487333034,-1.606848427297909,-1.4033120253208355,-0.5391386166769122,-1.6693317296617036,1.4561841050088589,-0.8031439493031691,-0.8745636014669019,-0.07793528248371404,0.2836367976828925,-0.38830886834437073,-0.2965678527660168,1.0871839181045462,0.32146488727921724,0.69
3.30117540416651,1.9632933801225683,2.2039360235097027,0.9397565665624312,0.052340235962326245,0.5353355259144211,-1.1314224193452078,0.042340467466492955,-0.5464805042260364,0.4551154858569696,0.4531630350797819,-1.496955107916134,-0.3200050244667577,0.6223541896129263,-1.6306409609547932,-0.45398915103667986,0.8333126371626306,-0.22371648176061,1.711459170569786,-1.2852932649689022,0.38074122827821694,1.2412872052480133,2.91
2.904698125617608,0.12419137288868136,0.9995312566865421,-6.928622305865363,-4.295539934121129,2.1252163932456525,-1.832186270683256,1.6865074607984563,-0.39176365101840316,2.029516053586909,-0.44777336087149994,-0.8862118047956,-1.1524947407273718,0.2285337393281046,-1.8550247362380075,-0.6601087359386536,0.8158092245163421,0.959120602987607,-0.3106174389177607,-0.438377868008648,0.532303776028865,-0.24076578019522496,-0.15
-0.05715877644624915,1.3015720519279153,-1.5297495826628278,4.837439017820722,-2.075310076887124,0.8635529038596633,-1.642149447680149,0.3128229490415539,-3.202301976485737,0.051566938020063235,-1.1053002283548097,-1.4399305858736196,1.663442900096562,-0.6140401018084318,-0.9699497839556696,0.2565263791303199,-0.609344302245214,0.19186137611480672,0.5842466036517365,-0.29050032185772684,1.19838223727141,-0.3058774755679099,1.18
0.33011944143628735,1.6138062916490368,3.8627970615367944,0.7410991666284966,-0.02033921512698279,0.7609044817675933,-2.6303252966692865,-0.09750964902632947,1.2771801825859925,-1.1904396731487206,0.11235489672473409,1.0581505027446316,0.9144014957770338,0.8515284393189202,-0.4965380792464334,-0.5098028367717002,1.2463610915666532,-1.076041694991111,-0.6744729552057882,0.3313746379776679,-0.20222304120665335,-1.1327231095344978,1.82
-0.5864225634255243,3.578863706170379,-3.5357039892734767,-2.05642147464491,-1.8451856660506092,2.3610541611259963,0.30116482040910825,-1.1231251370223565,2.60326273846731,-1.5328374405010052,-0.3378802060047153,-0.20764902523997444,0.7306650985164682,-1.1720679083793906,1.1872865307442,-1.2354645883350084,-1.7482706508766208,-0.4183669547267019,-1.0216098101566733,-0.6604311928070781,0.19452448462868582,-0.9879024674146816,0.42
3.8752661709062264,-1.9038369157733137,-0.6921276412214338,-1.8908088386398574,0.8181706401635949,0.11103704521878074,1.6138807855301625,-1.3215983581668196,-0.8683032300327486,-1.2521926025433976,0.07012998315915828,-2.551579856210736,0.8772030672296556,0.5725452553866678,-1.0169159079768362,0.9707913333249304,0.3556692211946847,-0.2216763463619364,-0.4001240059102334,-0.2163589226249768,0.9491786164300363,-0.9811045242293027,2.34
1.5141583046409997,4.257757842211342,-6.358798734821201,-0.8057859230651664,-0.04653696908016079,0.2826614643200095,2.9243372490006028,1.0211663585734203,-1.6727120233271857,-0.6459485773520721,1.4549346378992307,1.154795481993368,-1.1023132333765535,0.1651798874214215,-1.231176181813631,0.20138288591812492,-0.22032855021250908,-1.4027319173632873,-0.6592090443121372,0.8395759260282959,0.5592973445538097,-0.7421807174855943,-0.79
2.4083564878036348,0.7731350966217654,2.32315464942691,-1.9563422743461742,2.7355291015599374,-0.5936026041716633,2.820694544294354,-1.9026383303645156,-0.17507306237833645,0.07228530441082175,-1.2385675542492183,-0.8169644876506742,0.4206302683075756,-1.9851352509482365,-0.10404184423848115,-0.021382170368818496,0.6380828364810254,-0.09560938982736042,-1.39162930846394,0.256580938092547,0.5327614552200342,-0.21888059341742683,1.58
8.838547847300305,0.07245072259462129,-3.8284688362661514,-1.0025024453037585,1.8388344403076125,0.6110167354452949,-0.921436172053178,0.0908742291374835,0.1472950018134532,1.913708575756885,0.2017509461501531,0.2811273841696239,0.6904122508987336,0.7595759824830931,-0.2540990902811509,0.3077363216872703,-0.8270465932967632,-0.9494578332784621,-0.4902624843526601,-0.12307244888820737,-0.647550110565462,0.030798629714423056,0.46
-2.589224294731064,-0.06918665152027935,0.35827084098186807,-1.9009894320387841,1.3982611551846715,-0.9206166555626716,3.7967272104564866,1.408021253726037,-0.08929456429793955,-2.107253020998234,-2.3421846259574512,1.470704944912876,1.4797874463428822,-0.38526405867149455,0.057002677414285885,-0.5134216112198239,-0.2834578486942851,-0.1317398414700904,-0.6290347034616045,-0.1237585627034973,0.8576773684200814,0.280392868661732,1.06
-2.1741811879070085,-1.8172540668729538,-0.8995870854942162,-0.7084774985877905,-0.7782346882343173,-0.19176550182710017,2.931080366083927,0.9721783205808203,1.3026547991027404,0.9548086027920067,-1.8921352383687102,-0.08312549856331583,0.3217922743071663,0.10438092385051996,-1.2818269096026977,-0.004087790405981597,1.3431504512429864,1.1542775541505987,-0.8354523167182185,-1.153407845153127,-0.024375151180016028,-0.5270883002888067,2.28
1.5826697910255436,-1.4558304610683481,2.9656808258559395,-1.764336736046456,1.4297661663866816,3.0930204539081414,0.6179227226529272,-1.424961257802918,-2.2740354148149398,2.2616611143832945,-0.9540558776973769,-0.06758048220496589,-1.3568693898252246,-1.143587429119499,0.7838578168399237,1.5958686803347966,0.348783178467057,0.02206437848621756,-0.29031812074338015,0.5708432767502803,0.16185636106606502,0.10626231219121716,2.12
-2.6334958066712155,1.760976494812971,4.193836285725558,-0.09473010884916568,-0.6873396723070175,1.007533035894227,-0.3807214483306312,-1.48197837501266,-0.5129272282657442,1.2492584370548434,0.00022918248170147626,-0.45597988791237903,2.3610494174066754,0.6712311899245291,1.1691286522345123,1.5166788254272243,-0.30840588261420665,0.084864992056497,-0.29122647869690044,0.03663948105464923,-0.30809496038895673,0.33696698835094885,2.99
-1.3473772197010516,-2.203676904955747,2.0475830074495924,2.8575520449787986,0.3139766048556174,0.4065997523347082,1.26909052575552,0.5435144396100517,-1.2498800891490167,-0.26506625378473175,1.2127159097550984,0.3784764776587641,-0.9641161642914768,-0.9834070393145082,0.35308231415075214,1.0022014703746607,0.6337815033122858,-0.23933475478180866,0.09538426661907407,0.4981710896502456,-0.15725610963223854,-0.22077792142573613,3.2
3.990143692418628,2.1902065116707483,-1.8763586384963766,-0.19062461007899095,2.3684486318759403,-0.20239168577220554,-0.9550560863342674,1.3022788382715518,1.0804052520288678,-0.23498721742743042,0.8786287424036835,0.3692176063451716,0.643180768996312,-0.821691248831161,0.06333676370172074,-0.6621635329816538,1.0536770294917848,0.23037606419233495,-0.3576121468973485,0.5058071624302156,1.0482743504425363,0.49230299673147143,-0.14
-1.6032109085641253,3.29507338967547,-1.2360616611128625,-1.5755835418020163,1.1677405907515648,-0.6854468383511808,1.5121037177678358,-1.737050289788376,1.0387804206210847,1.67365578704651,0.49530718033014837,-0.5180699980527037,-1.6035912390188032,-0.7935175475922889,0.25685643246922835,0.28213680262455815,0.4726246463684157,0.3626889024853645,-0.5229350677730742,1.111821166797451,-0.7773679509026247,0.6759693904729726,2.86
-1.8610711161413989,2.513087305121037,-0.18478349401427288,3.974735268032967,1.5951356866262927,-1.461093071359232,-1.9594782849400845,-0.8638396084149653,-1.797046901404881,3.123804475927443,-1.4012633490353517,0.4462554884007744,0.2818779100432462,1.0375868734451354,1.3421560078302313,-0.023474508717179363,-0.17686519925350547,0.38576692514892325,-0.8152652254512815,-1.5990106218963602,-0.7730607434057359,0.16393533877057825,0.83
1.7029321350071152,4.779937017517763,-1.7101052546226982,0.12675971956112844,0.6538175269612276,0.2464569812195064,1.336560788703852,-0.18199693828110644,-0.8413668493111408,-1.535260571407875,-0.1385105116533851,-0.6873831290436785,0.8084542956637535,-0.7755328523593124,0.7914595171704769,-0.7531927134537234,0.002018096493361786,-0.12138571704717223,0.450118452842676,-0.8421193547293352,-0.4325915573478698,0.6965624049999559,1.07
2.3253975510127165,1.4895507833115988,2.124238038528491,-0.32131839180459504,-1.6497426669696877,-0.9420798829929844,1.156500621753354,1.8644574264602336,0.40116516724893536,0.3873468422265894,-2.0023634084564983,-0.5696117129668427,1.0434099562238957,-0.567151604221971,-0.5306999428683331,-0.019284169001215424,-0.7723378709288453,-0.6429743078974917,-0.4567913913280891,-0.24396700941873473,0.337584430868325,0.052785785265633114,0.37
-1.1545371595067668,-0.6433513580147245,-0.7115338781571703,0.01911592466812243,1.5773545878833433,2.165225481977642,1.7357953292780497,1.7119917888507674,-0.5458173114395883,-0.5088140273378602,1.264288113832984,0.5071373418544805,-0.22572844295106315,0.02931345440614175,-1.1569965316989566,-0.13296595769750916,0.6646980343125035,0.1327071440263563,0.28950507756992105,1.7116611025895045,0.7083275512704472,0.8307278196183954,4.4
-0.8000013449521425,0.8090870765763508,1.9971014370125362,0.35073476162389416,-2.5063766102016882,-1.4492195880597742,2.0628511182664067,1.2514304200762583,0.33260754114091123,-0.5653019931896144,0.6928601837565254,-2.1422124146620365,-1.1080753927680882,-0.15221552680955305,-0.006933263637285992,0.10374763413464982,-0.6640998048818791,0.2088518451268598,-1.5596227040210535,0.0055545945194715495,-0.3480517219868488,0.13809077696488017,3.2
0.08108678889005984,0.3899552455691622,1.9630444455241718,-0.7829727678482091,2.340289074873248,-1.4466468104543526,0.04459989482000775,2.232878369591467,-0.5252036911190417,-0.8212572252896951,-1.0545391608405825,0.6585772862628492,0.007190304625585948,0.5506642231766926,0.6210424927069359,-0.15200113918077246,-0.4998977188043501,0.6306203466443504,-1.4833548531898377,0.87609152583251,0.08821731654337503,0.20392660811615013,1.7
3.172753757269405,0.11597736426766832,1.4616822161482124,-2.359328669005503,1.2067764817412554,1.7645777133830445,-0.9054204192019036,-0.0875502821158235,-2.513696020839321,1.8992600714807724,-0.8798677148621192,-0.5701349723836401,0.45254190326442645,1.2860404346654557,-0.7415817913099516,-0.752674754835463,0.579951381656786,1.4052916445367276,-1.174824340628259,-0.08652743201178086,-0.20703009703321104,-0.30762926762019244,0.43
3.5685225565192167,4.98103363196581,2.3778088282303025,1.2442324719640159,-0.40791154634475296,-1.725604512707316,1.9523005845223604,1.6502380525523432,-0.3585740007715193,1.2441915742516005,0.7045209553282702,-0.21315959050349317,-0.3493212791587113,-1.0499360933514679,-0.35367565513792415,-1.310909701380393,0.749863144761203,-0.5463967951216803,-0.21924738354927556,-1.5665399685365777,-0.9603985312433678,-1.0022960723511734,1.92
4.993946836354415,3.8073300657937788,-3.346629834857128,4.069134092233917,-0.7781021006182827,-1.138386257797678,1.18510890201007,-7.120726958740281e-05,1.757914703105764,1.7591101635365425,0.4572978364684653,-0.2725815793434592,0.6421119114742604,-0.1848673964753324,-2.023902338734715,0.7569369527223276,-0.15367048202901268,0.155744647726051,0.607147467136456,0.344811980301009,0.959850895099487,-0.43734053537063333,2.32
1.920044855755651,1.9913835782846527,2.5495389098406753,-0.39506647392001343,-1.8675503757828735,-0.8649891989106825,2.0259660378697157,-0.16262714862578992,1.1310172030555257,2.703060772987878,-0.9749478946975264,-1.088347449191603,1.1084131254187366,-0.67277142335179,-1.5581631634943094,1.4013642221401286,0.7434001188637062,-1.2321704637643778,0.22669610200838763,-0.18485832668344848,0.32904069217697735,-0.37740355255980385,5.49
-1.0545904836263666,2.3885001573386235,0.503191609162899,2.599486882988324,-1.9619991737384384,-1.9115613608495168,1.4574982215643344,0.09295118696347446,-1.4579420018458271,0.0022127256099362057,-2.506157279546125,0.486030896605237,0.5472812578867727,0.2047215129139974,-0.034479890449074624,-0.10713221624669707,-0.9701584793339569,-1.626015275929859,-0.1751079920326484,-0.8083344268617976,0.36688760692531497,0.05744292308995302,2.75
-2.267263110689066,0.9280641888435296,1.3268736548015496,-1.9951961094279742,0.8338511954427319,0.6795830299278097,-3.6601589786720434,-2.0565424127947307,-0.579294045395098,-0.11044633076839362,-3.0092698870555,1.0691469536284528,-0.810005422884205,-0.2160390423092532,-1.7203791729120286,-2.14134439525769,0.5934113739967314,1.1250974361884942,-0.0763410907506316,-0.0567471139239479,-0.43129403129146476,0.05653345673624788,1.9
2.563672836434196,-0.18723642788895883,-1.236916611843651,0.7848315291179925,4.939403776707839,1.1210695740514307,-2.7391921911742263,1.1479212297905652,0.11272809835597132,-1.7468337523905708,1.4681175111157263,1.4889869939619251,0.533241471708074,-0.14081344248166516,0.24890770931654624,0.4541830776390473,0.13490168106128175,0.24313307890457153,0.5436820529702662,1.0496525178448655,-0.06450070594635036,0.3457885087539387,1.22
-1.4498687248933773,0.6393415397572042,0.8572716094269982,-5.511972564484156,-0.24844114679148027,-2.1654801366202854,-3.2493172526825056,0.7570170679033619,-0.21433181853831232,0.3745593638241615,-0.7704940909154506,0.3540513743097058,0.5656652170315704,-0.24754265897546568,-0.38282953303841843,0.7035965158724836,-0.785210424057541,-0.7202252416929541,0.06151071005117254,0.27902853420143786,0.7289377286343508,0.6120750543257889,0.83
1.4013008187992737,1.3627557740396952,1.1637349764273424,-1.7461273610778445,-0.09175531614081324,-1.8117813983228381,0.3069157451844392,1.388641951656425,0.6633169685568253,-0.18504780750276517,2.115845458869573,-0.519759769527248,0.42069115539781027,2.1087162119327103,-0.46227006384226077,0.6253824480285551,-1.6597768657209593,0.20575345385631058,0.2657375675299715,1.1334198661138806,0.10379033091473595,-0.013396502446088802,3.33
-2.7241680754636066,-1.0499114148177724,1.862820743690105,-1.6039526008700629,1.9449875865099877,2.515502107687261,1.754894063488284,0.016604269003394616,0.9749266993045298,-1.4302230185412386,0.5585806200169996,-1.1758896289669818,-0.920129302570252,0.6135054666646568,0.5328702310497057,1.7451897660271587,1.1853384800641922,-0.9528119953221124,0.9518109349631829,-0.6117142976605664,-0.20152176818777248,-1.3831577676867735,2.82
1.2533803614529708,1.4411138336486051,-1.2827134112234344,-3.055306410208144,-0.44598220582601744,2.309600374619513,-0.44915017779982574,-2.9881160734834107,-0.9490590306215083,0.31450798301255717,0.34312548967878115,1.5234358809620203,0.017763825099863243,1.3930029774249622,1.4593196852393513,0.3578018867111526,0.2524462531041495,0.38570795977479305,1.177401080278802,-0.36369187398999137,0.1090665281842554,0.5384735157392337,1.68
-3.2992542259328617,1.828255106874752,1.230768457783195,-1.027637413803811,1.1998689665683737,0.2843533377077785,0.01830447140511841,-0.41412461421589636,-0.9016830174262815,0.5163596771875879,-0.062201850812328055,1.2714244076964376,0.11171231868487107,1.8928991000047541,0.7539644503348083,-0.6217943122292172,-1.2202915200934916,0.18888398574013243,1.0465807557566889,-0.4235650627628102,-0.027706870625814575,1.345935836123699,4.18
-2.17097395353063,-2.5894597455841812,-0.4905451072505703,2.3677521763797422,0.2535400635910193,2.0555984764628707,-0.06530379403183022,1.1790061514548669,0.24970615189607584,-0.33144918713930943,-0.7161233265653523,1.119039979864636,-0.8253744558431977,-0.6742591987252629,0.2304841377403211,-1.1034138428257647,-0.949777597518067,0.7601100978753899,0.08794098163707616,0.1406986364744313,-0.033790858642941936,-0.31329111894848877,0.0
-2.496458789571265,0.8892486986444266,2.678691953526064,1.3489477044907077,1.9307279579726788,0.4130007839852423,0.5288570497445282,-0.9130802437594538,-1.7508925953190142,0.7158941175769816,1.3762721668970541,-0.14872486383264208,0.3639791540497618,0.8184230336605898,-0.8007422148046762,-0.35660856139454244,-0.18548438223681257,-0.23290946775007984,-0.03983210155061823,0.252864634876095,0.7189656490311418,-0.5780170381963616,2.81
-5.986491243954477,-3.675613264212544,-1.3507035095962485,-3.772294902127399,2.8780076849534617,0.06856836020236905,0.9720580770805054,-0.7357353444818306,1.4769752528510496,-0.7386432769548947,-0.11819432488691187,1.2245871760807463,0.44564891718069916,-0.949419890314181,0.05480970530080959,0.31088267797458446,-1.0188122259109917,-1.2485237639290538,-0.099796885781488,-0.5157437241450884,0.48899692676206447,0.03109594254902372,1.94
-1.8843459443346326,0.8033149730806904,0.3488968981115665,2.242753849981759,3.836095798784062,-0.46841215709544476,0.37835300570107394,0.09670977736091592,-1.7139018493212552,1.8472156140119904,-0.799610439644166,0.733125443251081,-0.8656592297670187,-0.26939646887654084,1.2026459846060498,0.2567541893416831,0.320462589128626,2.0731560348169316,0.35441956358677634,-0.45886524307651994,0.4654859309536127,0.3492655325344,0.87
2.709331679936087,1.3502635361141455,-0.7357156612512147,-2.798829736829081,1.6971484000646173,1.4843523041293287,0.5938622484461962,-1.484321247886918,2.0801604419916164,0.573902639482227,-0.17196716516249871,1.653543724551874,-2.3367871154018465,-0.5843698843591553,0.04746879753602583,0.4323213713261167,-0.38129571871184814,-0.016856411089355185,-0.008004073689321652,0.3286203570971221,-1.1698878084684272,-0.16531290682898606,1.62
-0.6335363043130178,-1.7964060331359994,0.5181726293641707,-1.0659957235125004,0.29648769897092764,0.42975758975777645,0.46449506055043277,3.4715892263823083,-0.00499973967063745,-0.8390789252454726,-1.3995860853308668,-2.2250825319637975,-2.8645696748173872,0.6585605512425431,0.08062147674372447,0.6094724438826017,0.18212575450685126,0.13468385595196733,0.30786894867085723,-1.0434337823533124,-0.06428009189451075,0.637035526530559,1.47
-0.018316367482173645,-0.0064425115893137755,-1.5674355345534459,-4.203289624633375,-0.6852952086433948,-0.6779787833799442,-1.646668841599242,-0.6482614218474438,2.192869530432205,1.7137683091406788,-1.9866530253883499,-1.7153768072942046,-0.36897959712496176,0.18919350489839817,-0.39698752856345915,-0.5943743698852018,0.2500767963147758,-0.03882030960153713,0.2891550615744153,-0.6918178581708763,-0.23023885309397268,-0.43356579092043834,0.87
0.991574669597738,2.1256568774743667,0.10934978225478927,-0.09130112919790824,0.7462979543699756,-0.8274698030452029,1.2668505845178604,-0.09548196420593336,1.7601160344766793,-0.48350585340945645,0.406324895990102,0.9897740391551116,0.707964595284916,1.2372546641717088,0.10688061362342914,0.19131525289202667,1.0651443059479877,-0.4480039122905627,0.0016668549876733942,0.23910367955769304,0.3310453734071255,0.7153933591627805,4.58
-0.7510703637696724,-0.1814646440800717,1.1776863007314855,-0.7557954794490783,-2.3919643374220905,-2.5217769353868213,1.8318146265882533,-0.7640006370655931,3.3317187111102844,0.2190220048319917,1.1756518720412146,0.11552497926305662,-0.2345913991588363,-0.04086963429305335,-0.014655095209925063,-0.6718366463148234,-0.30231865427225446,-0.04694074259183944,-0.08859202548326561,0.5235588159515631,0.5266478128637522,0.49750537475002093,4.86
-1.850004831096182,-0.06972151234758939,2.4183818349421555,0.9227331778824582,1.8953618057074793,-1.0853854339354625,-0.09995645007748011,0.6092734303246613,-0.3195053700816095,-0.6162709987502828,-1.1776465920279575,1.2096922044018126,-0.04490971737766153,1.7878054437653714,0.9649058340419789,-0.4153964476799003,0.11077033980193537,-1.0764528500628419,-0.25276581762139655,-0.22670241675622227,0.25475519508340616,0.9453097695180668,5.18
5.240864384680655,-2.64739102596827,5.353854349294696,-0.15113218466873385,-0.2608389290813171,0.874782907869132,-0.5677053795286406,-1.0751589613169716,0.9437669481464761,2.4188065071106113,-0.8958079539286337,1.0596252664984955,-2.2037992744496515,0.9317466846531525,-0.1383498101045453,0.492145310980171,1.303726426057149,-1.1097740855711817,-0.3128902585698716,-0.2745491317480284,-0.1876798123442291,0.0761935734849258,4.95
1.5831281224808387,-6.1125725324248465,0.3421531163208835,-3.2824109633708156,0.49455242725106563,0.38844608661280555,-0.08178891036964664,0.10030766253883654,1.4763845512380862,-0.38001054286108793,1.5005240705670264,2.1507434420241625,-0.16355173926740232,1.052327578086346,-1.6433443267187395,0.1453737969381145,-0.7068452497619692,0.33612395682773616,0.19092771741568668,0.08789471651830294,0.0031386362238185208,-0.4201404819787469,4.29
-4.095587362274191,-1.7027384521642401,-2.236094753558834,-2.2596553578350824,-1.9418408057806738,-1.9180179071797163,-1.4823100448317044,1.8769635186995417,-1.7063393458366487,-0.5238790009753909,-0.2401515732143998,-0.740736673275226,-1.0528241324332883,1.190363447214326,0.6746630415408199,0.7269417931115001,0.10258524007027497,0.3856253927881615,-0.34295298806185553,-0.22284844042303378,0.39341995214393893,1.058008690376843,-0.05
-1.2059914026015717,-3.2849676502656924,0.7004306216391563,0.7363879326414579,-1.2749281835503632,2.3031813854929686,-1.303928332411538,-1.1811718505469837,-1.3401635102572917,-0.628293936826737,-0.5432321094680006,0.6300858535808953,0.12905975957939084,-1.8536611548608326,-0.5765387834370448,-0.4210491838517604,-0.4331633034819904,0.3615124966362418,-0.7209760637185445,0.21686978770201548,-0.2732954598312722,0.4154002708604479,0.77
-2.5328503937856404,3.8770840327235105,-3.982108668410692,0.8956145026249297,-2.4422322616001373,0.3844921878837962,-1.0168335227299095,0.05223285277626801,0.16331306797322728,-2.120390405549228,-0.8942903580302785,0.8389891107593425,-1.2312606677204616,-0.6604703555272537,-1.3416125752846517,0.19446817970864191,0.1701538395752974,-0.04632135456645147,1.038380944837103,0.4022301030199099,0.41627540534234225,0.5500682798537416,1.47
1.5575906757115667,-3.616339797864808,0.4277518684311469,1.7617036016098866,-3.247766426768595,0.01902365956782314,1.7749530888194824,1.7520364202835033,-0.2428569123754315,3.508582268111137,-0.25668408159534667,-1.4789663053715802,0.7779665302907282,0.5560862688463324,-0.606714607315776,1.0998421739259607,1.8431034213122381,-1.9830846977965415,1.3648024432249393,-0.3287415127000851,-0.24016237197184515,1.820729962236963,4.53
2.2047109371803653,-0.11486850976774243,0.11565541786388352,-2.2709349075416587,2.2596856909943352,-2.129808564569334,2.0339998986106655,0.19572244841960995,-0.5124721463134952,-1.2565529834151765,0.3338039012596154,0.218210475468309,0.3995119545404996,0.39643980316987737,-0.8943104434952823,-0.0805909204997424,-0.8258697316342083,-0.12418274638257314,-1.0553351151749304,-0.6446057170956748,-0.4339299845550439,0.1528496709470461,1.96
-4.338812330742547,5.459837309946962,3.5487914192980283,-1.7789052146691615,-0.002412133545183583,0.021626310146840248,-3.143549800094359,-0.3185369186799645,0.5481938960822547,-1.617436856528785,0.07069155268164026,-1.1419237943596807,0.1487981484384194,1.088507125436455,0.9183761936707271,0.17860496486253463,0.31226679982740924,0.683856420562111,-1.0794013774612488,-0.7446477944852208,-0.0721693342558265,0.5804681703513558,2.82
-2.1925942711654947,0.07580938258509336,3.492860101919884,-1.5801586674848798,-1.3313478367512754,3.1402980186342595,1.0211662797936825,-0.47427633355340393,0.4603684761074657,1.0368591443240431,1.587527420968228,1.0492726503217678,0.7232509910031181,1.8336325143231729,-0.4031807649452061,-0.4681437663363665,0.74708443413142,-0.19378263951509325,0.6231210670441747,0.33265557498885867,-0.6333582732175572,-1.1979395264322095,3.25
2.8703601020404825,-2.8904827936979607,3.2609967983127843,-1.553288937421015,-0.5581232138185976,-2.3075095630934976,2.089110547692765,-0.7679717096581101,-0.9884246057215247,-0.18727097462727738,1.1818034062280307,0.7241082451277604,0.8114444437916258,-1.4138380002095061,-0.2815736338729683,-0.49803731022616166,1.4922761112685516,0.029461296355302848,-0.25441431417364757,0.10587290278649972,-0.504419942476763,-0.4413532470049969,1.72
4.850848910145152,2.7927016630591948,3.1271363515582293,-2.2027484844844527,-0.1395478142272656,-0.01929848969756061,2.4735574039041532,0.723663523280742,1.2618949897521066,-1.4299595738294055,-0.08280516701249767,-0.6379395508538123,-1.3434360793136713,-0.6679099417078509,-0.8371617723507007,1.0123953139431283,-0.4988128420342465,-0.9953071280527545,-0.1033612129308334,0.48035592627680873,-0.3288142209543063,0.4239348788104907,3.34
0.775054585967175,4.624272633790799,0.019850834814666124,1.6618854618375491,0.5123317302416843,0.0031853556586017603,-0.044856464764005836,1.92593745020516,0.6961201491475092,0.8702825751985722,-0.11345138930671766,0.6941913095612059,-0.949481921766148,-1.3974972916644781,0.8673162024173813,-0.6362423904428438,-0.16470886625648995,-1.6116258960284713,0.9275773389328953,-0.7707968014015487,0.25181191932760794,-0.13070348863058825,0.42
-1.172320323311887,-2.7391952935779607,2.9963651172684025,0.14802419247082896,0.3032258577458222,-1.637901293355229,2.05237427509569,-0.371776123577107,-2.5325745167199556,-0.0743645838699744,-1.943200121040714,0.4328325079121352,-0.8738778264510498,-1.240622251133614,-0.615803660296379,-0.009359438417255088,1.7983506589331553,1.0390136556230327,-1.4731106775006944,0.45505665714007526,-0.5539208092153189,0.4070856854821019,3.1
1.8202985956743323,-0.0810127347679394,-2.7301907398617677,-1.762849495150052,1.971899349216431,-1.5967627047759387,-0.7512167466680977,0.14865815096807705,-1.5081838092666808,-0.45664266935816833,-1.6391508566855375,0.5821637014645503,-0.32341148862929026,0.07533467854584949,-0.44560743468453035,-0.6548037897900238,-0.5243286106448003,-1.5468423962387607,0.3039313029457538,-0.17686186002799661,-0.16327049872367508,-0.5075217225419031,-1.14
-3.366681496047054,3.309582079175616,1.7205593992374837,0.6569372697538542,-1.2580482819075096,-2.847495834088031,-1.1295558499935614,-0.396652062090917,0.4268141868862414,-1.8360452132734943,-1.2562902992138278,-0.21701711021320616,0.34465408271551506,0.5694819598861741,0.8263468268503653,-0.14344117576782078,0.47333187962448225,0.06865829172261269,0.44545673568715405,-0.5371726406479249,0.1441170743777421,-0.002488143549432715,2.13
2.8264746553071727,-1.0312523155324145,-1.6568264612293324,-4.382579437537971,2.4342645653974944,-1.2991147512958412,-0.11892969972836996,-3.166468682376074,0.498083558214103,-0.40378627034854714,0.8192265246660846,0.6941595648890346,-1.137885851546164,-0.14068051316190663,0.7348462763300366,-0.985268916936293,0.059863084270435886,0.5947588297937303,-0.7030541217676629,0.26947048627248216,0.774030100682771,-0.4833159517020145,0.38
-1.4003674605949006,-1.3853374790631858,-1.7931055837220955,-2.7781187375207708,-0.03373043469077391,3.207639399776091,-1.883505757804986,1.9222895164753646,1.0732115273405114,-0.0699682631563895,0.9476098438840364,-1.0039439878521117,-0.22630841751653247,-0.4332622369613861,1.066400704622866,0.3521482742648414,-1.2487957269552008,0.7790227857156314,-0.44933836696394536,-0.24545337041296866,0.10756224254361907,-0.5912938676607821,-0.02
5.57784827807883,3.5543330427833295,2.7903349827856205,0.4629957074584412,0.8051301403815158,-0.8836250166382678,1.471994168808545,1.1151492524578288,-0.2660588472690209,-1.2362298450446358,0.841894685137829,-0.49243788618495987,-1.7567011805609156,-1.3059373327608426,-0.45414254562212586,-0.20127648859859756,0.38018763554316415,-0.9401886158350715,-0.5036190942939274,-0.3227438393227942,0.19986667019594823,-0.19460298959782843,1.49
4.239509593245845,-2.6508732805841126,4.592627727927515,-0.43660092945596035,1.7136612756866945,-1.1711333071127727,3.0298722252912302,-2.4601489505392413,0.5557843297076854,0.029336938822857414,-0.23631189255099613,0.3702444329402762,-0.28614908427716845,-1.9660838719118932,-1.5762702807417994,1.3860932342881158,-0.5376560592687927,-0.4717627035024728,-0.3071233618980325,-0.9471320071740187,0.06365687066027775,0.35422470328172256,5.44
1.6566081467061158,3.123618332557507,-4.1598118340841035,1.2067362299041244,-0.641143369640414,-1.164660377285785,-0.6344815938404643,0.8415424961379521,-1.607828451815936,1.0424213569749368,-0.7634890086847393,-1.1313211741566243,-0.8666989158035354,-0.5796739936326907,1.620683486147339,0.10714388803602393,0.5825989049920226,-0.8894804908564387,-0.6541027305894638,-0.5343591499177,-0.6115146542618312,0.08477088585682996,-1.11
0.1788411602509956,4.090279649877747,-4.717418011317021,0.06360215200137222,-2.684044000240799,2.371018197496128,1.0371369714035157,0.6430478166439957,-0.593892607834549,1.2883531122052978,-0.10957332407157139,-1.0968508487201185,0.5485239306210119,-0.038947891439862034,-0.2601133350896408,-0.8215534193760199,-1.0268173179965165,-0.3793284485364027,-0.9156572078730524,-0.3594073748322369,-0.35836306538283275,-0.20018930023919512,-0.05
3.688740878825563,4.919369525517078,-1.4251316304850148,-0.26456726031808514,-1.8954756837476208,0.5628569297452234,0.4527158425617495,1.1906155380883876,-0.39739685525128793,0.8715799700224539,0.4366517652740421,0.19720869702443575,-0.006455625098371105,-0.841457457673635,1.5861741377397902,0.09696930593569776,0.8101114678893,0.9723290751807016,-1.101159932217881,-1.2445497555936964,-0.41460394354391517,1.0754137810774351,0.02
3.107543323658293,-2.8594379637860934,2.782934017286386,1.418599728917195,1.4537897457698363,1.3773030158472317,-0.2866225957673034,-2.886435745566142,0.9811696125617253,-1.4008375664459745,-1.888627446120962,-1.0497401188378181,1.2653280219472847,0.25543757481205653,-1.116944263224553,0.3906279724175665,-0.33847424722985725,-0.52404281424107,-0.460098457062883,-0.7840614795602313,0.35818588515064204,-0.8480845285411124,3.46
3.7854356541093033,1.7385057640257868,-0.4522279142588383,1.4970954294231902,-0.7530674714362122,0.6747150765927905,-1.6282026051084708,1.840047759543785,0.26748887747954603,0.04324425831557486,1.012417657587871,-0.17986279576892564,-1.814848436153519,0.8791833149935876,0.347909032556814,-0.5363184352015966,-1.123688219960186,-0.19880719080922296,-0.08587820491254529,-0.1573300414002061,-0.3329899145307957,-0.46649334719906577,0.37
-0.9159802673150227,-2.6026866976632403,1.166820160704234,-1.8445758736764506,-1.7577241673755548,-4.19494671556355,0.2618948476002017,-0.6700697636169349,2.058751774217499,0.9351836217441805,0.3723916820061917,0.8785339370126912,0.21631378024544912,0.9779816747012057,-0.4741182346163854,-0.15761745993566442,-0.7299764227202183,0.30783680152658516,-0.09821488796334915,0.33970861991248735,-0.6224175664505289,0.5311188779082848,3.43
-0.0815486490542426,-1.1692039205863474,-1.6298938143680786,-3.390271869572536,-1.4038846244183347,1.8769495243470768,-2.709070498058143,-1.0674364851254285,2.1165767294139317,0.5248417874651362,-0.17203248152924425,0.25155678857426944,0.8190124608720614,1.1606055789199365,0.5693957683749977,0.7311360078940987,0.8029176641812846,-0.7162022464748908,-0.036771068611456355,0.017092639349879358,0.6297233332546501,-0.019448004877165543,2.47
0.6330969533674667,2.561165647413604,-3.793264866636755,-2.053278652426463,-0.08393763366927712,0.5096767802258374,2.7865554706948674,0.0054507404055446,-2.8605320799861023,2.321837957753357,-0.17136940134852716,-0.19420906176452096,1.0180884877886782,-0.8787348393449419,-1.4626373158427957,-0.1889758073479933,-0.5391715003029661,-0.18738727945692618,0.35574842767204407,0.09282551711079721,-0.2211328501185363,0.1530127903775187,-0.22
1.6722338299181587,4.080185304440759,0.12789699178978364,-0.363531688484614,-2.295634738966986,-0.5540021745914304,3.396808862797405,0.7285500159774654,-2.0988495607708875,-1.701382859225492,-0.3082942597681773,-0.3659123854247416,1.0969389651075232,-0.6576726084976556,-0.37311034227859097,-0.717461642381459,-0.7983852988246759,-1.158840826551825,-0.2829878001334087,-0.6535006419858511,-0.8668472044688772,-0.6394365891565521,1.05
-2.109646879049614,2.874234089721,-2.998991797642255,-0.006129990755821919,-0.28402436666296377,-0.704479750306393,0.17404782214463976,-0.9738699196616217,-1.1642129893474773,-1.0341729414204193,0.5546306136071335,1.084856273707643,-0.668782760568802,0.9133707066291766,-0.19841670127705235,0.9859624246073114,0.8448085229656889,-0.5606152650691543,-0.42576326147308186,-0.06245720859795823,0.34816759859516966,-0.044729410042389166,3.95
-0.07080452464695565,-0.5634711408205841,0.2847379071223036,2.0437310934406034,-1.4049703068832593,1.9887041878030587,-0.3391860722531672,-0.847447152536169,2.456928862472747,1.9024332962601929,0.05706623079063492,-1.6198339631834515,0.7751638759036631,-0.35347244459805094,0.5602393443634974,0.14590388185943354,-0.7154508821643909,0.5297110351338586,-0.06141343512371697,1.1324666928769387,0.8109044400558795,-0.12094141503578618,3.38
7.605439455075352,-0.31914639922329263,-0.3267035649650856,-0.5918325290625374,0.9567550013081605,1.2155387646909717,0.14762142534098144,-0.24141637487334378,-0.8610379677852509,-0.5623282923693425,-1.416750781519449,-1.2312102289271465,0.6718111102875569,0.09227306524566452,0.2227936084201485,-0.4573149627448744,0.6282201222104093,-0.9281365539966988,-0.07144589086132333,0.009360481912183085,-0.9409252715749802,-0.28476031874210517,-0.14
3.0647074407163712,-0.7534740985861409,0.5280077144203026,0.22420834096728443,0.35473483976110204,-0.4643631938492717,-1.5213298172461687,0.36834765045957807,-0.33344202599726946,-1.3524022881262339,-0.45136118949035225,0.4527896474716891,0.4186527047816443,0.386394258083016,-0.4408413706296013,0.13206767208609196,0.3256659978391529,0.13406784839085423,0.14680124146550735,-1.16929046796575,-0.06035101743742777,-0.07598274464592442,1.98
-2.1443857416385024,-3.746052271058405,-0.9950838295556435,2.9917408644866335,0.3856700949966916,0.5177535244765251,-0.3596824207088403,-1.2042131610340494,-1.7625149431915792,-0.6955581968433546,1.9055801917978594,0.10183107052739258,0.20699811425049666,0.11045255574056338,-0.04298341354169723,0.8605603281911681,-0.18064254855351305,0.12971493164520687,-0.5052331402345249,0.24106469295087826,0.3818640699732996,0.23068887818578424,3.27
2.8625408309097313,0.6507158062437899,4.86658477731705,3.4837384309409773,-0.8025651560260073,1.4807160907612475,2.182963464367083,-1.3652448635524728,-0.803425300095021,-0.893874404702643,-0.16441683482256259,1.0415273700206835,0.1091449124727522,0.14930193860687813,1.0277560337298541,-0.477119134120813,-1.2567522695681421,-1.1139867301200823,-0.07314149290732035,0.43773536245080596,-0.004905783393008884,0.2381897828700599,3.34
-0.9199613591201546,-2.2211179365484974,-2.903194684102484,-2.291222494515949,0.6468108394497617,-0.20116558553324781,-2.4913280941514824,-2.352341117068375,-0.05979444168785968,-0.7667857161315488,-0.7494965792073374,0.3324364264294278,0.7821661865767848,0.43139166718590155,0.6608624691176037,0.6937468836163172,0.9313928678735122,-0.35202546223853215,0.09429568886659655,-0.02640088470713148,-2.5836197405133086,-0.20036875854796918,1.0
-2.4628830028223643,2.3832083331763387,-0.6154289022535636,-0.2943778576222446,-2.2555825177064253,-0.8699198276309691,-3.27312477792098,0.018099773517096737,-0.9818151362854438,0.31850421028746373,-1.367252792510929,0.06562381728795876,-1.0065592924387434,-1.9163187437189213,-0.40317474062343517,0.08471820411649925,-0.43933414464967263,0.04931748017196911,0.11673571048867025,-0.10340290714357041,-0.5070969903809579,0.6709184423392707,0.38
2.273999308669136,-3.5283525777578517,1.7726960100819626,-0.926998504478065,-3.5150101454858547,-1.2809118732063534,4.302937247744066,-1.0376909885980874,-2.23818071061869,0.2786257745717067,-1.1017124804483653,-0.2066745216983267,1.3258772868558086,-0.16066282346312163,-0.3443198918162752,-0.9031129446948493,-1.2000338600224396,-0.6325783058697773,0.8009786583333532,0.11262266694134505,-0.6212347638738334,0.3978835757029032,3.81
4.050583427656614,0.6628373688692751,-2.7987327985348993,1.2275102790467018,-2.0594604564539276,-0.2452848299137808,-0.8205273679193603,-1.5518044440573746,0.46333223813499225,0.894075914870728,0.8792233044950333,1.4700160084271223,1.3029658998131461,0.453656917611105,0.4922824441650914,0.4667502089518407,1.512376369355855,-0.7497615298644942,-0.2229359094587124,0.08736958492240986,-0.37218894163435706,0.8329726959984098,3.25
0.4992687971862265,-1.459327041529921,-1.578849843379758,-1.230691287133876,-3.3089859456525295,2.439723085149419,-2.1679030236322494,1.2545176627908183,-0.45038730267719673,-0.007974065186983598,0.13128599734053284,-0.13750234325196956,-1.6938567471733037,0.9555248412085051,0.0369734789045293,-0.1815761132079643,0.9875274529697183,-0.5486593682961323,-0.1383363497032895,0.1044221376445238,0.11634367669502234,-0.4174562681245019,1.06
0.9125056664985108,-4.724700971541083,1.646659382641052,-1.1895183672592067,-0.09747841023956243,1.2468496993485707,1.1725123706309588,0.07790750638420464,-0.40371551665172917,0.5808726316095992,-0.14615135144860483,-0.017835204232821405,-0.1931288050131904,0.8605184706052948,-1.369783166055487,1.094179923497306,0.11237778019177001,1.5102691475271324,-0.7839989845454417,0.4901767578673021,-0.8567764119029543,-0.4329803222193404,2.17
-1.3456190106452193,-1.4071450141889772,-4.620392618914558,2.4442994281654262,-2.6399376081556887,1.3282564684879694,2.3812059094346845,0.9376750908634172,0.7528349170937475,-0.4657236874381367,-1.449457091955061,0.4904466247654731,0.4248637351019443,-0.9978411990107484,0.6634544003978115,-0.8232071023422022,0.2213286974026542,1.199211534874175,1.0016838571081221,-0.11878459352872517,0.11200494182256454,-0.07102352674195105,0.57
-0.7049847726255061,-1.7864657912383923,2.6320659975966336,-1.123591367726305,2.7167783778409818,-0.8117303368740743,-0.08360617609491738,-0.4009356788972674,-1.5814090779560261,-1.476517762504036,0.33122668730292554,0.6684429033748498,-0.2800993352676302,0.7156424604766464,-0.9465475701560744,-0.6294510957185835,0.7871184966607073,-0.5494706167419335,1.0268374883511495,1.1891941522013496,-0.8527982099714946,0.3270379200402019,3.07
1.3276736105147837,2.4514037218675013,0.6474476463140315,0.20343577479288472,-0.4499017023092693,0.12087216034669974,0.6206754602195315,0.6987327034267837,0.0837289663763714,-1.7828473822064386,0.12041667002342435,0.6443565817610268,0.005576308332964537,1.3407181236463404,-0.8057299307654708,0.34172241556714256,-0.051308769728677255,0.5332474840347856,0.7068177286711267,0.688545670666259,-0.6473592934666365,0.7164284342587264,1.48
4.436142519977494,4.242095221076704,1.9985963339116344,1.3211172745636721,-1.0427555208112982,-1.9943946906509282,0.2685072654124025,-1.9559136340800771,-0.3367890568117878,-0.42434523456798795,0.3843770303517651,-0.13077025863881628,-0.9356224631195718,0.03692752339587216,-0.2263490935648631,-0.39657885725126196,-0.08942396579317445,-0.8113818209191446,0.39089136486929643,0.007263848477547222,0.3372799627010166,0.39244266400140004,3.64
3.363480783975357,1.6217505455676389,1.119978312294801,-0.8535718855321983,0.1560730271340906,-2.759987916073404,1.3233843233502804,-0.4257355197755722,0.4762352204021521,-2.158283137083577,-0.2904170482007615,0.421368924042606,-0.5209463811895894,1.8039745208413,0.3980597171783388,0.017174709106547267,0.0783510482453794,1.091601491021277,-0.40528218144894834,0.18387321653937386,-0.9426415139584232,-0.4944736007532839,2.56
0.02480376175661593,-4.40813097782185,0.8006674729026677,-3.622199487193835,0.7631009140041541,-0.13442787308275822,-1.1747756555072923,-0.14737524868017032,0.11526491105290215,-1.7190084498014673,0.031704854431250006,0.9043967973828586,-1.1615260631980744,-0.27920728763393304,0.13618268335277667,-0.19820178924285017,-0.39432672204899055,0.012037934429214565,0.23662952008495614,-0.8349662276764566,0.2293327709898526,-0.3455840759303451,1.52
2.6526306478492,-0.20087809559127856,-2.870352618071755,0.1475057336923606,0.8150782376335725,0.7554469678812563,-1.2779571105895502,0.5567525318169992,1.4714721411449574,1.2771871341336427,0.42257227496283495,1.7296511012393665,0.22140081931222713,-0.04740092152983656,1.154210012119089,-0.08006745897660265,0.8442901766317613,0.24158747876743292,0.9100816000616055,-0.3557891548395415,0.04209761358156393,0.8292293376695069,-0.01
-3.8702922063324072,1.1473495825258508,-2.286213208180683,2.1833360664990566,-1.4015587498804618,0.2868476870863615,-0.04050468019313223,-0.4367053865808779,-0.19687271901520562,-1.1333511281943298,-0.13681089699769566,2.1615907632331965,-1.876500171294591,-0.30919885650637136,0.1101633667838943,-0.22190677658945082,0.3709122971009112,0.7397487638487262,-0.04830835961612479,-0.8630238515729193,0.37795888285264223,0.48501371263826254,2.52
-0.8532743500263544,-1.977482687944895,3.6580403180886996,1.7118727689267594,3.502983124755119,-2.141788376181181,0.2923869549762394,-1.5116739542954647,0.7018332983925487,0.29175100882432464,1.5041332378834809,0.7188437155420944,-0.2775005501595177,-0.8288619702820312,0.298477590703898,-0.7007975428869347,0.10778237331762051,0.311412980468197,-0.5039587054144504,0.17700408455537564,-0.009171810537466192,-0.8493855294020427,3.38
0.12857134370126178,-0.20618928329738856,-6.9119037741198595,-1.1457711004437412,-1.1651161102057586,-0.3861303939353741,1.5130453820863283,-0.2594831577314284,-0.2569035498061599,-0.373546030571195,2.7330332243946587,0.7470992980219617,-0.4033993611884258,-0.21753973606609725,0.3676793988263368,0.8373322425066531,-0.5340976997610649,0.12633798191878765,-0.8828226690959641,-0.8896373987171763,0.795727441607928,-0.5323676847334088,0.56
6.0932033348688215,0.4780918354909461,0.54312507561279,2.627449855477168,1.4299254164620419,0.2192033872229288,0.5068471556457034,-1.8637487843153704,1.2656905053695886,1.3395840357356226,-1.5060552290273193,0.16992692279196814,-0.2593257117370466,1.6865815602354008,1.7682376336632806,-0.24005214073566875,-0.11413718470079759,0.3159623623160933,1.3126053252954213,-0.13218627528025348,0.38654381543962096,-0.09050603448894509,3.1
4.515553400884723,1.640009436502353,-1.0516544382797082,-0.0029415892512122985,2.518125192489251,-0.2817971114020072,-1.8696448979167593,0.09644140946141608,0.11570874729400354,0.7584347465645025,-1.3244135535382477,-0.6029525236281092,1.2812395394204712,-0.1663498808190891,0.25117197144549464,-1.1763674381976044,0.9159660582822452,1.7414403097775597,0.031347198928207545,-0.2379151253333926,0.7389475055163408,0.04899064934902565,-0.62
0.7094823449549397,0.6806782763149393,-3.7510719294748176,-0.9740490674050819,1.5063426795240236,0.6555059810333148,0.2657860712001568,-0.8441306555535867,0.37883031894988883,-1.5463732108994104,0.26883169997677797,0.48771566016873,1.215633376937001,-1.0159617354306472,0.9062316206932556,-0.5510346068900872,0.08894044515824863,0.9505611301599971,-0.8766979507141839,-0.09699049209660082,-0.5049516748546767,0.3005610336435777,0.66
-2.3570158917017308,-0.36095870935834895,-3.753646915983927,0.00947389323709461,1.2405561281715232,1.7990892795238307,0.3114568530040912,0.8794088057982331,-0.6035936051250056,-1.9386133919991984,-0.6112335143940056,-0.22692727209280297,-0.3356758377928818,-0.5664912898729049,0.39106106582560046,-0.8983268682571419,0.9817434105964651,-0.48530665162772996,-0.5715556417032236,-0.22238357619170435,-0.3928827039928631,-0.17772347044799144,1.46
4.207819282256566,-1.5627566537095476,-1.5184804534607879,-3.223794951364302,-0.03268563823229601,-2.665472377501819,-1.4795435186894474,0.11957634352036652,-1.303699652548031,-1.241399010516396,1.5876053096298448,-1.2132507637099428,-0.25429027658308306,-0.282524373413243,1.0751505845655218,0.10938960934382194,0.3537772240259282,0.26619016051218547,0.38760337650231413,1.4326551345870062,0.754226264469114,0.1729596850563721,0.09
4.5414735479399315,1.6182825101987672,2.573692471116538,-1.4682726500580892,1.107292425988826,0.6504472829316604,-1.5408665510817978,0.4472641356881218,0.010017080507964037,-0.8209889942196975,0.4817252865498224,-1.5230564704744687,-0.3755522302830608,-0.15756225326545809,0.0030176141739950684,-0.5688981809202756,-1.0789025682095321,0.7599807304030801,-0.7490050306711064,-0.29218308258626136,-0.05744124921427412,1.186591916202385,2.89
3.187582162292413,0.7522267981141428,-3.5012183507884163,0.22458510904884726,-1.0891261788986126,1.290633650129733,1.2071651230978289,-1.365872391565843,-2.0910598081713925,-0.32020995901998267,0.08977902817776459,0.805754069219355,-2.216719899505072,0.5907338233213258,0.006658042397051231,-0.5939111347233378,0.6481968520571655,-0.1740338329968437,-0.2754282290152599,-0.06252878629315911,0.5125756043064452,-0.96897941617117,0.55
-5.442915695282532,-0.914812511198296,-0.5933309437566823,1.1222005565738626,-0.784726449716582,1.1763977772680625,0.3978365666021663,-0.706208248937141,0.5559290527618564,0.44223279615821476,0.44670526275811384,-0.12339354828706033,-0.4335044488562401,-0.40321142581806224,-0.6307957083346024,-2.0545385989645895,0.09956255435063524,0.1995784304769431,0.7431600104238255,0.8418977707518265,-0.0537921543833836,0.2500902383701789,4.24
-3.3179001556697076,-0.7159965618061903,2.5033660599278087,-1.0231383655976871,0.20832941269774063,-0.26899411706169585,1.0592397731644303,0.043856433336988875,0.29463198983212613,-1.3753582660252321,-0.5110779521303357,-0.10776215527493962,0.14810066842479175,0.7358395169818037,-0.5013679427203109,-0.7771819571196238,0.4666005164022807,-0.571076871545312,-0.7587665458325019,0.8384363131584572,0.38786447233902377,0.4445410038764996,3.07
-3.326470859205573,2.810941701862156,-0.2249764391352209,2.0638773081214885,-1.1688239402871865,0.2801812833150083,-3.818321807991821,0.6660147718997909,0.7499271668761424,-1.398499755931485,0.9090488816620793,-0.05593748684633144,1.2687917657304328,0.27331360480622563,-0.6566017896636273,-0.27346344539543066,0.30419082085460775,0.04467401987593086,0.2535447898056727,0.9399816977728267,0.07687190710125817,-0.20902053385565936,1.08
0.6772646757361016,3.035456088676188,-0.33913832857262544,5.268976668260946,2.226476918672765,1.9099817989485064,1.3179163499111022,-0.08808533312736684,-0.4808656442133473,1.162447814318038,1.0251882776090675,-0.7096792262446808,-0.38458370632428207,-0.7014015143138262,-1.1412329352585076,0.14004377098498547,0.4236817892828428,0.19804335150149846,-0.04481247396682177,0.018681520228463783,-0.02607753108558964,-0.3394870611179758,2.86
-2.82528786392186,-1.4817996790194299,1.505542114386919,2.1140362675560467,-1.5195361499070321,-1.191919202602305,3.835034999496407,1.440575524233758,-0.1275741939999343,1.3256059373657847,0.03425832598977106,-0.7693533248050818,-0.5878879661101928,1.3994766915036612,-0.320301434028197,-0.12321717001111254,0.053019397192658184,-0.8884812706895443,-0.7510092064240662,0.9305710779127698,-0.12397038344956103,0.08302266319553993,4.95
2.0190466283443844,-4.061006480422309,3.475036135645236,-0.6588911863074756,-0.7788638816069242,1.8188003231895544,0.9495238818834962,-0.578118770533653,-0.8113735214181085,-0.18262636404153124,0.01566731491833781,-0.07036938707347892,0.08326145783902364,-1.155635400893365,-0.7131167286091791,0.3496721531232579,0.2847898213190803,-0.11781493847374809,-0.5490160395573616,-0.146511266643021,-1.2617205418065167,0.2942123103709488,3.13
4.281630714689062,-1.4824617515939125,-0.6557303519832567,0.8292182852934993,1.1603741632797717,-2.52926399068076,1.231649945131144,-1.0172608659555584,-0.03923011351219202,0.6260280871822921,-1.8658434777309711,-0.014820577442884252,-0.594902158160776,-2.1588227737541605,-0.7887036017940635,0.18853454984270476,-0.5922749365987895,1.3754747365197797,0.6057206988304341,0.568111273573074,-0.5172030445836329,-1.2170403948151673,-0.16
-8.814723611380058,-0.2094572796655966,-3.732745878962684,-1.308276124149858,1.421605846656721,-0.5700929994766447,0.40857225818469717,-1.3355474117814625,0.3592413612632499,0.7450177918857624,0.8075144931585151,-0.612411902410267,-0.6103670447965747,1.0079111458822338,-0.5396226937940132,-0.08349702392463795,0.7888919268149678,0.6656716208357928,-1.281622397688982,0.7644989531409001,-0.6895795794188001,-0.23948599728443706,3.16
3.595185644354826,-3.328766885257746,0.16574623201332653,0.8047766559837787,-0.8722828311336497,0.5177747914846467,0.3289772977771624,2.314310552153773,-0.8692233762525995,2.276514553124378,0.6472506340187641,-0.6377805355834899,1.7279435704719783,-0.0030948563304352564,-0.2902825125785159,-1.6490085228812195,-0.4731550422616565,0.3550671992944738,-0.6598746937896602,0.40250514766974893,-0.4721067765021073,0.9710548752656237,2.64
-1.1064084054942758,2.5934632458308067,1.567406569268964,-1.2603866907394092,-1.3462516920378107,1.2466438070744272,-0.48223803531796183,0.5647188939029404,1.63532874930633,1.1249191835115058,-2.5095391186653337,-0.26645899843402393,-0.002152001319755175,-0.3210440325077412,-0.009012445346002802,-0.05404886220930726,-0.23396204269807316,-0.03779281161776308,-1.3219080858651016,0.21096041849064887,-0.5694679574476735,-0.04794416084211975,1.46
-0.02822780525156474,-0.622913697339527,2.218194874810508,0.3181869603299835,-3.0721001830629184,-1.550156710969255,0.6321056573707285,1.4776009759563455,-1.3545132801078494,-2.0945211918574964,-1.4454238415026814,-0.6656322919247923,0.4089353214864674,0.17720504273180968,1.5000678221994368,0.45767694335004244,-0.9872292995976933,0.565622096062259,0.2140646161920536,0.3483360289697139,-0.2851178694139433,-0.5771479497566574,0.58
0.6167575420950433,6.849822296129193,2.0944381464006505,-0.6503339861039499,3.3526788859139067,1.5380263825026237,-0.4764277450981293,2.29305063108865,-0.7939367022553444,0.22046082449158394,0.703933683997821,1.0487781514417687,-0.1022326309024533,-0.5442054229288905,0.36155930820384224,0.8108797440307839,-0.1671082357817349,-0.020149727730039604,-0.3227545548489565,-0.05745908201969003,-0.7767739639615914,0.4820173052543956,1.24
0.7504261342830424,-2.6088522599444013,1.2086281829563388,1.3116572877967634,-1.5728853184823892,-0.9022145726425531,3.4985366371346567,-3.135091035759803,-0.6925049146600282,1.0850805676461088,-0.39683106754621156,-1.2399384246428415,-0.15931931696235008,1.6116251039903613,1.7904989245729734,0.35489900781143446,0.7810091921698394,-0.04602162368720779,-0.9706376587211879,0.23239581453161925,0.5638489606808085,0.036907514644227424,5.08
-1.5305867920741334,0.20531271481901012,2.0505253300329955,-0.29615228147360423,-2.7961682661462937,2.317572622423346,3.039795792732484,-1.9070537763599051,-0.565966939996331,-0.597004193481497,1.1931511417465883,-0.29062388111407356,-0.6879184687116361,-0.4389311442017912,-0.5248359174363745,-0.4304490161303061,-0.6774493227907354,-0.11654124747040615,-0.31764803745006,-0.8219134885002053,0.0002773767834243697,0.6477931845307752,5.62
-0.5293184275713769,-2.433643916840694,3.28937181918177,2.4514340072061733,-1.488522036619479,-0.5305347551357942,1.1203230825321786,-0.8684052524531,-1.2712921902296825,-0.29062633529611787,-0.42833179556555107,1.510684197793535,0.17010757489628878,-0.627798629713708,0.22143075495111603,-0.17299417636458378,0.7137473170066152,-0.3486151832214031,0.7358380081851131,-0.06276081725456747,-0.022527451681712517,0.41530191856448945,3.76
0.5521720436073778,0.6468622524936777,6.633844645492189,0.10472443278248855,-4.354030611044085,0.2987058141025886,-2.97045910547099,-0.227529690481535,-0.5373445974505204,0.8821083124376292,-0.17119781683278898,0.7403158641100884,-0.81049047113806,-0.4638228567500572,-0.9523342507391634,1.3332917666808426,0.02723369158303688,0.1518392525220612,1.019433337339468,-0.011211114019504734,-0.6284665273844253,0.9513430270685489,4.9
0.3270999497359844,1.9212874659861627,2.6723314701342953,-1.4976544870468342,-0.9520636431876776,-1.3443482245979972,-0.9690379697216503,1.572731882860938,0.9506747803282958,1.8322802664578917,-1.0909391668148294,0.0737628144202157,0.9037039936261292,-0.0038289134470920437,0.9129643992282528,0.42831286977844485,0.3494614890719097,1.3245613996078942,-1.246359635273103,-0.25104955646839466,-0.5366172505387625,0.06431423640860448,0.9
-3.2006031839536218,-1.1500887888421596,-2.260610656413219,0.36996073128580026,1.9397142503807823,-3.532864514374648,-1.540942878412441,-0.07507658880396897,0.7759397980919771,2.6977722916610456,0.963547049815526,0.8588113677789233,-1.7879711588730745,0.9382096004445549,0.10873229528815741,0.8667258109268713,0.1943017455185807,0.020529975831479474,-0.9623560483252958,0.549317938079454,0.8780224580720659,-0.3323541782060399,1.51
-0.42922647694302674,-1.7268911108269744,0.4580045304815721,-1.0372776323306467,-2.9982527233518073,0.23963667759960813,2.0741280002559623,0.38113585313227627,-0.3652862938207727,0.0526306967377883,-0.2637023667056777,0.8290519644460433,-1.2907051010164035,-0.9158274931274353,0.09556558981164938,0.43250925215889535,-0.0060935970762926745,-0.6157878216981293,-0.23725362110176046,0.09309791301685856,-0.5633579234790617,0.7643060640439715,3.17
2.344711780795589,-4.097113834464058,-4.742643456877205,-3.9374291442259586,-0.31774972992833495,1.242380633564915,0.6469129048989716,0.5702808861564057,0.15684162294684395,-0.7883623000123807,1.2913768785138087,-2.460210248098756,1.0604688495095171,-0.7398667816419137,-0.9126781870267432,-1.197638154579975,0.1298596130535681,0.519205953798571,0.29689587383055394,0.512024283079525,-0.5624312445257025,-1.2202828296368167,-0.07
-2.0965809629644685,2.299988352422772,0.2807631702074607,0.39784612169994193,1.2770288576742208,0.2642219185121599,0.0002047470477102498,2.3218223369698476,-1.722515505718752,0.6587377925232124,-0.5114206986146369,-1.0581247555260127,0.7405932470293702,1.885549978609324,0.1912405150221614,-0.16987579846606926,0.16322134773986965,0.09753131150584346,-0.6780705929867298,0.9762119400330207,-0.16373293433621539,-0.5619098179398743,0.55
-2.0349948373252533,-1.2081775011819704,2.259640140556109,2.900583956223639,5.468051239298888,0.19918527141936773,-0.5324384344835879,-0.9814803232379082,-1.1977335912080016,0.14316850818200708,0.29127093480691096,0.7298888941925236,-1.1110571500959323,-0.18925386527935945,-0.7701651607036953,-1.6019118432590647,1.3497395511502988,1.1005199423835326,0.35358689721190084,0.26086554723103467,0.3191739327741068,1.253332376274177,4.24
0.586067856146686,0.5572084942265727,1.786675275150126,1.6251208601401268,0.2304213261622515,2.4823874599029896,0.9607912962280822,0.9325461803489202,-0.7892503249563247,0.4694967201387613,-0.8755180591555076,-0.6311130530071061,0.03566267260236624,-0.7634446062998156,-0.07957295531426145,1.2574697894521076,0.9760201238208185,1.3327629501173395,1.0189823676541874,-2.0319046715634363,0.27944195997646143,-0.10070237406805126,2.67
-1.0058026454582543,-0.35266036537867274,-2.5183828496438165,-1.0589066462508538,0.04645808025155399,0.3197423346699899,1.379172682284919,-0.7753863393912511,-0.35990657406159793,0.5594644188148695,0.19920668952394213,-0.6194433313368595,-1.5953158476452376,-1.6597931023089627,-1.3472468623659652,-0.11098765068544358,0.5024073332976519,0.17509626496614625,-0.3441917458276721,0.21619334862589357,0.08143340989057876,0.2446199513828646,1.99
3.829287566347497,0.018120763082504966,0.44296022992507156,0.8742941797660134,1.4101193659355509,-4.759459399796077,0.900333296455888,-0.4285739328860506,0.42829358907488735,-0.7239215291414048,-0.16952389844712326,0.8262875961024628,1.5349291648789198,-0.23217738928988457,0.3607841885337482,0.06493503525173223,0.9409718993915173,-0.5474720832129396,-0.23485095008632223,-0.970008471705736,-0.14061774266473526,-0.7820438866564721,1.51
-0.35431101775509105,0.30761628601711266,2.768785854062611,0.42257120536372017,-0.14617140035464762,-1.0931169150598172,-0.16068787667924345,0.5410028140999318,0.011941871647117297,0.6301206059876515,-0.6770505113028892,-0.6638944128654573,-1.585131774741269,0.25033088641495116,-1.8017354080298087,0.07306682939140301,-0.1831450617796083,0.014932939743019137,0.8821226062557583,0.057484143020053065,-0.6276211639786244,-0.30894430378819915,2.55
0.010436619904175371,2.4673466413248883,6.274012427418372,0.30051528615242484,3.0328612286511833,1.3563983578813548,-1.0625927079977244,-1.9560343358073098,1.3303536930961768,0.45444841717925066,-0.33122141197806154,-0.5934087380969023,1.417820811693866,1.6028027538710734,0.012309352079874167,0.5814489045022754,0.4048509897164328,1.1637497668105796,-0.2929463940833123,0.6795767111186628,0.9018010849235808,0.06250393652298254,4.63
-5.208728841581613,1.948849052337761,3.4283246381679606,1.2197219222784463,0.38128344957008015,-1.0933018911121335,0.1755144153483023,1.3559534305680088,0.1324509472115102,0.2224218549725623,-0.8185711265396507,-0.41261032474518133,0.1542530823578524,0.16798693941415618,-1.9566463363930278,-0.7847173859695002,-0.03775443861654433,-0.06832314197042658,-0.0029047586095130203,0.8660396159632673,0.7669895965065036,-0.24593669223119,2.8
0.17829345129264226,-1.376520459048574,-0.6257270686537583,1.6773743647443689,1.7446984213319732,0.5813761544642836,-2.745871520158533,-2.0498824014695036,-4.013365107615893,1.41434732543401,0.04653524809762577,0.3644197492836386,0.5889182701908915,1.8117874857064973,0.22537669477863378,0.4111420600527009,-0.02783919582152226,0.11548097624938122,0.49026213348576037,-0.4125290309614341,0.43298745013562445,-0.21276540786898213,2.45
-1.8153288893955333,4.228214770995388,-3.8709872995425534,-0.5775774318149571,1.870742294251382,1.3488276379201334,-1.1288675058761921,-0.41077585943515443,0.4975642336527631,-0.9992992588615527,0.10442030035480193,2.138590311261081,2.309188446553114,1.2241012813802572,-0.0221987925247416,0.914594496760396,0.5667778539756505,0.7275607134838639,1.3274880586185456,0.07819055433704461,-0.9752062212059088,0.3548941571535636,1.26
-5.568468785055305,-2.0687943030086138,1.7439279244008445,-0.05082522408702486,-1.3471848177198593,-2.7629082135697303,0.44100353369177614,-1.1765469932170418,-0.8770184644301956,1.104786104857842,-0.23901921331755174,-0.11590807676490278,-0.1786792654596313,0.5916104440731513,0.9247829433212579,-0.26457349550498827,-0.37561932531095593,0.14044839610666407,-0.6030822217886992,-0.5771374214630084,0.3248791062844783,0.40260465307492915,3.67
-1.7433950145687394,-0.5385295203325408,-2.607778267284159,-1.870456736389315,1.3159532609240994,-0.16246108793620279,-0.6241975689066735,1.6301165596064253,-0.2916973400268511,0.3595175859169914,-0.8681769605133076,1.743405315670026,0.2244749059578838,-0.8598417242654289,0.3105976643251689,-0.011922789339243716,-0.49611579819708307,-0.873990268696134,0.1481023820257691,0.4543404743528524,0.7270298765225323,0.13157289238802508,0.06
-2.8725483923072157,0.6132673886789022,-0.1787714363276125,0.8136441655057148,1.6429529959668097,0.3491284975042054,2.44718435685513,-1.12540988066499,0.6195113875267904,1.1914433974352712,-0.5703503745516323,0.013823343109589298,-1.426441364068634,-1.1339408851165285,1.2232521091759387,-0.9386378622936761,-0.22999188694444875,-0.04223715791598158,0.36646122575983875,-0.38590170625242354,0.3909733917958713,0.4254338981478743,2.73
4.085130361571609,-3.4917355818997153,2.7098139928734546,2.1903309738518995,1.6404783389024462,0.585436226684104,2.0163938493887494,0.6173983726287574,-0.877079897205821,0.07958284604470303,0.06799904471989528,0.9726679379361284,0.7974396515781533,-0.6139807875048683,-0.2609699962307776,-0.9085648817794196,-0.47452153093439464,0.10056775041360043,0.7654511153455482,0.0190299148336972,0.4028121501914441,0.688284550659329,4.59
0.9401865681360461,-6.19153670103807,-0.0005995605537356132,0.5043247342483042,0.41793432096373645,0.2534095614670908,-1.299166548980915,-1.1160916434469117,0.8920302172512601,-0.6041925956500555,-0.9045044551734687,1.6834133149597073,0.17589946146623717,-1.0260350319808202,0.8075339517359131,0.0033659306277690924,-0.5430228289215222,-0.9851828580805229,-0.23340834155433224,0.8291404921480094,0.9927341295922202,0.6859422007456384,2.66
3.8983681073429275,-2.4968834119506864,1.2906591676524772,-1.280701967883441,-1.4383181813390846,4.6111604764477665,-3.72544941687571,0.05134420486769302,0.6330973495549397,-0.6388866317279783,0.7183852859630901,1.368274765610253,-1.5476075227556865,-1.5912035504961877,-0.11579011411802034,0.08146763621796847,1.1930355321844779,0.29647571362780417,-0.33450522083463097,-0.3758703217686868,0.037939945882205985,-0.8618412874062131,0.69
-3.1270201174535655,-1.2039985589452131,0.6856224497979138,-0.9438328585024749,0.7498768674581479,0.41385270977922733,1.7439856214302458,-0.293680485093835,0.8529001656562628,-2.1161023836943484,0.028539010706380534,1.1539068797261267,0.5008775788776796,0.9458237913115857,0.3436345519972889,0.7064518399488545,0.8604834143123664,0.04084044460289125,-0.7086810472862232,0.0969393814519839,0.34351195447613386,-0.8463246951452341,2.82
-3.087796479869151,-3.0018308038517754,-0.9769518207949028,-0.13690140855020907,0.38171419186319017,-0.9495157715311868,1.0062139940207564,0.512592806041007,1.6600651410141896,-1.566700891322412,-0.8998150345226473,-3.219031061911838,-0.831952504842974,-0.5916497653526143,0.040377873974056795,0.3518535935643868,1.1586740893933292,2.1226583467703772,0.2836027745541232,-0.3522909493433436,-0.535757628463688,0.44004755338623525,2.04
3.851698985544223,-2.75159455774141,1.1508139686708125,1.9476919261582533,1.3628377205965962,2.357292920120504,0.8998109822193149,-0.6387840669283772,-0.40902948805604994,-1.013969993362812,2.381537579404599,1.2403184622381112,-0.1911212195722785,0.29361010934181186,0.3890151959117485,0.19572370434705277,-0.6175669981932421,0.1719895390097542,0.20211295975306537,0.9658277314951209,1.1141540433988588,0.17383483051258808,2.97
-0.9300504374823749,-4.199486086078584,-5.363015766744666,-0.21275237273150865,-1.1460482585168799,0.204198222621911,0.4222031490625509,-3.745387593545126,-0.31695986693529277,-0.22578118939841418,0.834421165079268,-0.07503721804532988,-0.03267130080829733,0.08082688720216366,-0.40193277805383343,-0.17276672755796504,-0.5112323241103437,1.04392846670798,0.5231227060929816,0.8505560828271865,-0.6186231509104128,0.16525804844423908,2.76
6.172234539114653,0.16569866207273937,0.6535394695730753,-4.0861179385574316,0.3224757136288981,1.122720549070379,2.456685363885555,-0.8570877539165683,1.1372438295403478,1.2502441481305173,-1.2430196010982,-0.5524519721396626,1.9032451889404742,0.1544326919898949,-1.9701354304930894,0.24703685057274433,0.8671947337506734,-2.060749660342651,-0.21257487544057674,-0.6205866194371503,-0.0220018106290702,0.6659015246689243,3.33
1.6979651581177195,-5.338419147932507,-5.5969181145768605,0.9526148005890525,1.6047079696856161,-1.4111952453190506,-1.0395375345915023,0.02493004855881559,-1.6758686024727776,-0.9484624722640591,0.15262146222932854,-1.276911544071052,0.15320356782469638,-1.2901431691585548,-0.603548733517021,-0.7823029800632573,1.013005272024809,0.06609664226945267,0.5410918213816074,0.19832417108190858,-1.4078233843587604,-0.26792321968046096,0.16
4.48679977806481,-0.5458051622139959,1.9895106091200832,1.3794129350110333,0.34042591114660875,-1.1509049983300417,-0.5983368175246486,-0.4583395618598667,1.5900709076108874,0.11666413120942329,-0.7571193562478856,0.40917321740288976,0.9812994562287333,0.2613413305812726,-0.4996356141953944,1.0333774355839334,0.45942199279719714,-0.12487077264909122,0.8616000580950696,2.161657049072115,-0.062072424990081365,0.3437667504692807,4.46
1.7832553316497943,-2.4037240302098533,-6.050269513576534,0.8253617076201425,-1.5328390350934584,-1.2424672566651094,0.2572814242796633,-1.1532028325317283,0.6490287309140896,-1.2620496865106867,-1.7341845551361967,0.5761766776112184,-0.4459373716712019,0.9210508795706203,0.7653080704532113,0.6542951655996304,-0.1625905370012241,-0.4930250304066479,1.0880900357852712,0.5326170810906009,0.36630719054029814,0.933207951918184,1.38
0.6826850205624087,-1.912508711500319,2.0328671911205065,2.4211307740933212,-1.4289327992998746,1.9301381755053582,-0.4807910245050362,-0.403560787335667,-0.7380030141843072,1.0916275979241463,0.26288976056194197,0.7028544384453385,0.774120326895096,0.07980067039212929,-2.052603494145641,-1.4217005229178608,0.9377028348103198,0.26631494135333533,-0.0966029844541615,-0.8243123828953148,0.19910342823361607,-0.1643682002022717,2.99
4.544826078813413,7.33876060861795,-0.22310705341827183,-3.5283788907305285,-1.0654177862577352,-0.6326044189311886,2.410720685778118,0.8542328253631153,-0.4920567809930108,-0.1212573800856177,-0.2765245446372339,0.41788141559366626,1.4251535749939839,0.9572379735290208,-0.19616728776799378,0.25389458575814616,0.6154112696061804,-0.23387487108975138,-0.09546077059639899,0.07320545914446433,0.7865950386056328,0.10360822167498261,0.57
6.731525248036393,1.722543892447854,-0.8239551623229839,-0.5540019880837447,0.9750514799560548,-1.9244945711838852,1.6635133198525394,1.0321292089741008,0.8215037029478717,-1.369572709483195,1.1571637521550282,-1.795092247397909,-0.9058824154446183,-0.7784252942049812,-0.6501203289809147,-0.4922410394887235,-0.6490078942099003,0.6735095144835379,-0.7171991299794668,0.17471919189889865,0.5394223373430809,-0.43284958439459337,0.98
-1.5162779345497264,-4.459378928570889,-0.6550208258093311,1.726694456094042,-3.587022568142083,-2.6540005607565402,-1.0076160007729276,-1.0489652361453496,-0.8144239068127187,0.5332804047063804,0.5711988649641315,0.8660663511510831,-0.167102609673755,0.4444823214742668,0.5151743535066601,1.2221998200351851,1.0696842658404568,-0.5258454374202718,0.8427011322066928,-0.5110476509353463,-0.48630981205150875,-0.4596189168185011,2.42
-1.4279286097704347,4.684316496312908,3.753012327530584,2.082321704783301,-0.37389158288943825,0.851831936227612,-0.23460278807732787,0.6012228119067339,-0.49112198671333185,1.7572059227809087,0.18540441390786175,-0.9339995001045577,0.4128379136348901,-0.6173299840930473,0.4102854605155822,-1.6649038802044045,-1.1544316969863166,-0.2667945899442712,-0.49002076989873156,0.43593686124687836,1.3923443665208146,0.08984289410875054,2.41
-1.4999672751407143,2.4609034283357234,2.062414717472286,0.3745257347450804,0.5244874638314682,-0.2520013197245,-0.8707422213450212,-0.09085615234818686,-0.6689409215421193,-2.3296802288617986,-1.231441647783608,0.31129667650507015,0.3145479018165954,-1.636509049375686,-1.4808800032118388,0.7737766392999061,0.5465846130551165,1.6634921529177606,-0.27301344759482865,0.4882287433150824,-0.12386348775526301,-0.47457830116152105,1.34
-3.0190158142555688,0.8566171839376473,-3.7190517620561114,-0.8487365978273265,-2.393740148467751,2.665351310718065,-0.31285211573576344,-1.2103875292477835,0.1439872787733668,-0.4840160598538504,0.3187948877854921,-1.8487887847048345,1.9130257564693334,-0.3520039358762282,0.37300321900380273,0.5460008501899273,0.9095884634171812,-0.16296363939424505,1.694711790105857,-0.4823529411111888,0.8812914680461209,0.13606816466766486,1.39
6.439721633465669,-3.5726842713857963,0.6037161384671923,-0.10218247218155103,0.10929559571746413,0.42370571274122276,-1.6205706113749756,0.5597709301443173,-1.2786735440965096,1.504948215615065,-0.08060664564812989,1.0148554449980982,0.7054692851422997,-2.0113239282641353,0.6368444041835403,1.3945413899440817,1.4560235967572033,-1.2310101040393333,0.24707200202622565,-0.6247522100625342,0.2692357345997434,0.3909604479415256,0.08
-2.238548138509921,-0.6443153571699828,2.158356316909853,0.33453795946789433,1.7806790234332233,0.11054877400725664,1.0331417155146403,-1.6825856092390772,1.0641310889484752,-1.2201060217544462,0.07781319193886073,0.6578894661701178,-2.33180326083479,-0.8433859102964368,-0.5870808579595217,-0.13437671731369036,-0.1972538113079962,-0.31395964981721325,0.5904949355289097,0.07086625247296288,-0.020492619637162666,0.2590965395732403,4.81
-2.846751324435671,-4.360425097164321,4.424872702041434,-0.24441254440663154,-1.067823963204834,-1.2217908178269519,1.9944430529275086,0.5500363230275831,0.4256881468312772,-0.9896147535316415,-1.3704709484013993,-0.23469624747563408,0.9799460392757686,0.9260262177105989,-1.0842295601944663,1.0229155361791984,0.4072023704608599,0.10471895614668016,-0.9434436495763857,0.39904442338812884,-0.1326062870813927,0.5648710988548548,5.78
0.038407574199515446,-1.3717861026895224,-3.806523166990065,-1.8112220126499805,0.40187599540787794,0.6848899457481302,-1.1386162002271032,-0.9036792631137528,0.5401771751596377,0.22739877854813217,-0.00013254518046575315,2.1458567033240534,-0.3395419488012805,-0.12463675936284893,0.8677693423200453,-1.0010339233642707,0.2861884661527425,0.009036467735543693,0.03957775319056788,-0.12921772121870131,0.2937333475064403,-0.6950254357978667,-0.83
-1.167132135446548,2.0948125676056053,3.46482461900078,-1.2355493481956932,1.4600527478312795,-3.5557129782079464,-1.9419475391290144,1.6122505397891815,-0.38791617120311617,-0.11385606632809107,1.0282191203068622,-0.8293876851276875,-0.8300033512473951,0.4530499272854231,1.4873382952177283,-1.1326193058818403,-0.20411005581913297,0.7385589321653423,0.24846276223303673,0.6453020145630619,0.5898623866726852,-1.3469682220490662,0.8
1.1349682102559164,2.6514002713869083,-2.8591583381397943,0.5562773910069094,-3.5884369167291537,1.195434343612776,1.2151198729746338,-0.9559714548839502,0.28612335326902005,-2.6248446569285577,-0.022870817814820917,1.120644146262732,-2.001529898309848,0.11060750221098435,1.2562957895801568,0.9180131623649614,0.5032073133917466,0.873177344128104,0.5646037434829493,1.2672203124914334,-1.5073200017697161,0.027191585282796766,1.44
-4.236731691575053,1.3276222027800386,0.347836503110505,0.2113720051712375,3.079059694516814,1.5346447749565009,1.394696843850854,-0.43443627798690637,-0.6930774621807231,-0.30053884449522067,-2.0005908568822233,-0.08773215828602847,1.947213395070112,-1.0078582375680207,0.30974143016739414,0.42225236921018783,-0.4409129638059889,0.36519838813357297,0.42248616024421437,0.20631379187781557,0.4336610492212424,0.32951124903580586,1.56
0.9987548553682903,-3.874474263235082,-2.5485003676187974,1.9576395755049913,-0.5215568465341628,2.0254869629223093,-1.4466447156196147,0.4608611821714681,-1.3453170256700129,-0.6723756558501406,-0.81046617557984,-0.4807572168869364,-1.3467127048132868,0.40941197395867795,0.1801776462729089,-0.17751088229755577,0.4136684521256413,0.788592299828763,0.2814747365674641,-0.3882417842709263,-0.21842195918802987,-1.1065366081628278,-0.01
4.212233118683195,0.34786547764160364,0.2212960330827677,3.1620257783628523,-0.38134706288824227,4.064768868447063,2.310242321874105,-0.15447676315893571,-1.4833988603279027,0.6845161197493534,0.4273263298932052,1.851614046082036,-2.6299520033396875,-2.151428213266755,-0.7909858481384313,0.06805749099930908,-0.36871662738963035,0.8533322887294597,0.2512328326034515,0.34211221894561245,-0.39825578926735733,0.16228479694307107,2.79
-2.5847538834209,2.9921553523504785,2.747408213789325,-0.36054132839619696,-0.9164607217447933,-0.4977840524962287,1.3334537087137113,-0.768622621392098,-1.7533237876136825,-0.16615658996244823,0.2797552836164457,-0.281326292275662,0.28312269171050075,-0.23079232815406966,-0.7886163786597712,1.066769782267411,-0.34793432268363556,-1.3456903377257534,-0.5466570867195101,0.909151870741638,0.699746879204329,-0.09814558151287946,3.08
-0.1278462994901831,-4.3883052672634255,0.40349918469903023,0.6587800652387922,-2.6206577339828243,0.8381059935820248,-0.9147332717143536,0.019265563530337763,-1.1023943331871502,-0.7155784802710564,-0.3653259547314387,-2.0548161926717468,-0.49922014129924025,-1.7962017744286387,-0.8310363169331265,-0.11819848511667275,-0.03421385886673544,-0.6417970567052592,0.9142236188602729,0.14188551238536448,0.15953024328574694,-0.22540159630744805,1.25
0.7100625479295009,7.176666490639844,-2.0580824072553017,-0.381086513483727,-1.9973454798838597,0.03974580486323106,-0.28498144373743983,0.9703013739764952,0.7756667379614499,0.30805888276169624,2.9275436327711084,-0.10701699963919775,-1.679409079907182,0.04608904663599275,0.628087012527724,0.43541626945417117,-0.37785530655721067,1.0131464737786606,-0.3110632674440296,-0.1673443291515123,-0.602328781540086,0.37271372007580544,1.2
-2.5992994806385483,-0.5066322249112734,-0.4729373151762826,-0.3560177122298579,-4.608882054461693,1.8043198587241522,-0.003333652698463693,-1.2623856768354067,0.8170840244515276,-0.8154576378493943,0.28790092079894714,-0.04885599055694327,0.10468856986493834,1.5511414488104693,0.620166742923269,-1.4434868127490996,0.6111836166981143,-0.44732217824420767,0.6176294989751125,-0.1814779033354367,-0.3761932340463741,1.007751545578009,3.27
2.4804661510484456,-0.12002009718313174,3.538055147505348,-2.2479578236832607,-0.6440092495734756,-1.5821531611744484,-1.7140114432201712,-0.7899616125926665,-0.5212273974060412,-0.23043638840827443,-0.2101026133753904,-1.3082261771579844,0.992286743656153,-0.7085196898018721,0.4996980789556281,0.09007102340024979,0.006446919020408376,-1.112856715090202,-0.1453669539162615,-0.010458553152783184,-1.4374316459669092,0.06298005688525021,0.82
1.752055258857283,-1.825147033955282,-4.601390454850296,-2.605492526762286,4.366069546823593,-5.658182225226833,-3.335911014614966,0.7828923663684091,1.6095600819534353,-0.6498001160099294,0.25061292521422307,1.026305621389207,-1.4090771941053966,-0.6853593729837345,0.04184399284850977,-0.20393589405398874,-0.6669351955379336,-0.6259728109460592,-0.9665049580747865,-0.506694967450326,1.6385702006978138,-0.20808097522053776,-1.02
-5.422554112471133,-1.8849982805214813,-0.9703660088742242,-0.8470645429539164,-0.016305605581183984,-0.02591946366944221,3.0365532614769912,-0.3590729257928932,-0.619200460154159,-0.8414935622622713,-0.06500373780520308,0.36103109398442773,0.8567358369327039,0.20645596231405905,-0.91695550051638,-0.048385964834287525,-0.18766159272601302,1.9376932295085483,-0.5085260803085805,0.2799542224652718,-0.38032651944136847,0.15197767549000077,3.17
-2.2210234091018015,6.571724550998977,-1.7073521493228208,1.3612919923890725,-0.7388360966215877,0.19385912904358243,-1.719456558764163,0.16630130084125158,0.8062265961612614,-0.129851124579222,-0.360856030997293,-0.8574973679406555,0.3457991673434841,0.08273829636663252,-0.14385590907055312,0.925138510862447,-0.4434136780906314,-0.17572715401801223,-0.4822406984833821,0.3680605722434553,0.028472310077782375,-0.5576149506224033,0.84
4.627859698366278,-0.2436499473192943,-3.062279070695932,-1.7643332735155581,2.2999225691150493,-1.4767123544625118,-0.6015323035171203,0.6451506966105341,1.0689174393952265,-0.07443190512534294,0.630426700335848,-0.36125833827151715,-0.46806256501464255,-0.18603748249981997,0.6658324348015212,-0.8374857064429098,-0.7188189522587805,-0.06377377701185458,-0.8741439001253506,1.5027332924623777,0.628606939548554,-0.6275241305724031,0.09
-2.248741568734143,-3.1688823602805587,1.3247688874640464,0.6658107001902992,-0.5756230362214604,0.8204281679904059,0.17056921801644614,-0.7103868770775295,0.04698177972048924,-0.7619635659513346,0.10040566890931255,0.42922635489526517,0.8127106704659888,0.2803542479154818,-0.3302801039875797,1.3548062444177587,-0.6280841323940138,-0.22896466675072674,-0.23369697039643228,0.04073198685829164,0.8032441394885748,0.057507907555889505,4.12
-0.5221221492534777,-5.66537502538053,-2.9952394450663267,1.0009101564987357,4.765313466452448,-2.6970731208537573,0.9502683548028606,-1.435610817978456,-0.5139117255117802,-1.4688147801664815,-0.4039624804436674,1.4105321351946574,-0.28233931728928235,0.5692569823640478,-0.31379294035925975,1.9322303254881887,0.1796006643467943,0.7268810917758661,-0.6667082049824782,-0.2306642823989891,-0.27569659957063836,0.9230974061194132,3.45
-1.4423342153233278,-3.9833043977821947,2.110484260130225,2.7410987752952995,1.8596466660355229,1.689265477101883,-0.9891897222211078,-0.22792359016353936,0.488994654248806,1.7102707543943734,0.5755850856230167,0.8094868105896009,-0.4625895575512438,0.943379435903961,0.5670107621070231,-0.2646056616553062,-0.6684038437283529,0.5590828176491149,0.4526399603482398,-0.011181659270838473,-0.42755874907666164,0.30613425799108007,4.05
-6.290941572692991,6.424018121557335,2.5194696594202464,1.1931910805644501,0.68010197087919,-0.7230778301055982,1.3097706562034794,-0.4261745565347975,-0.7650684483116763,-0.8456784487999892,-0.14524297929272467,1.4214010990455244,-0.669246633621072,-0.659106943807516,0.6336633454493359,-0.04909660876446923,0.49941242854706347,-0.15032942613912068,0.07214703788584931,0.14550940095689688,-0.6763037651552262,-0.3146662452664461,2.41
-4.25824231416914,-1.1040239591626175,4.748036744185985,1.5009203696406213,-1.9956825958846505,-0.14422721081100723,-4.928796371971984,-2.0799483576681115,0.5097112197260997,0.9288095691249847,-0.37574009329959257,-0.0989183300515045,-0.49186458069196065,0.8323179716088479,-0.46720249135484127,0.3884000919470047,0.6811039294088507,-0.32634630460970543,-0.11781051648559691,-0.5925438224750417,0.05448497222017231,0.8739716106799268,6.63
-1.836792771427331,0.12999175868748636,-4.130647772416385,-2.8656584542835626,-0.7297665166380225,0.782616822406073,-1.4772019648714179,0.36764303154505334,-0.09150476436603332,1.2951959041966756,-1.3849685356454762,1.4178549282064357,-0.13499060553814693,0.16567349079517932,1.8231360851099827,-0.2651029955646349,0.19368584710310988,0.15651973122342164,-0.037184776361229244,0.40506596261823286,0.6695106006813978,0.1694012321808465,0.02
0.6107382661363286,2.4301714458608896,0.42860998371853826,-1.2756286230028007,1.2864456526313945,0.4427810642262829,0.8760204830245453,-0.2189234032059546,-2.060666061378678,-3.3007289253953664,-0.6820986488537053,-0.4575613688053045,0.0435400627055324,0.49543779804760074,0.2265700201865191,-0.0355437432128881,0.22927529037068242,-0.607185252049787,-0.31934236907326663,-0.2860068480669673,0.6299830927922873,0.38066573628791717,1.34
-1.7992320127965056,-2.8469719359661236,0.4459924704030854,4.784915537650785,3.1528303847295764,0.5895917920505583,0.19699341630938996,-0.48262727012995216,-1.6162767775369253,-0.4503407078290519,0.003720243947837233,-1.4256964089648614,-0.11747269525320783,0.9502048031533349,-0.19941162449202288,-0.26370880770201316,-0.021612635749616534,0.6755847391607676,0.8866092459174034,0.8482284770265685,0.3910057053222672,0.14727561369346898,1.93
0.053595454858908986,0.7731376626333372,4.709486234029304,-1.3640426946909556,-0.9277392119170618,-0.4504282873389962,-1.8408274108104317,-0.7089352291331265,-0.9567277373759655,0.7264702564493953,-0.6376385955619167,-0.3245228266419756,0.4633684642170698,0.259073387306596,-0.18401641096692772,0.9493360973241489,0.0034940721636650034,-0.8075867072836977,-0.13397183739079388,0.6314837022058064,-0.05889817280700592,-0.28314939864805516,2.65
-3.9665130988642905,2.123011214724237,-2.4159671836985837,-2.3022656213731323,-0.849578141668338,0.13816255972660726,1.146921084716914,1.978373734515239,-0.7392294040312581,1.8141640407571678,-0.24377581637147863,1.8931253198631293,0.11449077053943364,-0.7671773356874034,-0.7240497110874404,-0.0403673632630943,-0.49480337786540046,-0.2081043500511204,-0.8736006816527521,-0.38258416601875683,-0.36701373515255026,-0.21318451433623006,0.15
2.0155545341783707,-0.0967457286634331,-2.7337272896182547,0.8362727659731273,0.9363213500290481,1.4945334945777635,-1.4236670576716823,0.5263461716966282,0.9289924080865362,-1.0476831173277101,0.009012240467674865,0.12414714912810164,-0.3418490262959323,-0.8070605859815247,-0.6260496177099041,0.3681580284867846,0.4169540338578769,0.24242783303721566,-0.24264320739206502,-0.459517763730358,0.1309397198189869,1.3299496707241971,1.95
5.825547008887287,-1.9433463357143825,4.354388962207908,-2.1158909765565848,-1.4606264693186597,-0.2610144768195359,-0.7535760119920348,-1.2057575150613673,0.4197467942126222,-1.409847583316444,2.3154382387029715,-0.04899409988570415,2.615793381366607,-1.749420231384981,1.0182596155767851,-0.14400493448695806,1.1116142976392265,-0.9186624643467657,-0.48655815739827113,1.4873558930231066,0.046425081699070433,-1.0378692271015406,1.73
-0.42203025424877555,3.523703344598192,0.7124107383112314,-1.473055660112616,3.1374084150115964,0.8475567331669746,-0.77283144516407,0.8186696867549651,-1.671383993022606,-0.3857816044506996,-0.37081834821163445,0.9640395565823736,-0.926403184592659,1.0897205640147765,1.0408669570200173,1.5495266527656424,-0.235539910375898,0.3753034195148946,0.7060190918253803,0.610547179961319,-0.8303615170227695,0.338673313116369,0.91
-2.264508966468811,-0.34923409281407775,-0.7288961622988345,0.7079228421554491,2.9268762775177413,1.4707578302160886,-0.41558566012945014,-0.9357502101480389,1.4861639249745298,-2.0913291884361467,-0.6030938817289659,-0.23949283789625395,1.026593721234986,0.05545285859330695,0.1974006549839116,0.18360026583214528,0.4560699706603485,-1.5953002471931421,1.0363868927756172,-0.31688886909415775,0.14990213469522262,-0.004165108691473941,1.94
-0.6472297261659018,2.464987547192696,-0.849390909505798,2.1303520173414965,1.0494354508341723,0.7539697906891997,0.03243692183050884,0.9399651968906059,2.547861461062233,-0.46607110888988973,1.1605675927435355,-1.3159940037936373,-0.26009742914980133,-0.7122321493315802,-0.21728325640676396,-0.011343365928870334,1.1160131896367882,0.9052697603733091,0.22224334536975013,0.04849327325455904,0.35903308256498545,-0.5089859571467031,1.44
3.836213479493771,6.5540946667553674,0.24019044060581704,1.8923196030790925,-0.29674665275544004,-0.3695552856493547,-1.552706083339698,0.5974935619629927,2.0646727615076865,1.3052329815928858,1.8502240518116857,0.028109761519173198,0.3919451300963931,0.06677336543090921,-1.1116252467465293,-0.4022266811444524,0.6832681435480656,1.3419398482376188,-0.6844639171393682,0.2554657497836203,-0.2519815058872963,0.32323575969294155,2.42
-1.932339060686866,0.11284661674645606,3.24970351303057,2.7659132133415105,2.165304651164282,-3.082263496456158,-3.4890971470765653,-3.57465353305804,-0.6428364757331392,-0.6195522689394697,0.8440693215055473,0.6701178241942258,-1.386125254220229,1.108437656536619,-1.3255452578967348,-0.27540711121335565,-0.02999230088829531,0.1378808351724408,0.4295460995996489,0.8047948222784025,-1.35658525383879,-0.3152845249019992,3.36
0.7054030934781726,-0.08968348431569623,1.7467000213228743,1.1138228135776203,-0.8928502780796743,-3.5590563607996293,0.35684730798758163,0.3144476194569842,-0.9302022483398993,-0.6189487010455648,0.5901278127238876,-0.12950020446865187,-1.580374766648047,-2.1008190102432143,-0.929123356759133,-0.3742515364001953,0.09308314193303491,-1.086674299765008,0.8569453615979137,-0.25928258728732634,-1.0231382210470201,-0.047118057585637994,2.12
2.2867518559349684,-2.5794038900968754,-2.901433516822317,2.5876049960121668,1.223512700626777,-0.5588239405103833,-0.04852955996172728,4.030166696067776,0.4973360859642239,0.6678968405813096,0.2758104590130566,1.5510246616643737,1.650262220684498,-0.893185513543289,0.6751821979875496,-0.5411554791908625,0.6264291732835179,-0.655294854979562,-0.3149290765463139,0.779747352504758,-0.11975129905411269,0.9225264295010654,0.83
-1.7639197811916034,-0.2474120687110954,3.6282101814638836,-0.08130649489513657,0.8719764486618318,0.8401491181982098,0.10989618885076277,1.0981680839497259,1.4131099179817674,-0.7029834218910328,-1.747782138855156,0.7397870695880527,-0.26189562129066474,-0.9718501669066858,-0.7749978124287504,0.15699887855236874,-0.05915487913129108,-0.5828258412449936,-0.2432346285962384,-0.3489311541634571,0.6421804425711037,-0.6185293212201349,1.49
0.8740363074294902,-2.864253880333083,-1.921715964652339,-0.15537312588498153,0.5741533869707047,3.294482475083854,-0.9645223263410665,0.09321042645715277,-0.7429967644972146,-0.5518939431565009,2.4171656058647604,-0.27000394188924765,1.3000103324882002,1.1400404563512847,-0.5024890384404506,1.1900161510629015,-0.978320694485292,0.40511202251583384,0.6904260555744453,-0.3363349582422342,0.4686407734497071,0.5725909205147686,3.94
7.231310210245937,2.236608102371146,2.655620947270715,-0.2770723365504507,-0.2535343824378952,-0.3682330771868022,-0.18744781575010466,2.160229644937047,-0.2522446538261482,-0.4629925841719606,-0.26610708768284763,-0.11582520059731549,-0.6850522559808488,-1.3912656959201262,0.661090235113383,0.28913610925157524,-2.06419678656099,1.1489991430854132,0.3090494324022369,0.6451026448037969,-0.9772692559579389,0.4155215048679537,-0.1
-2.5101596908246937,6.887069409500103,1.8376346031639057,0.6633673184451255,2.0323658428229816,0.5339453085599113,-2.891065190047558,0.45926756261476465,-0.5391320607476,0.25822183003181437,1.4541860052373619,0.5458524468766909,1.2776937905051344,-0.04563774492864469,-0.5255429604019572,0.3218251801832686,-0.45856997981175496,0.4265759681386143,-0.9177020100082449,0.47394292035977675,-0.37131284627041006,-0.27335217646670745,0.78
-3.908143182178878,0.9145434080957238,-1.316010347010015,3.911991601073033,0.19732455036079888,1.2241067937735637,0.44528525662841006,-2.5534184074813573,-0.5898921525896386,3.2124367556603044,1.630013727545911,0.4492432084263336,-0.03941534511649379,-0.2810564951488509,2.0929928237505777,0.5610325154795145,-0.8413011654873839,-0.8158311259972794,-1.2780843847857866,0.34537124636365857,0.03577834939515803,-0.12337927057690823,3.86
-1.5461320148401456,-2.3348372176069776,-1.5139713596840003,1.9235647776400715,0.7770860295353323,0.2917121849702839,-1.5701577563046212,0.3992798162173718,1.1513283647712738,-1.251806574722801,1.2546665155430672,0.120962289654241,1.3223930715743437,-0.6666777453456639,-0.4182832092675189,0.837421516864628,0.048490988124334375,-0.7558439630811783,0.008752240881384508,0.3272847378306382,0.5975979974525018,-0.9945276809031147,1.57
-2.537485932132773,-2.429748122199197,-3.5411578669113486,0.6777974765785001,-2.7672442054479887,-3.6937082225215834,-0.7625206294859193,-0.2591571809673397,0.0683562302132069,-0.4226372913404347,1.369923951221055,0.6234974667352019,-0.11582910433927358,-0.44603804946641423,2.0039863733894863,0.8637776160519482,-0.16621054046925357,-0.06335798458455683,-0.2599188325399718,1.3509788251434292,0.8626251095466778,0.14267769784277895,1.53
-4.1987636639432395,3.8098309253029687,0.6420700462750234,4.059126138494505,0.5556061090105102,1.094850684936408,-2.576354911602971,-1.7149975042988137,1.067088591637828,1.6304781909681811,1.5617113619664325,-0.26597535937390915,-0.17266427174649174,0.617607127283827,0.5342652356936816,0.5223609173742828,-1.8640071806853904,-0.10915276432772926,-0.30213460999869074,-0.09660689492363615,-0.15675691655649845,-0.3891914176810593,3.7
0.4394226532392528,-1.4593703584375277,-2.441696326102772,0.29605768308651237,-3.7687771774024323,-0.09777161525664099,-0.3884114877309055,0.33392252957139407,-0.22295141639237945,-1.5097415191400831,1.123509577405951,1.4797853162765549,0.38320521832650883,0.6872195979010741,0.45048407732596324,-0.13369072843990415,0.3195212920506361,-0.48404691382491877,0.26283361695477164,0.7173660036046274,-0.0995637093450778,1.344357313067065,1.97
0.22797679894316908,3.876110664082509,4.814286712746733,2.8829870062661307,1.2920137503085354,-1.258572179351224,0.985704822125749,-3.5353098962852907,-0.22154707749059085,-0.39705166531972597,0.724291799050973,-2.383636764437191,-0.4043025525595003,0.7567464418246409,-0.18588246916023438,-0.002878890614979558,0.276553697293332,-1.2987758171372676,-0.23001277248936752,-0.5678594081163867,-0.9536879308442942,0.053925324119109906,6.14
4.5964235842534595,1.5280853850841805,-2.988239971311311,-1.763935637330353,-2.343180020960622,2.3191843716621454,0.33641475659355435,0.8152471213271063,-0.1522297349284903,-0.9251482155674915,2.375858590756592,0.6525731805434714,0.5750559285100292,0.20984339525541587,0.8288330904154927,0.5797721923791334,-0.5232454963301375,-0.5232715014067967,-0.5316727676909964,-0.14701487358671414,0.42163848032788687,0.8502588550779977,2.27
-0.40419507766463697,-1.5171620591024964,3.718061894129391,-3.6951195658085294,2.4816232046966658,-1.0377280869943182,1.3341942946978784,0.662369777212274,2.443599785821629,0.13307378924249622,-0.37543426804237906,-1.7987313601624413,-0.7195222187861314,-0.9849110053932195,2.03989875604997,0.6029267189505102,-0.010137707105407465,0.027055035827481363,0.7414550312617907,0.5163150424614932,-0.6561114698272084,0.030940609211348686,2.99
-0.20832101015115362,2.5727256693676415,-0.8205264897915188,1.6335999758940678,-2.2984410788012437,-1.8173265238062326,1.636243211095667,0.1468641363446249,-0.18454390576111246,-0.1626984643935616,-1.5038834451741312,0.6838481956210023,-0.711858533480423,0.0992495325430342,-2.5916059763664654,0.14021071201694982,0.3283531968710857,0.24973173343932,0.9901667668135493,-0.07064775897844289,-1.064513972090431,-0.5640793667793689,1.72
-1.1981958260607235,-2.6233886730619544,-1.1809645491667213,2.7582560368789735,0.23679520086522732,-1.7672793468445298,1.0368369126124153,-0.04527939870453523,0.7184431556074634,-1.9113767478587789,-0.05935662950553418,1.3216720874500514,-0.17306540280657487,-1.0237806528409543,-0.6592707042300664,0.6955977218375354,0.8337796275145677,-0.22195570828704822,-0.05760010242040651,-0.34554725896748045,0.3497552083930982,0.36723979030679405,4.67
-0.5765793109801702,2.406540696730902,-3.3481006508936617,2.4895773628810516,1.695961538225812,2.858047692331156,-1.3205104197815116,0.49314408389284403,-0.5254316636579007,1.8965817606396616,-0.5452720417355775,0.14238213689230672,0.6021759681146097,-0.3727431944947062,-1.1345695472200654,-1.3984887810916813,0.6465289189871931,0.8316936082697716,-0.19351563381952003,0.3752584721936194,-1.4386328888757125,0.2420023880726661,0.82
-4.780713108550052,2.3780616181504883,-1.0024251533641055,-0.5887925789437652,-1.7578816605407566,2.127036116136259,-2.3509224110888884,0.5394240159586615,0.3039776293560823,0.2622943137875873,0.536191616356089,0.02182902588312607,-1.5148648679411834,-0.3091119693638971,0.05561102280594817,1.1721604586849454,0.21134794990634204,0.010460111046501363,-0.2035828453850053,-0.10885484107286114,0.8577559918142224,0.84861758412077,2.87
-2.338145573147253,0.7864604036314895,1.3540016392544734,-0.5902514609749184,-1.821013220517158,-0.1229506489938894,0.27864991812526924,1.3926495742336333,0.07643257933461213,-0.9007339593683488,1.6982952329949792,-0.2571611912344801,-1.357377375898797,1.3783659530975825,0.91729121370253,-1.5284043781912655,0.27751367531634286,0.18915946572799938,0.06997989711561159,0.5925544003705557,-0.08510831934845389,-0.3047868191592975,2.29
2.824615062534379,-2.121154686111613,-3.4224142438269305,0.23049814605792682,0.09887138851453574,-0.2907664570404553,1.2871044741980813,0.5704984496875156,-0.023474943115976615,-2.931637575311706,0.708802946141291,-1.1241934747297493,1.7216762516507815,-0.48538352685322445,-0.48326091934928167,-0.3889492724578623,-0.041288515107085554,0.37942406987287147,-0.14447902930495807,-0.33053041565652697,0.6166473711739664,0.9053176994021543,2.3
0.7636410431738512,4.308262651689893,-2.4889002362797066,0.9257778962064187,-0.5080139905975649,2.5070473558398256,0.14314323008019825,1.6934957527889003,-0.17427861477684636,1.0209316712993173,0.5725390094726645,0.22900459597558123,-0.9507622937205442,-0.20022872446584233,0.02472584764517311,-0.29695850077974184,-0.6957148722609594,-0.2773007933753864,-0.6538797236693044,0.7949645724535921,0.4949655573914668,-0.28955232171878903,-0.57
-1.4479829209165243,0.20409271888561736,-2.3693180439747556,2.4777541529264884,-0.5452964795280751,-0.47442142288657585,-3.609571744349924,-1.5592076453224937,0.15365410253318423,0.13796366692339032,-1.8247857681120758,0.2739188198855464,-0.8047201392510903,1.2420400040624988,1.7000772943310019,-0.759566216038602,-0.007282444773377673,-0.7100617124794798,-0.7478270143124466,-0.44792647431664995,-1.097572027218418,-0.4447493266493396,0.54
2.535818942090585,-0.9583983491590274,-0.5804985324405992,1.0455819479516713,-0.032642681298940074,2.72503058789018,1.9225323720175977,0.355054163965921,-0.829116442303201,1.08321662008831,-2.732037520831056,1.2127207799661728,-2.4578095307867223,-0.29536045334975813,-1.1501810584958536,0.32150735964911653,0.5818219144883564,-1.6160760693726968,-0.042486347808241606,0.3098262499898565,0.33886617067381064,-0.15267345533595328,0.71
-5.73664069124669,-1.0057531950027765,2.6622284025641045,3.4089050806478363,3.3906996402480973,-0.047282148585164205,0.10414964210909436,3.7856209692325544,-0.1005523275293777,-0.16434818549737304,2.0492558110762484,-0.0297108415513434,0.24778902982064183,1.1135520622230712,-0.6183080546785428,0.16463283321518624,0.253751379512885,-0.490730861411113,-0.006060145487792947,0.8596756744990064,0.742696933092063,-0.15826253152784658,4.3
-2.360473969409696,-4.940669514833006,-1.1970178497561783,-2.661046754141932,2.3648357257799026,1.4945271160043077,-0.5396039145908157,-0.35245681383335503,0.028488592938571467,-0.27187851408032454,0.8145923842735612,0.9514975399914005,0.3845158375432409,-1.747724185556948,-0.3846088974195318,-0.6329624001427352,0.22790138546539895,-0.19302482946681013,0.14244744637469106,-0.020180354260624207,0.545899511785417,0.37805799070352736,1.92
-1.5149025076999325,-1.5036546835981395,-1.6985712873974448,0.5182320980475007,-2.8568691415154754,1.3463832374876672,0.9624941483099715,-0.2792625989216504,0.1251296172667064,0.8504013281915123,-0.8979370484915596,1.2337957492814111,0.9924750825090798,-0.7297689174895292,-0.94954690241011,-0.0143448767962354,-0.96791637628922,-0.1109476951763552,0.2786168752663773,-0.10428567130379954,-0.7237410944611125,0.28529550679937526,1.21
-2.37151138078218,2.9717593662539215,-1.4176289226743448,1.3343781809388078,-1.839974819068229,-2.821054026752332,-0.8550403800743411,-0.38794298169854,-0.9522141580170536,-0.4505291669859408,-2.2749837371406323,0.7854720758720564,-1.6126748344358517,-0.2617702319851551,0.24693291974521547,1.1253495633640827,-0.5132551474624907,-0.34306411019429006,0.17637116044735202,0.5834479538577696,0.8113793561995384,-0.05590815210090339,-0.34
-3.057690971321639,-1.4341683398519032,2.461139194770352,2.1996632569844157,-2.325031959304437,-0.2345769463357445,-0.07742354484757033,-0.18544466079072186,-1.2562170051963653,-1.302365282695269,-0.13404792426014997,-0.7020206142576697,-0.6745853090671614,0.2923205432832538,-0.6230268643750899,0.7767661115931743,-0.3284721025045772,-0.07967932064171605,-0.3599218140690934,0.2785940389778433,-0.46780421256163573,-0.20276803495329068,3.64
-2.295168799962811,3.5468078668278893,0.669454148112381,0.504926026323437,-2.247043993355768,-2.4812881277364194,1.94992974753798,-0.31126405194257684,-0.4784976134937144,-0.21217486529490404,-1.1968586992338888,1.4602682951469252,1.8212447607370077,0.5315484248322312,0.5182740187072479,-0.3795546214273724,1.15166883042751,-0.43941802529960927,-0.00906410704552802,-0.40500114376315577,-0.1725178243361626,0.13507052019889607,2.31
1.4296080105027271,-1.565306215803865,-2.974736432901843,-0.22226616803540003,-0.4304835580114952,2.3542878883481673,0.34551818438717036,1.9254434445881403,-0.00840968043331816,1.229244236547742,0.3264422107182688,-0.1659870058019612,-1.0534566648097687,-0.01906497471592677,0.44785147085041754,0.14177778758285028,-1.108968994103368,-0.8025932506996283,0.2935004913775332,0.17433900806879854,0.18076371080969644,-0.34017413604941704,0.57
-5.4165691432795775,1.982431287193724,1.085008542847999,-2.4696130547407624,-2.0953137588747244,2.416726075690346,1.7753760093811188,-0.19209461014327717,-0.213962444586603,0.8097787999439949,-2.677004687480874,0.6493411748655313,0.840480876740515,-0.7352878215816844,0.13026717342034363,-0.29747996850860053,0.9172852980991028,-0.4259893587386501,-0.765397529507603,-0.1039916649682429,0.4231301087683705,-0.8822124243726406,1.24
1.0371926274633867,-2.343364262378103,-3.1515216505231725,-2.3877735110709533,0.6092054512461162,0.2776583717629428,2.637981924139552,-2.7373724056222897,-0.23407118597283125,-0.7143021290528722,0.44758916329517096,0.07733801210407028,-0.5796036973107268,1.4665436875959268,-0.07194338327264899,0.6461863688887002,0.1266009972488812,-0.2331434364529397,-1.2742103060390257,0.534592982380298,-0.21342077083585984,-0.3509331216703273,2.24
-6.465519404884449,1.37828230933123,2.009516415087557,-2.8071250161763297,-0.13552643010553905,-0.7460272421294878,0.2399421848245801,0.35681023730118466,-0.40188421841290123,-0.16903611895864962,-0.8259283220003684,-0.5865487183976003,-0.6554406081464912,0.6535973219191956,-0.03256864092522614,0.7788861707327241,-1.2430214102269972,-0.24704652607959568,-0.36162939664909505,0.09826251899809849,-0.30545588078003155,0.20404622429554992,2.88
1.4000322432770562,-2.9176588656045586,5.672135082765857,1.6986268099289463,1.9211713636292604,-1.263123088905547,1.2671121691553622,-2.6311871137916234,1.7704687813521207,-0.2067483901863641,-1.3503375209557946,-0.8340564569840475,-0.8339262203618639,1.2494088530059688,-0.460385940212462,-0.1983639989035339,-1.371540438941459,1.1955115668278276,0.47668260470645474,0.04743840223481176,-0.3484591546654885,0.5389771809683462,6.61
-4.751434002570421,2.8504481658097105,3.3923951915875157,2.6570061057846255,2.881947896816098,0.49468468020438483,-1.5572131114567487,-1.7064410322918706,-1.0658611726158873,0.9397259758237296,0.08201783862473257,-0.36497176325030356,0.5948849745714468,-1.0091965423970801,1.0119965017198114,0.1906218653876286,-0.27233779482894954,-0.6654410787395019,0.22027925350162908,0.689327313868071,0.4882896799961451,-0.48526914183574926,1.66
4.741848117536259,-1.3389559651878926,5.8846665987406155,1.3692309159993419,-2.534245640998189,-3.3160493995110647,0.4961247028793498,3.6013006630385425,-2.4121645642883083,-1.3167549786358432,-1.2610589808963137,-0.921985136966072,-0.3079576292632435,-0.37164177357915185,-0.7076457848602977,0.5316145014033341,-1.0175778996155391,-0.4598601023969189,1.0337452981446091,0.8146086191379677,0.2371248284104881,0.599303218187278,2.64
1.786365430133101,-1.7041378264956617,-2.305483657853176,-0.20816327590912306,-1.4155698055680095,0.477523670598136,-1.143412390396421,-2.412544371210423,-1.00995739982066,0.22444722939371045,0.2997777510096784,-0.3643001149594822,-1.298329289475562,-0.2496630897382273,0.654604854578804,0.9826069058072606,0.7980875797553361,-0.6537123249645183,0.36571439948341455,-0.19184253174218718,0.8048378794435714,0.6468222473809783,3.58
-1.087768126556765,3.6530373121552127,0.24694453162958682,-0.4618559901096675,0.1173238906970368,1.1531025921874678,1.0838940171313238,1.6519070016831143,0.5452997708813391,-1.5318228480156728,-0.08973172965630247,1.4036888584515403,-2.184256713331397,0.21718123808485465,-2.8111656311926763,0.19439553014164407,-1.101226561866326,-1.1023156691206724,-0.6283970807572957,-0.701887744926069,-0.38565587059804646,-0.6001218049715688,2.12
2.6608231024086475,1.363132032208866,-1.6569529953541595,-5.915117826638829,2.8554903540524856,1.0540897330415493,-3.2634885821977955,1.4377305238886773,-0.4521265753432587,0.5765064027142686,-0.39013463350938615,-0.2438538373694865,-0.744949579629448,2.3054996253771067,-1.346339551528545,1.2704871497743802,0.9317475293163784,-0.29795536642954856,0.6708146129918987,-0.11803049852244142,-0.6180639071370688,-0.1278481615391362,-0.25
-4.474362511964342,4.750135222331037,-1.8158679611635067,-0.3929050014365014,-1.000860129246131,0.6341527582692977,0.4719480848826746,0.43751304753677434,-0.7259068207229242,0.7595978572653892,-0.5704194808788655,-1.4648500337100319,0.5139012083006368,-0.5779568279452156,-1.6352699448119523,-0.7216697964568193,-0.11974823808181277,-1.285350483811794,0.6206073536966614,0.9338107384781699,-0.01011638507147361,-0.5864782278003492,0.96
0.8216838065574155,1.3660874791631803,2.126563969414575,-0.33591546250558385,-0.1870253554856175,1.302697574982006,0.32736784115541984,1.140966308075186,0.40942529670210176,1.5643422717778663,0.6432624614928472,-0.8891463773835998,-0.10025847310301807,0.4081621326771842,-0.5124355610706496,-0.7132171337910863,0.6410959038075426,0.006475076691931976,-1.0676817065800528,0.23206755565583037,-0.06236645740102222,0.6094757829884662,2.65
-0.2781831261695034,1.0848850664448584,1.488574731290942,0.2364362788588104,2.875644818650736,1.1416331669624409,0.3035666500204812,1.0366341113650326,3.4616408954296722,-0.371486391117337,0.914641849272061,0.025455272220290426,-1.0621436388353132,0.709944283115578,0.4767626012769124,0.2767420326217193,1.1056470237678204,0.5937882985209176,-0.4856850148529706,-0.5255011238689263,0.2786657754354925,0.4541701525953938,3.63
8.621681864507059,-2.045096556543907,-6.102628920376675,2.9610462684557786,-3.21324264215526,0.17641401489821482,-0.7462154308345472,0.5982749773637939,-0.9137660454774652,0.053780494053717494,-0.5281324382285582,0.5168115104307826,0.14758853085674042,0.6818635799259201,-1.3460474535897116,-0.8791969317185873,0.6571180727036817,-0.7513493578536413,-0.7633680099283554,1.2335196796033432,-0.03589148506847911,-0.252986747109574,1.02
-4.775467792945331,-2.905779145661087,3.087801738404613,3.3162615010592655,-4.151411807796084,0.21308139712407828,2.4874309725732533,-0.10699456890740139,0.7262640541009928,-0.9930646717713631,0.3992807886700067,-1.7493323595883021,1.5306842316353813,-2.672997810062594,-1.7026831168497825,0.7708621950267976,0.03823878897520465,1.4083736985076014,0.5293016031824744,-0.9315706664442942,0.5403471434006585,0.587875797351399,6.09
-4.177069659697705,-1.4404980849040139,0.018138562778117838,-2.89640074705358,1.5962149854730434,-0.782922782151286,0.8262487685117788,-0.5584892340300871,1.0572102036829856,1.529168834966513,1.0635140224371844,0.11772330014419485,-0.08240520649801238,0.3156374281362856,0.6322267954096668,-0.6945074825391164,-0.17070326031078878,0.5160353955647419,1.8223650603322252,0.5098573472277081,-0.21010955057884215,-0.4854987576652817,3.02
1.970383280637309,-1.9713151630397547,-0.10497404786899495,-1.5441559389934314,2.795809063768078,2.5749231090183806,-0.04233111026056735,0.8783218682342095,1.1548507708007179,0.5288733778221072,-1.5143141327230898,0.6955451741286849,-0.839358293422378,0.5099632969938678,-1.0541620948210824,0.042104203628143294,-0.7518060779325474,-0.44235509481392626,0.022051111865654654,-1.1871441686460036,0.7132127519715072,0.6578834068373481,2.57
-0.5605182184108566,-4.03928609280302,-1.8671714238467185,0.7274676908415887,2.406680120782607,-0.11353888572956683,-1.0667512607688048,0.8716046431621479,-1.6406507963305956,-0.4318751546914252,1.2651801767466992,0.8145196914940869,-0.4876074689220283,0.10988758659965633,-0.3347207305842608,0.8906291855693262,0.34945499381402534,-0.5836363803435625,-0.1987432877766089,-0.21488932104010708,-1.171370317458711,-0.8969678143514112,0.25
3.863408798937237,1.6500923471154045,0.7573742370476728,-2.5754353860860437,1.632884810121648,0.12886850897032237,-2.06703870596134,1.1892125482587719,-1.1009726040371444,-2.030761547213206,-0.06571117744144407,-0.6923961963229187,0.8686760707267852,-0.778706565523834,-0.4022297160688439,0.0893518045995782,0.23141908296798006,1.451662022108866,0.582749436443883,0.07690908544239143,0.27987121054282577,0.5098129709726944,0.5
2.5984401503446732,0.2501414383735006,-4.046754177250748,-2.1046663683823033,0.7701354851069233,-2.512375412377159,-2.4815037058059195,-1.6599158529108837,-1.9475488573054023,0.35371588643221574,-0.026483425510670004,-2.1423511554002723,0.09048125499380258,0.7888833697338832,1.3142361977244557,-0.8167428837074578,1.167278795927704,-0.11191461703600736,-0.045917604596505776,-1.3464099140693186,0.4742967603952601,0.6814420961952774,0.39
-3.7495719852844305,1.2596561815463694,-1.3456259958786916,0.5101682782422821,1.3544833066811088,-1.3460530090599032,0.9858282981247997,0.32347795921634,0.24750374033686187,1.1854591563761847,1.683809192536109,1.048959556762795,-0.9182536980931874,-0.30692589859816816,-0.1409525795873999,0.47095390167629564,0.4283102898455098,0.9980942726596732,0.6293035327605685,-0.4597614898127256,-0.5467573130876658,-0.33138923127296954,2.83
6.922718645426728,-2.0337492368667593,-1.0560405056685784,-0.14173134092313064,3.148604454504765,0.7645238312001866,-1.937720744512142,0.40614878210622835,-0.3857466352416721,0.4609600876733094,-0.5183893659041238,0.5273241380630322,0.41040375963686426,1.2749921711361598,0.7826749830999429,0.698461046732639,-0.556854147505236,-0.7982525100644445,-0.24252840533372655,0.35978539762224243,-0.359609380941102,0.15321969350363593,0.9
4.862012278022468,2.5326758841403767,-0.505178092850465,-2.0793753955026957,-2.4718377621528447,1.2407134047645358,-0.5976436060630756,0.08430223177262029,-0.5574920011147446,-0.800869568084479,-1.9036299919483377,-1.7556784815601216,1.4027434274973578,0.15052479660514478,0.6168284126891299,-0.011780423893814507,0.6655146619373529,0.8508053640981735,0.31559721667048674,0.20677264395426967,-0.5274752385638458,-0.7150637334637051,0.08
1.2994866642690386,0.14122706840910362,-0.19888829023253105,2.311055747118522,-0.5017127469686942,1.9229175169685606,0.6751856110447547,-0.08921901622464334,2.0094880103703683,1.7166966606425142,0.9787859408643452,2.0588588600340354,-1.5321391113670522,1.0969811674206253,1.4769340591586626,0.5398482889641498,-0.6600731590629121,-0.3771078418702583,1.5942027343851741,-0.6194753857548742,0.16341622637064313,0.3590656705064406,2.92
1.3681630522812136,2.5032446419438825,4.851630331229765,-1.505754794389981,-3.499813089285256,2.5683628641435545,1.4376278830425713,-0.38997034215992515,1.1550602705787985,0.3026146301813513,-0.7226305320382584,0.6121417876404573,-0.41818988645510397,0.24511730764766254,-1.079956339380755,0.42299164502383585,0.6064460366060876,-0.6811722276669946,-0.34920820245838,-0.03987115779044177,-0.32576972543538346,0.38571655191791265,3.74
0.5308043804332997,-4.906354051949682,-1.0530053114414761,2.3962312139004256,-0.18373605341565558,0.6862255221035874,0.1499292577703027,0.7875721876402019,-0.8903988326897823,1.8541571186127255,0.012694846828059141,-1.5084351302180325,-0.9399975293462476,0.4245618393742422,-2.0495197775939777,-0.787389821834596,-5.3476476892437054e-05,-0.37787321239249483,-0.43873825534592353,-0.15169538295289345,-0.5649169284490185,0.21684568490967213,4.13
5.121347108200118,-5.711994193777788,3.2442073998251146,-2.768788116248983,0.2697686567057128,-1.4688729514069718,-2.6323454781855546,-0.31053669473977447,-1.9546419474742798,-0.44276882961384934,1.054017864212144,-0.5984878251738944,-1.778128416974537,1.5110806997198574,0.5647310969118022,-0.3899209339939045,-0.07929300161875656,0.4526492976276545,0.3995176236625887,0.7853411741480658,0.6588013785503385,0.05909584493843936,1.97
-2.0351759139243435,0.16466448563768132,-0.9470003924468714,4.21788712121657,1.7529838433140161,0.03536444646048811,2.1392145471177604,0.7298788493210915,1.3598999260826627,-1.1392871781616276,1.788743684152116,0.31724729127055684,-0.7563060247449028,1.0148891582604052,1.7959061093839546,0.4431743724338133,-0.7348084832019959,-0.873947545935295,-0.6696850333442512,-0.4581850945849353,-0.9016860643393323,-0.10497481897028378,4.04
1.6503388781248,-2.5346826659264057,-0.3061671839813078,1.3800783710058155,-1.5900651958298648,0.4172576232092106,-1.248073417770476,-0.9556752186496441,1.251309725886326,-0.029347500639506408,-1.453103664461761,0.151884050801539,-0.3004898243623099,-0.5894192058892486,-0.18642933347568577,0.45728385000259586,0.00881063769318642,-0.3635474809556034,0.1386889719517987,-0.6895492368952111,0.38526583030951167,0.44179398898501643,3.85
-1.0623521447289925,0.6924654867930883,-1.752121214361803,-1.2120501068285314,-0.8989893194089159,2.153894838521951,3.690027951011993,0.5653732491341323,0.44484047360404294,-0.5138876511183067,1.3010325014940896,-0.3399170445632959,-0.05528914305909264,-0.38854475306155967,-0.4349704496668238,-1.9503434493663343,0.2867551503816996,-0.06703939034875744,1.7590844918285404,0.28814980482630764,0.06622993710624134,-0.2932351833170001,2.12
2.989982563947648,2.924215136669023,0.6119806350957921,0.20838340770241118,0.9072781577099542,-0.1644807185239258,2.772420756395174,1.8510925190774192,0.18016267928262372,1.0062979495087863,1.2679347195213442,-0.5593200987942776,1.4282351272893672,-0.7112064868847038,0.07948168950503146,-1.0463386449990304,0.6569841395679624,0.8884358716054289,0.4381679292066378,-0.10595963148965731,0.09307377271326844,0.6678553606785554,2.73
-3.2648350798855987,2.044759442345615,1.7634241080943913,0.9709349154916282,-0.02509560496320541,-0.24976154426040958,0.5637751747074947,1.610815594655214,0.10568273364380523,0.29454259378415576,-2.5229989037632974,-1.503571387404976,-0.018652570564447583,0.5758513960830739,-0.08939949258865314,-0.886970539488146,-0.515093608822946,-0.6655787048247934,0.12604922599722185,0.9105787830023037,0.34247424662682957,-0.8188117699152222,1.52
2.2732077962843498,-1.9982142937817835,-0.22874647522101563,0.7175527808681191,1.6244925787441202,2.4618229001344765,2.6337849498125174,0.7710284963571633,-0.640440714572859,-0.20923304379855365,-1.769425836373519,-0.8347306791557274,-0.5799787146627481,1.468235512943155,-0.2808506583389377,-1.7075682373771626,0.46123485381024004,0.32844295242863186,0.4934566116514412,-1.7137472386516241,-0.5668517820079442,0.11045712413910522,3.11
4.0614083243268295,4.724325392005708,-1.14211626225199,-2.6838534582756863,-0.7498413635920321,1.6166596097750503,1.0029901768700642,0.5255970574341352,1.045845131970839,-0.40223642620930616,0.5413128652079721,-2.848860699658333,1.4380428490695985,0.13873793345339233,0.6967011925742524,-0.8569759598241931,-0.014550655137290569,-0.05310538029392088,0.5843387353691709,0.5709936989023543,0.20796956188790705,0.050953634381010075,0.05
0.6118355099812622,-0.4553757927526139,1.3993855855631456,1.8892712145017152,1.7767471848110254,2.1313565327285144,2.8235283670789943,1.4431859028478282,-0.47287560141061025,1.0497248143671818,0.392128601249202,-0.20304780702928643,-1.9145976041531978,-1.4454563506042348,-0.6357208714315619,-0.4382619347242863,-1.2133825760696688,1.2950811681076402,-0.5672807128668603,0.7740943016169328,-0.4183979533502362,1.1501045027453602,4.05
-1.5003301934987596,1.3593033031301853,0.9143805144378887,-1.2603161045338314,1.717974231927179,1.2467791214416724,-1.8567491138812502,-1.3833222788371564,-0.6654119038981875,-0.5848548237330021,-0.25150409377086086,0.08184112674036205,1.4581440176734917,-0.13839076680393556,1.060331731089886,1.0345064646582993,-0.07591795182433435,-0.5996210038663271,0.6336676156210801,-0.9127396804836505,-1.0307834913084362,0.2766143470435071,2.32
3.6574688863181484,-0.07363198602280552,0.1274847727746904,-1.3332128610337766,0.4332065225393223,1.717996322969631,0.3554016539189437,-0.07124708664125107,-1.1035044686438513,-0.5776685146055189,1.3743606586397903,-1.003331772162361,0.8265268689372299,2.462107066022241,0.060416040631861546,0.4263013635326609,-1.4004925309461196,-1.511701863786642,0.9687454592807923,0.3391745219680143,0.032603160393715455,-0.5231522986647057,2.73
-2.6785099250629085,4.127029202827433,-2.342818786034623,1.9972212757297338,4.341328639354219,-1.5605400776900713,-1.46790183237219,0.03549420187608562,-1.6322462161530327,-0.6277653877763019,-1.1624090019784459,-0.3376984142335066,0.871662212535853,1.1441238954682669,-1.2750715238437609,0.9918905943123092,1.1539028962334075,0.3938864116820083,-0.26430186161626923,-0.1651215406550102,-0.712474277179515,-0.5061720340554987,0.43
0.2675167000450721,-0.05281169538363602,2.2785869337671785,-2.3695907568708754,-2.317445573546193,1.4448461093484315,0.14051769047964577,-0.10687043512567898,1.5029914888513423,-0.28549123356294487,0.17248186442781632,0.2058803279166364,-0.6270842753865946,-0.5873153968204878,1.651818241142122,-0.4910295708740394,0.12189818455972513,-0.49602180560676196,2.121969567995519,0.7044002490365833,0.5296533401264486,0.00041568456174379903,2.13
-3.4944315779357824,-4.991463698036933,1.5030029654343506,0.6721924925761864,0.6596392655934843,0.19248800259517723,0.5311995504969369,1.1323117986875484,1.8349943867315455,-0.3549719907336389,1.095829906327594,-0.7833480435172705,1.003396891399486,1.1208752417932724,0.8174656109834973,0.7382304641965566,1.128840804850881,-1.178748023000608,-0.5922808615389216,0.3006536739277691,-0.5143936784795751,0.7354683319138041,4.44
-4.729196555661786,2.0608125340506755,3.962930033792129,1.5160332837180421,2.853547559385152,0.921879048406917,1.160134217621815,1.0348806851874341,0.9863134767865879,0.3613642033918918,-0.9016124338278448,0.20659182180676897,0.7387047298340038,-0.407208262763537,0.7266969578730086,-0.568768106831819,-0.24536094128012279,-0.12291515344633804,-1.2870502558473875,0.02144995341676347,-1.309139562815139,-0.33055257779508473,2.56
10.10480122104004,-0.5669225673876843,0.09460707969716026,0.307039576133857,-3.3665106554066684,0.5558629653258448,1.0593442708720275,-3.210942141682265,-0.42246010550382546,-2.4607597915641604,-0.7888974692973729,1.2628757688500887,0.8102929454156508,0.047800660797064236,-0.17355137720744723,-0.003726835285496246,0.2147143626359961,-0.4724644700181826,-0.6900543571325738,0.04330531450238795,-0.511091574176816,-0.13790321553273624,1.86
1.710433461896653,0.9249848659448052,0.19155577356765935,-0.6187712104719413,0.5616488042864529,1.3742728671397624,3.450766531213801,1.0213825876046274,-1.0326690463552815,-0.30105658776343086,0.7904904233464626,-0.7912680022714157,-0.14577586604514883,-0.2908697644647457,-0.3734777680900372,-0.4145223348423171,-0.6099010482839194,-0.7043294097626182,-0.8368426792424378,-0.39410499122211,-0.04840935377791721,0.34034151597172035,2.23
2.6558299439320483,-1.7858759142395455,-1.4710453832180335,1.7538112083981776,-0.09015319605199883,0.40488307172269017,-0.135601550436167,-0.35300498593140206,0.1954948449153683,0.9830894992748069,0.2911484790558937,0.09575186144666109,0.2542218308940496,-0.8292262707465148,0.17818735240906788,0.2791400101787126,-0.5824818019668215,-0.09878206320007141,-0.5446765605766176,-0.29265801670149016,-0.9528313747388738,-0.11606491785502798,-0.32
2.236074145772638,-1.5407039825382345,1.8064566005991634,0.3849710853732573,0.7129183596213289,1.3598633853448925,1.253819149229593,-0.783771407715621,0.3007694142274092,-0.6244048143254824,-0.6209809228114956,0.0571369979403914,0.842241198859078,-0.09724252980435215,-0.09571508634114877,1.584288181815757,0.07937000655646725,-0.2528344147333939,-0.35941440134862296,-0.18020666313701175,0.5004586414072819,0.049399132750223555,3.89
1.522853978725392,-0.7144134590240917,0.990972647817334,-4.873381388164976,0.016618324197656444,-1.1586286745866399,0.18048041385349953,-1.8362965180518518,-2.179768956368603,-0.08697562269880288,0.993381975730699,0.6367545876176427,1.0839019613778,0.06719647050478048,-0.9288328789826522,0.2353482739784712,0.46733047738236877,-2.010857577128623,-1.0283140312246268,1.3560086874335089,-0.19853978076644033,-0.7666181923821797,1.76
-3.3971316659285766,-0.09217108194979722,-1.403676081701626,1.4197438850828699,-1.282277408378608,3.3067341251543403,-1.738199990384246,1.6120210161237876,2.0456949728621834,0.357625540746463,0.49595777729859397,-0.5722926141525019,-1.856421676810551,0.8682955251851573,-0.12615865059639178,-0.7034460681206166,-0.302212762823622,-0.1440390679678289,-0.33806721543867435,-0.31677107262953197,0.7783900785205049,-0.5738585888291453,2.05
-3.3254218436525957,-4.454353624640522,0.6647864025760744,0.3327307707325225,-0.6635640863326373,1.1439283181063618,-0.9083692407674773,0.560637457211466,-0.8044466639448552,-0.509974993144111,-0.2247149370561709,-0.6666378478581827,0.16422025310088575,0.5535667214874405,1.2965380428329636,-0.07415032108665782,0.011923401092305564,0.3191007300143176,-0.8549941073925531,-0.8639316364223983,-0.1817650766672216,-0.8269086823476461,2.52
1.6314700326425264,-2.0178568196133595,1.657585664568048,2.656261437856322,-3.4810139619462688,-1.1522125896897764,-1.14192484679951,0.7683868170668541,-0.2701034758931441,0.6870677099504554,-1.0573650323210617,0.9011550591427254,2.4262499749468023,-0.4722527702038792,0.1758471152272521,-0.3429846076571485,1.351663216257386,1.093886891471741,-0.27513949871392845,-0.13404886066306307,0.21839590096229347,0.04591804332311428,1.91
-7.2102203775489695,0.8298087621235298,-0.1640268545862883,-1.98006423115694,-0.257855270491501,-2.628877478810474,1.0532515717791038,-0.49869433215986736,-0.5491923126247101,-1.5950291147127522,-1.2180141024887698,-0.07717668910193716,0.4962989418154286,-0.4514989583806272,-0.11193867896360077,-1.1530194633903876,-1.4427249943991076,0.5995217776335867,-0.39638114401335384,0.8396643569756241,0.4161434767882521,-0.10155498138218708,1.3
-0.8028004062079171,1.2767428241939733,-3.128874562831978,-2.30701454063792,-0.07793990516742373,-0.7517079552540431,-1.2399292195347449,-0.11784538540579095,-1.8258999083553615,2.3013750143003424,-0.10178930065976212,0.41588497010968467,0.0011455804320503202,-0.24013121878112428,-1.766548710926313,0.9026059903850092,0.37440087765525837,-0.616092785904948,1.1322987272950722,0.5654242382762917,-0.2989665401264716,-0.7301764912160994,0.03
1.5671834949210146,-2.4994537046708034,-0.08743917810493311,2.403651868933456,-0.14108258957698921,1.0830708231994075,-1.432912863360325,0.2971108280192034,-2.2359728929902296,0.07175199336456337,-1.248659084773308,1.0375762176305008,-0.19202641284929842,-2.052230166472754,0.5657803978634276,0.6643780738349636,-1.753953498377697,1.490800376384971,0.03995020434923054,0.3850632820986103,-0.565322165236936,0.39118687309444705,0.06
2.955094081969574,3.039594802793854,1.8247832052051327,1.4150471546976677,-1.870513023732684,-0.20223289145849174,1.4544622644908658,-0.7202489065354715,1.9389693140560476,-0.34191342962718596,1.0629513504210513,-0.5233697792417072,-0.43715268897704523,-0.2752091199622643,1.0337109548595487,0.343616333432881,0.47836267045955,0.10573415133355318,-0.2508055380868345,-0.34019448806657704,0.6079285329184468,-0.2535783537935055,2.78
2.059440914571558,1.31958794496941,0.8273132605830149,1.5438938853636779,2.6181874480959055,-0.23059027902539744,0.38629761469568846,2.372460138727108,-1.7291962672133048,0.4771388197993135,-0.4368545545827426,-1.7785451906665914,-0.46757740370434414,0.05042606325006261,0.34244765236770836,-0.2735661677430629,1.2925315038152771,0.8091599928741211,0.027256585526876403,0.2934820674643841,0.35816351048792705,0.4901567548426323,0.69
-3.3614763225278685,-2.5356887294534753,-3.587049756163914,-1.290662469939717,0.8476112851384711,-1.3550520339765435,-2.1298308713945757,0.17254034247596428,0.2348200422412499,0.33959959265543327,-0.5081181254885209,-0.4992964977592008,-1.4383723339765162,-0.7868409383759285,0.8471154295124902,0.8634969983853107,-0.12005089062955539,-0.26871646433549945,0.9182474551468124,-0.21328408877986027,-0.14113725368139174,-0.44032100025630083,-1.32
0.2653047850234165,-2.5785041608722454,-1.255935081646666,-0.1606612396082477,-0.6476438914227225,1.032484002249532,-2.133845405257275,0.6880924448314663,-0.20663845622814203,-2.0831423194330307,-1.0736977368338276,1.0652582346700552,0.24506815425699208,-0.10418697975789264,0.1246626601675919,-0.26381120117773305,0.3769445050051833,0.6860466342546796,0.6854718229674235,-0.3630000902002292,-0.34724195994341206,0.2247244836589416,1.2
3.3818307812276993,-0.7537873081485058,2.4886174469858284,-1.8444046101768208,0.04112835988923149,0.4201512342308252,-0.9871247715196141,0.6108168625039507,0.18461261584459887,-0.5818838586875805,2.152750136703376,1.2139271224894477,0.6199991691264625,-0.8360788377737032,1.3758368712036468,0.7825154464130373,0.9445787457715253,0.5789805007466283,0.8729577863340795,0.13626569678422662,-0.07025568628987833,-1.4308709595629863,0.41
-3.573794050792553,-1.133270276934826,1.2912337849090005,-0.8827587591145417,-1.813379363089946,1.780422566350077,-0.4873362326960388,1.0375178952875792,1.237148189779368,1.404438842903109,2.2766215615600824,1.6049074056836272,0.03479403096030731,-0.9019811200948309,0.19242132970663806,-0.2584429207682394,-0.019183779472593285,-0.7744667469785613,-1.3706869680978988,-0.49381023940745195,0.7442707872566054,0.894090354514024,3.81
0.09898191657466905,-0.6518303732567015,-2.726157539955488,-3.088373768625618,-0.6965113006533391,1.0621467184805644,-1.0112386682436814,-0.07949629075873502,2.0051046083072035,2.4217243946880678,-0.8538621332533273,-1.1578559067966583,-0.5018397389703929,1.0604936248888912,-0.9088454574130022,-1.0534304722725987,0.12857113559190658,1.066837984220083,-1.8122420282698126,-0.43417056532623777,0.20393795102422282,0.5100821673349739,3.07
-5.8504885349365905,0.38294688748248695,2.561441502143297,3.4291452131030873,0.5132126378466682,2.319673641560178,2.507418849556996,0.06945738641322041,-0.14890311959033456,1.5490927740288614,-0.45595062052718016,-1.2418949852189733,-0.28493254538718893,0.23541319403586689,0.8682329944875817,0.34722054510813183,-0.6908401279539956,-0.8959883701056086,0.4454035152287571,0.6651069699561712,-0.23681967257643746,-0.28313043120893205,4.12
-1.7897786267052342,-3.1790050966533,-3.289359338220195,-0.3150109197094232,0.07413624351132858,2.8137084174247478,2.2637695288205126,1.4723999695783236,-3.1789323947294643,-0.9438619901722337,0.46951532402663404,0.550267807722133,-0.7578863490387897,0.42557565705165457,-0.34974225738615206,-0.25694726834396786,-0.30040929545023337,-0.8701461113869767,-0.19220578522586623,-0.49746076127667505,0.5655796471103937,-0.6391164148368917,0.61
-0.9152949736563876,2.6944501780158903,2.0661029165288762,1.6564485418448622,-1.1927843760831665,-4.687426182670469,-0.9057389444611376,0.9463054112490414,2.5450867306118323,1.620026539216869,0.6615477456206158,0.669802204377712,-0.3063102067538033,-1.3077540705226398,-1.392168009461743,-0.8373632383488758,1.0657806730206807,0.5098718289272933,0.16052056341495285,0.04176083748548104,0.3239762893903422,0.31477735016181385,3.02
0.14971634836378037,-1.1269757630207518,-1.7315689975156336,0.011435953255340772,0.46556412438927747,0.4963666137914608,-1.549601132801525,0.5204750534596876,1.321770881975936,-0.14882917695653655,1.5067458456653933,-0.2874747883978504,-0.1922537970788126,0.36300729161818823,-0.27542141578680895,-0.5466058607281185,0.32786307522733055,-0.4279320108212837,-0.4553175332743167,-0.26847581320240876,-0.2599655208178273,-0.40202176041600934,0.99
0.25900994373577635,4.263681357905519,1.199144982202289,-2.5865699705338265,1.6796259166631011,-0.26541295974651397,-1.6340979490296055,0.18355005155415258,0.23150650577345822,0.7173707340734937,-0.24152264621709427,1.088286566385714,-0.17223325799854008,-0.524798419517182,0.6869061477153403,-0.35285548440569153,-0.5305650568450642,-0.6517505204752796,-1.0427308248209815,-0.04973199387234947,0.5261221684300624,-0.8223269777597411,0.1
-2.1005561039445477,-3.239762303959322,-1.909976080941415,-0.5624271412260975,0.38416134569920757,2.2384837702928535,-1.362324195860646,1.8350224759490927,-0.2624095250216999,0.6769008623835299,2.3741253216950033,-0.4904223130835443,-0.7224370129041353,-0.46121339972255615,-0.6504048755932559,1.2772119753859135,-0.44880747527646425,-1.5076243002059608,-0.0480958682934849,-1.5034114072542308,-0.19320363544543034,-0.3812185573242556,1.86
-2.3500000875186324,2.226448289269798,3.813076299292492,-2.9588571249203692,-1.5639363157696595,4.02511971820103,-2.40002096360154,-0.3922356535783692,1.8660791252278133,1.0241060720100448,0.6087581076540957,1.0937733721753773,1.506984586484639,2.0797634800229505,-1.4270101850330406,-0.7744569380873865,-1.0466929574101769,-2.1763023924473477,1.4276536946617244,-0.9685258405332889,0.24654459415256869,0.4221457636745934,3.25
0.36036249412850135,-0.6283770462273722,0.8884531991320426,-1.2703028122033124,-2.798877769086656,2.7186318057936196,-0.3623437086078614,1.3640766131889583,0.7722140606901801,1.2232959887364052,0.7731216228414513,-0.09215956863575828,-0.19317340555270593,1.7009928099984906,-0.9007122567177457,-0.17597669499154592,0.765973965275544,0.8121552705757612,0.10184872253274391,-0.17600099861070362,-1.138703322654878,-0.43377382045391427,3.08
0.44282344085115155,0.6000370145145916,-1.6340988767720046,-2.413437066938792,-3.176533832151429,-0.8257864805363382,0.2963108065341358,-3.727309263410532,2.233279093697868,3.0487715680707064,1.4107019585400908,0.49436066035510634,-1.0069284039993736,-1.0769280010023439,-2.0723922552828844,-1.840238296527042,-0.3446401620068651,0.8758696823733411,0.2253150808017438,-0.4744516818909874,0.01663968908718599,0.20102202403542985,3.95
-4.506834173283932,-0.6777442648825335,0.062252174754652084,1.1926118177638454,-1.8847541639491052,-1.4291668824955615,-0.5101492281807984,0.5873084138405055,1.1901663962003493,-1.271466898320287,-0.055194857713919174,-0.8132063653860959,-2.1077326941848975,-0.13396060035890284,0.6926037627510935,-0.9200649422851485,0.0900374124040752,0.10364128371974426,0.23035397623713014,0.30006861621908093,-0.3521426957176903,0.1565845788221706,2.72
1.2960988075874753,-3.2375999872142462,-0.769960617981488,-0.7681239869300076,-0.7957614523085754,-0.5145221003224285,1.3530544108476328,-0.524410838580325,0.8377009499558713,0.6010090371652019,1.3626130397498497,0.25969541636461635,0.9924203464289698,0.6911845355063796,0.3213337907847645,-0.148470179348619,-0.8941646269657458,0.5275788190388606,0.8218710276463331,0.11872981946506277,-0.8865858511709132,-0.1678707577803586,2.96
-1.5671944376353617,-3.745148421851384,1.1338135199714756,1.0096005158654344,-0.5308621642378083,1.3879246943739525,-0.6532250738305603,0.17820079601353153,1.0178809246070846,2.3317644111393685,1.3312501504521728,0.08020297324184855,0.863544881264233,-0.39143737887654717,0.6976560899256167,-0.488008860212355,-0.6086842723839253,1.974043951119879,0.06063929854487473,-0.09509353280447604,-0.2019972459901803,0.5405424160797129,2.83
-2.029630747689855,-0.5204029996354087,2.2497157084656823,-2.5705623591213556,0.7555568596915689,3.5487472854817685,-1.0562058500994234,-0.11689263163276219,1.9082889012720285,0.9037143086247663,0.40183196648456226,-0.7827416305375655,0.4215939829049846,-1.058852656065522,0.9782478857765469,0.1536282451467608,0.40615201964977676,-0.8616639352854006,0.3761421442099042,-1.4117047997050363,0.5210570615044732,0.060126967800726745,1.49
0.9920759916885673,2.8789634950413583,-8.13485519621067,1.679697942874974,-1.3044333388932563,2.289230831332531,-0.8424744576189994,1.9617778540148758,-0.6833264568505052,0.4356199079599014,2.0834571642727173,0.6236840218607898,1.4042196016875836,0.6353082760630929,0.8351484971178309,-0.9222812758922181,0.7801042494463724,0.41631436881319767,-0.6043555978242127,-0.40781356387052015,0.05196996051428846,0.46537771951475154,0.29
0.5035874550193373,-2.8206118073251996,1.5360969228677477,-0.18413539039060955,1.4628651950788294,-1.6292565561131769,1.2555367964208275,-0.09064427944821761,-1.5751210526211654,0.726031250073142,-2.057998188583183,-0.5625151661410046,0.3585444481049648,-1.070638758482612,0.5915793207878265,-0.8600543378415039,0.6526332366111489,-0.024083406357162135,-0.17923023176247388,-0.27961056786744953,-0.2138262250381664,0.12594815383367453,0.84
-1.9107754772382421,1.1294725296050077,-1.1272942215151511,-3.682226388636609,-4.138066688168353,-0.7919557138751004,-0.9196921856427774,-1.475252384186405,-2.8037667941950906,-0.5429278445788237,-0.588521979514322,-0.4562715112145117,0.8969081031233493,-0.42049298027168897,0.7005897901072956,-0.49234495023854347,0.2614830569857056,0.08742561452524807,0.8136157473297005,-0.6177571075485184,1.0459323664930051,-0.7090701715312892,-0.6
5.77334763408338,1.7611563373608434,2.569792312624146,0.020696078356086074,-2.0341421363518126,2.7447711590162367,-1.2187888736173087,-0.3397719922129602,-0.3375765901033997,-1.0267111939815396,-1.0512207165252847,0.37897682973740393,-0.3669000203550448,-0.642120186152177,-0.07862367449131694,0.18977929418903752,0.7304891038480437,0.17266943713917238,-0.39649294731219376,-0.6930928539803318,-0.3063002322783188,-1.2201175098912491,0.66
-0.11404022705277318,-3.0384356238600594,4.209335772924679,-0.6488532730022749,-2.3060295106807587,3.631170926824975,-2.0467558965633867,-0.2878521394407112,0.38068695113180234,1.1813905623244167,-1.4672778542407172,-0.6102627869718592,-0.24862584735542242,-2.0261397094634988,1.0397716013734868,1.5094779927827435,0.9171793254926494,0.5266995366270582,-0.3813500430215507,0.40303741844801344,0.07715120045372385,0.2015351503435465,2.65
-2.5437121096862243,0.006101422838760098,2.8550094083821476,-2.7715569045482185,2.9137937636590574,1.0654306426180735,0.8181873168631625,-1.5080959708321962,0.2869219290145793,-2.0080880512215353,0.053229778516887975,0.4875354513811856,0.503748021667997,-1.363957322782757,0.19558415043281974,-1.6961578356094005,0.4309088669332349,0.08798271992967917,-1.1312625479329768,-0.7530992920957027,-0.05192145115605415,-0.31443003223334154,1.48
1.534065003517012,0.1816898653815327,0.7753923621627141,2.427552167908564,1.472386131834008,-0.5174176827161299,0.6308252861402333,-0.963467620778532,-0.2505941075834671,0.22177175151997705,0.43283394106888295,-1.5988660168726008,-1.8097604840278019,0.7878578040501013,0.510321705415801,-0.28917235390833756,-1.302063250517706,1.902880700547926,1.2400169462326556,-0.2956121697918641,0.5445004646685124,0.3234760948606751,2.46
-1.1215085821612925,1.073149908305691,-2.1305205943115095,1.4456392272052494,0.6761610146302716,-0.29585837770547746,-1.068201494028574,1.7351067147741859,1.4789989142297246,0.4414483315767531,1.4159843771442107,-0.8560288218217349,0.3388946779222624,0.09220027536195903,-0.5849442438033633,0.5952849196345353,0.16789384482037278,-0.35017894838614405,0.3085989573573273,-0.3351837950657352,-0.22942071586772514,-1.0651855641312886,0.15
2.6771777871402915,-0.5432701362359484,-6.074493944967462,-1.4265245559684256,4.586869156158716,1.8501142155796089,-1.0196420346940682,-0.15866542359798239,0.3380607161558506,-0.43710478459374147,-0.49182594425240106,0.397497304954105,-0.8172475216689973,-1.1546854465828842,1.4369903529302235,-1.7981662256513478,1.2075677762476091,-1.1187189964047348,-1.1613837185968285,0.18379990217543318,-1.5774838360037025,-0.2697909200506432,-1.88
3.317252036708738,0.4981457583421811,0.9387487518029051,-1.1688986331328433,0.052467450926440166,-0.47052446395318653,2.250022760469803,-1.1746082952292283,-1.5763541796775447,0.1978584872003114,0.740479372644333,-1.177881332557107,0.6162353386385493,-0.7151857653955451,-0.027187420999765455,-0.9428990822770648,0.5439781911044548,-1.2007248453073796,0.2734097781004721,-0.09607992151100397,-1.200812108950879,0.1524519906352169,1.87
4.231226610506792,0.5441177843410988,1.1084966335000062,-0.4407874685626145,-1.467417428882714,-1.1422079016822255,0.12710115068600608,0.8348410315385103,0.12311124697969665,-0.8604713800573476,1.28235823957201,-0.5268233947328704,0.1290177301605967,-0.2351842836844386,-0.8151596593321808,-0.1119175062344042,0.02719636073529936,0.6627015406266432,-1.824777027520922,0.43516729676292637,0.8643911202728292,-0.6305549561706187,0.95
0.07110611607889233,-3.437290882821777,3.3197211088537193,3.287063297025808,-1.0298785806653385,2.0769778400810206,-0.5550850488172558,-1.0035034019391906,-1.3239911788964864,-2.4357535022443817,-0.10403970818539271,-0.03323464137938063,0.21390259543139642,-0.09605387285029704,-0.354440085107885,-0.45194044844091563,0.4146440617303976,-2.0654929591490903,-1.3968611559174715,0.08365956020434669,0.2920561774549421,0.07502467864287385,5.0
-0.6809837987977935,-2.5254233213495403,-1.9678267129476894,1.8744438773058807,2.1635885327629047,2.365823423829173,0.9375428371455802,0.8970148528711083,0.039640679271743244,0.04012042631321553,0.3501121577054555,0.8265746665514897,1.3646513817550354,-0.8612063804289575,0.7704060920731881,0.35035039946184876,-0.9645111106148118,0.5163402090587342,-0.130948768872227,0.36970645046463746,0.710594292803212,0.32627791371359216,3.0
-0.5386127952954449,3.8578487014772365,-0.33507422863317937,0.4693845049304787,0.026239111136100935,-1.2227998904003368,2.0175952974605185,2.4160826243878146,-0.28905930507159877,0.22420979523874068,0.8415230628481464,-0.5814645095692276,0.24866162040771214,-1.5618122586783632,0.7452555928953953,-0.6683648099219199,0.013398959467575902,-0.0007352229976631976,1.2552372850950573,-0.20234945950150884,0.13623722986192932,0.11152900690886429,-0.6
-4.432272206425246,8.595276290616491,-0.6691707276844144,-2.9667572222841962,-2.3001768872983663,2.060518659194982,-0.14795863703199144,0.44325126126738323,-1.0071869129155513,1.0980065177922593,0.007195923635839074,0.5109301352398348,1.2619863761355616,0.8134022433581798,0.821186165253338,1.3237292419559716,-0.22982921771583878,0.25887731767473066,-1.6084816510234683,0.28002845724555975,-0.004659790723056943,0.6580160602093985,0.84
3.33618730800918,-2.862918022861752,-2.071528903737425,0.29807764489396804,1.8707471287367345,-0.7802424219549928,0.030031322307699043,1.06464081927127,-0.8456209307004438,0.8910722456261874,-0.3237474986773114,1.2334522663688556,0.07605443485515025,-0.6618949813229512,-1.4708955138938955,-0.946807955762756,0.4192586744593581,0.5009169472539957,-0.7790746168700066,-0.5180749421403571,-0.10755463066003257,1.0881475283375557,1.5
0.6881772243125036,1.589122737376788,-0.7714822410012545,-0.08975997363106455,2.182288250828543,2.392286469480805,0.6762312215900453,-1.5630136365873657,-1.499178131173262,-0.5827051644006463,-0.24112732556689098,-0.7311212431388108,-1.8745060797311255,-1.1056452016386735,-0.5787670555878692,0.40199074033196575,0.7587448895294646,-0.2644592043408151,0.8091734674001727,0.2501649937636333,-0.5191176362532868,-0.35228201456015795,1.09
-2.384953936838058,-1.315413295512765,-2.424319570200511,1.9798960442156999,-1.8327870227149359,-4.690189853564457,1.9382772657248133,-2.6327066757696014,-0.3332663932660536,1.367790932652557,0.7605133584339976,-0.4768088570041896,-1.3559813388583901,0.8842693081903883,-0.674780710536016,0.45968975459095257,-0.2903163304187111,0.23636386042990087,-0.09837915368848665,0.25140174032540835,0.33697783481238536,-0.1980650464209564,4.45
0.06735420606450203,-1.690171289436331,-0.9144004448842333,-2.0412960961643347,0.994124295058038,0.20227853864823267,0.6259515705052101,0.10000534391530648,0.7957204611309221,0.2398268837571579,-3.2326977830032115,-0.2208931836083616,1.970081135766401,-0.05590184355051993,1.0338271753010428,0.10003356786623267,-0.8323763940321542,-0.2294433553583229,-0.5827400922946696,0.008618117187318199,0.613497804772737,-0.258624898893594,1.33
-1.9135351437626769,3.6975194116826415,0.45822162183547555,-2.393362751759205,-1.815701747908295,-1.4613191762491238,-0.09869903777846877,0.895116533560297,1.1969824087651975,2.2642557845832343,-0.050404554528985804,-0.7467184517781816,-2.0031605539612554,-0.029284543355939854,0.6689725928208101,0.393320310074653,0.45220106610118066,0.7148146310061952,-0.6525198416683101,-0.7926644861852542,-0.5606668722948555,0.006669697789087303,1.57
-3.9080381982618544,-4.438948137498549,0.8615480035272086,1.4498700092392662,0.4306755176569049,1.8275833784933293,-0.9474700438343572,-0.11624808939871406,0.9533293996891827,-1.3421818375090018,-2.3959128674306935,-0.8522627132574323,0.20094929628712965,-0.008275039350820823,2.80895527730419,0.47029062051222226,1.109663962297155,0.08966798892566993,-0.5390431802457686,-0.07524729778027289,-0.11970053741306111,-0.08337817485511764,2.04
0.3784908475119876,-4.219815485066556,-0.4474134530625809,0.3999104078443918,-1.198675317665146,-1.8574790572463213,-2.5048396886596382,-0.3956338479514745,0.3478752706780217,0.776269159110692,0.7828246274405836,-0.5789289357911662,-0.11493575847676281,0.36683076366837997,0.7587827945070555,-0.0924010441924766,-0.5975137386195508,0.03190297144181228,-0.9576274420664995,-0.1472718821223242,-0.17062289626359695,-0.06542944512779679,2.33
-1.3729421723929403,-2.570353202849827,2.4042593768346197,-1.670951755710801,-2.491439952730736,-0.704294794411167,0.22748131773440147,-1.321080078957217,0.7328512400946128,1.1705114555828977,-0.5479133428677135,-0.09398844051484978,-0.5587878087894625,0.32621279952007426,0.14216734490231633,-0.058402013267236125,0.49124356714642536,0.5953890305708638,0.002426548385604244,0.36205751447804113,-0.6757466988250043,-0.32872918757638303,4.22
-2.578717227189532,2.100540894360776,3.309789346029943,0.4361467002475373,0.204840883053018,-0.02498732379807858,-0.6027922602874919,0.6513547524164515,-1.0006609099221735,-0.8059844950438613,0.059964589473660096,-0.584801699574441,0.16353833154232483,-0.9321532956315193,0.6978015954784437,0.03856245134740565,-0.5103342051980758,0.3034278623591536,0.08990976534233605,-0.024701096224419197,1.5862941592257545,0.2156910483203653,1.64
0.014425396550493182,3.804639028259661,-0.274603686216217,1.3161566780089085,-1.3008366282923234,-1.645171806040434,0.1160522472732071,0.48401106847011804,-1.0078733907315682,-0.5637884369259094,-0.38611352624862594,-0.4360782088568496,0.038059906983879226,0.1833203522711854,-0.05185572746540197,0.6490329746150504,0.31785240185791913,-0.5199235328383938,-0.7950114535757978,-0.2378797790862707,-0.2159762179498624,-1.3712517220959444,0.55
0.5068755105453604,2.3031880035653414,-3.113959171217411,1.1520451784377006,1.7188725116309729,3.0490102192948783,3.712777626975969,-0.772482898830172,-0.5632798987694061,-1.304103207845331,-0.9261667222522566,-0.7126747330558745,0.26150633662409734,-0.3834120328175737,-1.093642617049763,1.0114839340139639,-0.44586263257640185,-0.8427890312700702,0.0781624810213229,-0.3302033052873455,-0.25709498996402336,0.041741272513752925,1.72
-1.478681119930257,-0.9572869187279204,-1.6298012483314848,1.2693569867220567,1.348739482471657,-0.41292490977634383,-0.6209754849190582,0.9616805024351635,-0.7055472710934122,-0.13768300265062086,-0.2454395881905302,0.3662529177474247,0.32339228333873676,-1.0745598112472754,0.05906148603886682,0.38517604785949977,0.23708814758359764,0.19255999628054388,0.0690744292273895,-0.09478220147853512,-0.7399091866610112,0.22322306921314458,0.4
-4.02401208164514,-1.0619032939157136,-3.3030520837597797,-1.3232395329332427,-1.3027592454027441,-2.5284023374929805,1.6455822385587573,-0.70724008932517,1.2251709618036821,0.409947461237467,-1.016372921907864,-1.5143824144067772,1.1157971182128097,-1.0024039991119307,0.041132437261320466,0.7504946773112384,-0.005123587998345727,-0.006028896829417683,-0.9544257319551783,-0.5288001316364187,0.08069143772983613,-0.5986589339874241,1.1
0.48883692400590145,-0.0015695420846776654,0.18701210202622684,1.6307659284457627,-1.128800744065166,-2.2477462861938444,-0.3538459710140079,1.0947556100287485,-1.6583657490473314,-0.2993120066088346,2.0479799993408356,-1.180221041558594,-0.7807417657902608,0.8800911477889443,0.08049830032438572,-0.16045706568567097,0.6793520782326425,-1.203532747728914,-0.5694629492638988,1.3708243742968884,-0.029390960753551052,-0.5146760729954758,1.47
1.9847690010276502,0.8663746202306579,-2.25386242293004,-0.4155501862797841,1.086067438359782,0.09539335741529796,-0.005743042626227283,-2.170332289484447,0.5580159101234362,0.9904983059438034,-1.4706910554446557,2.2542073483134994,0.7344321684361719,-0.5009935055381146,-0.7352627659932999,0.12676383771644892,0.44652379461109065,0.0047007717728396094,0.597624691461764,0.5346053009814811,-0.44269663566810513,0.6036966123166069,2.23
1.222154707949805,4.411247225152461,0.24484997289119373,0.47073411056812875,4.155677029080625,-2.830274008247269,-0.17707816513606078,-1.6976221474870457,-0.2911441434537527,0.35551650641895566,2.2375214913438124,-0.11151276625373605,0.6122817291242147,1.433919606583225,0.10169169705462276,-0.24781512447923323,0.728329550284082,-0.14449783217671724,0.3483227253154862,1.282014674921764,0.6447615637170202,-0.11705425464894836,2.67
6.217534298829563,-2.306967395739278,1.4893324672226382,-1.5164653669378372,-1.5558732980130923,0.22652139460280785,2.189614803576739,-0.15631686120594646,-0.07495512514755681,1.5779688868469797,-1.8229011170055884,-0.43641019064597025,0.6966980017470908,-0.16194703673975092,1.2019115404900687,-0.34794590424147587,-0.2791533158334408,-1.2591168167905065,1.5438598639997512,0.38699346270839563,0.02436286868726874,1.4947080086179285,2.52
3.6140164262918186,0.5747575768061205,-0.7818723607787144,1.1105217307043522,-0.0696368586889696,2.112503651796717,-0.8017699515111348,-1.0650885276039472,-1.9939126770866535,-0.9153161997304421,0.5761406464526636,0.341958926917199,-0.7344160504665235,-0.16878064615054167,-0.26811228050251085,1.6986847164630947,0.8350519734949408,0.29811017527397254,-0.36389237058490276,0.08001916602782697,0.4622998431103373,-1.2728549612157098,0.19
2.9020364556575866,-1.3836878162163677,-1.4256029902662326,-0.0528879549660087,-6.010013701562886,-1.168869165441896,1.9244017101162945,-1.5371230805445164,-0.8291338001459545,0.42305936969819347,1.9215884610606548,-1.2572958529032106,-2.1033935840829026,1.510503481673271,0.36368270041649353,0.6528780259500524,0.3197643670978422,0.3484375707296798,-0.07542713190468547,-0.8953845639151671,-0.7817861968788739,0.3876744259892366,5.44
-1.788168508883842,-3.471363867207123,-1.5825230807438957,1.3975416839483505,-1.3790140992908804,-1.5545637359259954,-1.6027933583611909,-2.6635376002799562,0.4042828502948738,0.28709542939337723,-1.2364815929994282,0.758559205700215,-0.930420517924108,-0.5649091834329872,-1.005622404020758,-0.40171798935491804,-0.27737785554190814,0.07965764110404593,-0.8219724515575222,-0.387498193247905,-1.1607828214142883,-0.1820898701423,2.19
-6.6463281629546325,3.641898845989986,0.4294099175957266,1.1574619777133999,0.23506168927722274,-2.884166573727508,0.8839328893467608,-0.4356362244431364,0.48722800264832206,-0.24590907560835232,-1.066325187394211,2.1745869362282266,1.5685845115577435,0.27044235469292793,0.1518879256890731,0.2347648793570689,0.25186483787180025,-1.5344060574430993,-1.4442282893838516,-0.20804544337914513,-0.33250662037842504,-1.3738072413802793,1.04
-1.454844506265647,0.6293541934790403,5.348417636043928,1.1395147339602787,0.6690589301045067,1.3082097577419227,0.625571812916929,0.5094822942669143,-1.6802545588084512,-0.7036754491665806,1.150305274507395,-0.34547625993904385,-0.09473432834584633,0.04964562222557586,0.13489714098351274,0.5411544727152637,-0.49405118845074236,0.16713619398966567,0.12635756763930467,0.4584226695205514,-0.13171860543864755,0.2382629767257287,3.46
-2.0845043571427175,-0.47458171002905836,-1.204549831546741,3.030016125208591,0.7761782643428662,-4.087731947322297,3.6895709702401143,0.7364609286340337,-1.2091401196031193,0.17383399979881517,0.8833743141069378,1.8033416357348746,-0.185614423075712,0.43723699002940014,0.3323500214179666,0.024943411281502657,-0.4382618936397725,-0.8947231435677271,-0.5658525564612731,-0.044308697765862604,-0.24948777044345818,-0.11982691393535605,2.55
-2.7873981403600383,6.662932271355868,-1.6147208620851616,3.4890217272899933,1.06500510351416,-4.0750987259879645,-0.5197028526234713,-0.16308891962694327,-0.5498589931153577,0.09936116377743368,-1.4273252058371784,1.924545647022806,0.8305854632704767,-1.5559493200013637,0.12792961894177046,0.4932451223301536,-0.3512888744925657,0.591584437552116,-0.3752968751580716,0.5227929110735154,-1.1569690494509528,0.5784248212830869,1.57
-1.0798941053367899,-0.6495035189079514,2.5879422735451834,2.683975498675798,1.1395837862494973,-2.37820170795411,-2.640416476234012,-1.4360901818355343,-1.6531677345485323,-1.3605714914053744,1.2325527952713056,0.12053368863072626,1.642478065557718,0.3074005836720856,-0.5512670999063193,0.5517917121800945,0.15055311768174767,0.22635039231514983,0.17420037628345633,1.04349526169398,1.3848720770172256,0.5069133581938855,3.6
2.8876978551014982,-1.9487398918902585,-0.4961073930229561,0.34051289956183406,-4.346617945443623,0.5631875564830419,-0.44951133862489845,1.2189031669824988,0.9859190467777974,-2.9142632008464218,-0.25131418547223916,-0.440010732779182,0.6730268377938398,-0.8566893902161344,-0.5889252787274015,0.07654271706315573,-1.2579321917621449,0.6135788356130718,1.3798088008891864,-0.1876441796054385,0.5962462362806639,-0.062274984650840186,1.66
1.0301632676546157,-1.7049314247896241,3.599294916640454,-2.8996769376428873,-0.1012304540895431,-0.5226816540419156,0.037952257920999606,0.9475207488665096,-2.2761764503129416,0.3924353095517816,-0.8621326355375273,-0.34016612263325036,0.1777645010487394,0.5231043822950021,0.02936739268619236,1.0223087259673704,0.333424451787989,-0.956202856823673,0.23439530380556625,1.3847266906240685,0.043394702659971494,-0.7574738968514289,1.11
2.35045956522893,-2.3994095059964655,0.8232227122157362,2.5977029747413045,-1.5296404798179517,-0.6111196087125054,-0.42907490672628745,0.9317355592341939,-1.9242825197861226,-2.5682653962685147,0.04013224569994279,0.4209645549196103,2.266262510295703,0.36969403036785353,-0.046870662801530905,0.7277608875088764,-1.4496712643596668,-0.2637439680600314,-0.3909138132169218,-0.25946358542544706,-0.03313503126848649,0.2593251825501959,2.29
-1.747761108311173,-4.022872185560672,0.30520877741439484,-3.8334741333689446,2.526192052091758,-0.9978474992491934,2.2254364012684973,-0.5084474884042833,2.731484476241699,-0.01829920930184681,0.14303037398750834,-0.6881951896106684,-0.13025673015620556,-0.32926725242468535,-0.48574701360517913,-1.5115472696927632,1.312609116825846,-0.5202586424026433,0.8464522241798526,-0.13475883270179412,0.06177919123637364,-0.11897127011256688,1.69
-2.254991289504394,7.386260562262524,1.2078280519075755,-0.22271703406387489,0.9411111704431281,-0.380052121172432,1.5271651239495354,1.7556012421339298,3.229610197382107,0.6577172335100354,1.2716898597118773,-1.4304017349282567,-0.5263498586909899,1.1831982708220141,-0.2798822277190031,-0.43122338352560424,1.1219275471379089,-0.4192128317711521,0.8512689156128992,-0.35127080299885843,0.13855674774143006,-0.1507403893766382,3.38
1.712255879771957,1.5577514784002704,-0.3136871016095142,1.2283625027561853,2.945178454787304,0.59051041274646,-2.477032843437205,1.0217935933460678,0.13667039247355584,0.4601830208590456,0.5768149038876618,0.022735209901263414,-0.36621816262376844,1.2524195630413906,-1.7920372425397861,-0.37679771029449144,0.6980456620609558,0.17801459956710444,-0.4939236433319154,0.7979522853516429,0.6852254492799759,-0.07934890182220794,1.88
7.1350347859479575,-4.229336163392494,0.7238922650462529,-0.796522404609148,-0.8952121073880885,-2.084538507412217,-1.049965021368807,1.6634097582931613,-0.7828492804871761,-1.9845116021359814,-0.29346053874639894,0.8471514594784116,-0.8409313188856163,-0.27477193579515213,-0.13084150063783614,-0.8617423132136367,-0.18964972805061056,-0.35896563585433433,0.5463856035462905,0.23578076083585037,0.9558495012203971,-0.7257918555201854,-0.01
-2.278466203169181,-2.4549595713898236,5.657429034168945,1.6957182064274214,0.22953338761363232,-2.272211835218175,0.6610738141133812,1.5774361902228948,0.39459532167926453,-0.012630741428485432,-0.2922121197673211,0.3290599669531991,0.5198827283275449,0.8230210905354871,-2.991087612840805,2.0048347535489435,-1.061861580104834,0.07563511730918075,-0.7747096204297421,0.5598869215365867,-1.4387631748744227,-0.6022651917922628,4.93
-0.3418915772744906,-0.6428339687579684,-1.106457079517322,-0.47154619870962455,-0.6287399722349856,0.23615536189985845,-1.1479833564641813,0.33843204534993704,-0.36675909440971804,0.49671482761672925,0.23457620260488268,-0.6204308758417217,1.1815789431967854,-0.9673565786269501,1.5025456392962637,0.07821808061207987,-0.23643952152149852,0.18994776626936172,-1.0697256755877234,-0.8052225696616032,0.7851020208751893,0.3904391842009415,1.22
-0.4426913189096751,-1.375505572684098,-2.937646554720077,-2.876241363327355,-0.6480443211523105,-3.1723981579276104,0.2300298100389364,-0.09548918395833811,0.7005831234375793,-1.1177757525768226,-0.10796013121404414,-1.0257818978511506,1.0705524886505393,-0.8081617393961191,-0.43445550687101014,0.17200812659985637,-1.7532481516624312,0.07455643192412832,-0.40508445256943854,0.15015685196487744,-0.32285554147827183,0.008718602821815084,1.52
-2.0428221938460283,-3.3998469699867444,1.4536543456401276,0.23987993487858203,1.3642579775247619,-0.6217549562151599,0.9133819241874273,-0.1451453307718694,2.470250733112234,1.621835668841421,1.5472809036533004,2.1595631410988485,0.3631664219000259,-1.4716968776624262,-0.5990438206481277,0.5999970234369216,1.6760816865509924,0.4983314554972818,-1.010893330270086,0.766217782866025,0.30418199430186216,-0.5347931306497066,3.42
2.2244802855788324,-3.888867280528594,0.0019811758897205663,3.113829207545978,0.6222260341789425,-0.8259657766798376,-2.9314909853550724,2.61151537846836,0.9964259244310857,-0.43997405127945527,-1.1012233129652462,0.24313961942540144,1.349481647043685,-0.5321615359257961,-0.03111416830148039,-0.029928965535336634,0.3945973751567481,-0.5910047641051882,0.11670909093879799,3.231427880352082e-05,-0.5496527239746173,-0.43103302756656214,-0.29
2.397476425781939,-2.6081069740228546,-2.6618948440588337,-0.3895942309600679,-0.7484664087977214,3.573111741779048,1.973438539529193,1.316508133172529,0.6621020922067843,-1.6341255704297133,0.30544125950449563,1.3218218790724339,-0.5167287917877328,0.5501742469341806,-0.5547239183322766,-1.6648157755235973,0.21548868931221307,-0.1632025038206742,-0.09708903284490368,-0.013754127194190618,-0.7072282514041046,-0.5304265037039566,1.01
3.208009813635524,-2.813801844614571,-3.849446009344269,-0.0468920798888386,2.1799533035838388,-1.2242977081570008,0.8596760293012508,1.11440382039487,-0.012685115793630554,-1.7761486807730618,-0.7260075040358543,-1.7099170985689365,-0.9934862535533207,-0.23808416986070988,0.22998842877258757,-1.3841538461010938,-0.7361717747523105,1.0213357869422661,1.2854117139127688,0.6347927544478215,0.8046116016335046,0.9829696020480537,0.87
-4.646653817768391,4.0431912359105,0.6671008508359845,3.8128715539895666,-2.989379467780268,0.37137500933703843,-0.8578265495957459,0.5767917914035312,0.16983578226937024,-1.2604702633789633,-0.4519338212181043,0.33759457978136465,-1.8292227392861675,1.5212426438814064,-0.1868102938370481,0.19512532810732572,-0.4495774095594645,0.5325169830920952,-0.004955965672228598,-0.13614356995175084,-0.14387768080510496,-0.8379348818175828,2.08
1.1115115190389304,0.818941971225791,3.395017960200345,-0.31419073767660693,-1.3401250821974555,1.993204449055911,-0.396377245719081,2.1079861812359653,1.7247594117523828,-1.04243243919249,-0.4525270739082726,0.9130933761114894,0.9590621976157531,0.25350669412508864,0.6297337198484446,2.7317391712850636,-0.24235044601385614,0.08527907674894968,0.626576220165378,0.985476109718395,-0.848973746375015,-0.5269381647300445,1.39
0.8085538225239314,-0.3322893364743688,2.1580513383066875,-3.17931313715604,1.1811299098680237,-0.5090586162821743,2.7083125324361976,0.817407431758505,0.27606973470122714,-0.31331875498310363,0.16978805940111982,-0.8678465218273939,1.4156462037345332,0.062012714413155985,-0.7679617430552617,-0.2747492863193894,-0.44257655568510845,1.0831640708644867,-1.0260944913587633,0.27820525844758054,-0.08876677732059897,-1.4217859761716702,0.43
-1.7704367562829422,2.843285423429136,-0.47739159290757316,-1.8382314689992907,-0.08006213260422743,-0.9220684159969634,-0.6732489131916967,1.1129256500660414,-2.6275017805358907,-0.4626650235509226,-0.7675428063175392,1.8677258964773193,0.7720269132737688,0.3373302199784412,0.8112615320657616,0.5981249005334204,-0.6309209546878171,-0.3898448818871309,0.1737259120437992,0.448233993155035,-0.2734913327649839,-0.8386979346252268,-0.93
1.739529048620234,-4.277720460886658,1.7552061658949911,2.1414455750315082,2.2758693976709305,-1.3704387959452695,1.1032057499818166,1.3771752725281166,-0.00103080953430671,1.1411577175430099,2.585723372046317,-0.6058169102112723,-0.4487595597457596,0.4940874004083616,0.5955810232556169,-0.6938783199724667,0.29574680937480363,-0.6156793153358119,-0.22080453402187022,-0.5591159619569184,0.11179306558814067,0.5861857129209244,3.64
-0.21868587417333424,-4.6439623951700435,3.4860264361781854,-0.6207599629099967,-1.028988608780681,-0.2703495817590772,-1.735596272599037,1.156647122152712,1.5087099764867007,0.03308296403329489,0.6002881230453848,-0.5349262990093193,0.6674018777301158,-1.2047069324347426,-0.9570794285089775,1.0737275407150952,-0.5400756021230051,-1.0203106696562907,-1.4014707318369322,-0.08217673302050699,0.052463507384372436,0.6646022515351002,5.28
4.113932461603867,0.407763967817241,-1.6915274518823487,-1.8776221183218627,-0.2503334079669088,-1.1609128533371709,1.8057985171556388,-2.829104391303415,-0.25349867487677213,-1.076432266971696,-1.0283798224145329,-0.4513738710226684,1.746780929771484,-1.8971439181392502,-0.1319846508814881,0.9502112765664845,-0.021499029784600342,1.2531159983509421,-0.5709067545125122,-0.10768434891916706,-0.3327559692182336,0.11981320349399226,2.72
-3.3885663056913384,-2.8712175554748396,-4.850022906445309,-2.389741189895094,1.0532458297437217,-2.116821578914939,2.052335448635792,-0.02060821805177458,0.4053783329839062,-1.1362142935807096,0.7652847013994684,-0.8266798844861818,1.4877605653725317,1.047425701224682,0.008924592119791496,-0.6969949606381269,0.2496947422171908,0.4723270686639832,-1.285961571081092,0.2831105678620503,-0.5633851237452475,-0.1613933344479533,1.37
-2.9813876243893858,-1.9352065038884796,-4.8103538669623385,-1.1318489990806373,0.08487776429001012,-1.1139957515001861,-0.8760926193626936,-2.568705382648001,-0.7101388618694059,-1.131192177072343,-1.809080802508912,2.635029193280839,2.3311713586352534,0.7027232437282673,0.7355507691843183,0.5690182336315397,-1.593879057611552,0.22893068911708356,0.7321287650230646,0.8080560387126783,-0.994642679684141,-0.39605429350759713,-0.47
-6.02908231347425,3.2193035493734663,-4.6592596610539765,1.5584474029083344,-0.5693461664330021,-1.1736846287323215,-2.157989751519537,-0.08356968593914008,0.3133585544574027,1.9438873291602927,-1.2766196861337085,-1.1248085702608406,0.8384963945542413,-0.00836032315389386,-0.3878516785223938,-0.0258494731584151,1.4469916040313862,0.205852923066241,-0.35372445848359224,0.009492551446821103,-0.42389554660952017,-0.44648199316823073,-0.04
1.9276832119668084,1.337518453865622,-0.09473059408305334,-0.4241200186177572,-0.24387907134358242,0.5372937487746487,-0.07134437964980585,-0.4028144670069056,-2.419012503481328,1.4851376753021674,-0.0023237909700081424,-1.8916270364733199,-1.8480354100895635,-0.4175539195527579,0.8922349618277124,0.24978734935863767,0.3749371440797325,-0.5175958129355084,-0.1750087812271967,-0.27481905044637067,-0.47225783718545833,-0.1456187838966543,1.25
-2.072836626033673,-0.3678268615708674,-2.896404460582244,-1.4097031739236427,2.0373979775648774,1.5376546061601528,1.725795158128167,0.0940034902413033,1.9902788761485353,-2.757049465366815,-0.35211609172372843,-0.33618014532100415,-2.475545990541423,-0.7081422673481208,0.5286444363523549,-0.4300502900581757,0.36123994261849607,0.0033494438720803434,0.5187941736730384,0.3161019351951227,-0.828944426259009,0.04101245255121576,1.69
5.083737795074965,-3.7299408341436924,2.7396051909423673,-1.8479829911849543,-2.602052114462422,0.1483713633773983,1.577058275283788,-3.201008221210377,1.2059335222447645,0.8678213177633828,-0.3468369106429657,-0.1390937331900699,-0.9187747397611332,0.2096200960460088,0.4035468416963438,-0.9216552392506382,0.4324173081648654,-1.7073007057750842,0.10894692639173548,0.44810414486284705,-0.5032394324994908,0.8108187874148972,5.28
-2.4340321494831483,2.7407262341251686,1.3026859775795867,0.4548365315966402,-0.5616714170940494,-0.7717925499931474,-0.7126079339442317,-0.45315174867301855,0.30199461948819367,-0.8673464858935689,-1.460087108244166,-0.9807541719701139,0.4508801592021013,-1.0614194313345198,0.7985576626959469,0.5558442770175334,-0.872035402621465,-0.08915845268727687,-0.39182305610491175,0.7436119426317603,0.09289035887144421,0.33004388675593305,1.96
0.6575655160195462,2.746963123045717,-1.2695064965061584,0.045033232055004056,-2.4847660591352625,1.445853985120952,1.4039180141431529,-1.6017349196028852,-0.0455188827102734,-0.2665420961232761,0.7477823151483138,1.4283742758256042,-0.710789928105868,-1.0988749127126136,-0.4592879043792074,0.33934041168412304,-0.1810775760661002,-0.28339885171331103,-0.7623796218641226,-0.5165689877806041,0.8971575522922431,-1.2025804137384266,1.69
-0.7735416740500912,2.706763729340403,-4.907497561221749,0.19615116573723368,0.5966722901778689,3.3007633334783075,1.5960829779422914,-0.7924797920084341,1.5977180590259488,0.25419185468489586,1.6427558862656428,-1.283951705487956,1.653448465387882,-0.1983865207155762,-0.666230008740535,0.8839432729525158,-0.17762356968703205,0.7720946209568783,-0.2281311577477702,0.2758704352364035,0.3452635853643694,0.4386622853936211,2.78
3.3312269803725854,1.7195111801957574,-3.8775907764836703,-0.18426016046799598,1.4199696671148396,0.7812518639823288,-2.091440165107486,0.020641440666690856,-1.079544560387716,0.7711917043974621,1.4623389049973992,-0.79659925897844,1.0320016955622027,0.9468609932294589,1.6523421740824746,0.062322810155158385,-0.7939585980474674,-0.0690030066579951,-0.6020904834264355,0.3273549767301717,0.3355355002518779,-0.18448113218593273,-0.48
-3.6424309063656692,-1.989489286435661,-5.604883160176056,0.7446161593833218,-4.190527033322941,-0.665706252552188,0.5311170322348742,2.0224038873200847,-1.5222736036651625,0.17363968182143225,-0.8265353566014791,-1.1756360532702488,0.3600639676700925,1.6234849741303619,-1.8387783040267176,-0.09678458814066312,0.015427637874070347,1.246513380385264,0.4308424290603052,-0.997799925686816,-0.14447490672017707,-0.16127630391327197,1.27
-0.7660944855107158,-3.1109123754043395,1.3586107109327732,-3.1435298717454234,-4.6073141380897455,3.768865340938545,-1.8244126879392715,-0.5360325456802363,0.542563655324396,-0.8335436235874503,-0.14949712746004884,-0.6087379218521097,-0.24666898832782846,0.09413404292327529,0.6023896985792804,-1.7404644744927988,0.5116767572073854,-1.074534469111385,0.19624041879102086,0.96115505910422,0.04145883685500574,0.21575263676435558,1.17
1.0102260737743771,-4.374753769326441,-2.9545174568978156,0.3300463831027289,0.5527976455669245,2.2237703627822825,0.20733368451539178,-0.8828768803646435,-0.07897854475446683,1.3632023511117477,0.5079739083642486,0.09951942256186307,0.7818351772485419,-0.12342431500542278,-0.69244838053958,-0.6397968668894496,0.838072986417742,-1.6775092591920202,1.765374445106737,0.9484128291399966,0.05605037866050471,-0.3139379091836113,0.44
0.529000190495185,2.9078853462658274,0.12116152152534364,-0.08242038255209094,1.8530601716591713,-0.46428099301069775,2.494262295661144,-2.0527002325906514,-1.0450864251042384,0.31427513825708037,0.3598877183101999,1.758450190354682,0.08132958157697966,-0.49845754474912757,0.5641526860860226,-0.17461354483712613,0.27389451942706633,1.788356336079988,0.36055728932219966,-0.6810614962077667,-0.6522132420698468,0.49989154788997103,3.22
4.855294665330517,-1.7604315986679693,1.5851976424024286,0.7818304620906303,-0.03293940435428752,1.6898309996470215,-0.9534731816204224,-1.02849695595983,0.2407665634912861,1.644743430806956,0.5153877087094483,0.09625023622607788,0.6094632585062105,-0.42679540602484256,0.012464722990800153,0.7126017814526426,0.06670909222922167,-0.3734071558825456,0.6278075360387376,-1.0597879458827177,1.094686352376498,0.5061634729166478,2.1
-4.005858044938119,0.41986517391817063,1.8826217144642172,-3.7678533138059715,-0.4830035755527951,-1.317635310082153,-0.7625231658544317,0.6917271644246625,-0.16595929068298831,1.0500653851653472,-0.15267633193457547,0.4199490183565241,-0.05198991767988202,0.5629587215882778,-0.8698936484954103,-0.6749139070724332,-0.39110000153228636,-0.7038235801370216,0.4063363654772091,0.28318815750032467,0.3313905864556379,-0.5629686335663248,1.1
-5.830028869567011,1.2289797708373746,-1.208537951688446,0.18864490167681833,3.2220978089265975,-1.777806422258383,3.4885125645836492,-0.12052494639495885,0.3381197775940022,-2.178344265057236,2.731520101578626,-0.7341087591846687,-0.5567945619900044,1.035160880512553,-0.2867036589202759,1.5469993365400627,0.37522105338649353,0.25610127540294214,-0.16649338545469675,-0.4022603422654042,2.1164692440179493,-0.015097763012314245,4.85
-4.664587547245453,4.474851556005602,2.4091304574726347,-2.786542836309042,-1.3441607018162187,1.0483406223407645,0.33038490477769744,0.7742745576592531,-2.4596080806065967,-1.38757733659277,-0.10142743201280051,0.44370336169305447,-1.0755604575680446,-2.293774960242305,0.17396161320772877,0.4397504297064349,-0.37245716968585724,-0.09288296753599905,0.6630655981346554,0.31370679333387885,-0.5255521529718173,-0.08876256435893191,0.01
1.0383477813961726,-3.0428927904909067,-4.54126789839366,-0.23414377844846182,0.10587989714129468,-3.421935871974258,0.7267117381869491,-0.6115141743279072,-1.1816007096692211,-0.2628988301872739,0.28176971079733654,-1.3633121441999168,-1.0715374201585637,-0.17395485252789075,0.24457224292040453,-0.778037138425072,-1.8235493397021627,-0.03063069389342938,-0.38022684773039,0.03702368980851092,0.040809658683023206,0.29527771025582006,0.48
7.349130075196225,0.4589630818296497,-1.6942731275069995,0.025488903573712623,-0.9048948952947086,2.0520849436809057,-1.4542854296665002,-0.9311880031947589,1.251088581159392,1.2907462671564776,-1.1645640921904405,-0.79193901473366,1.4456981480431053,-1.214801929752581,-0.5252978088316113,0.3737796585634043,-0.5036396322566221,-0.6792338451354967,-0.08746328633824883,-0.7165720637696031,0.24872033202459998,0.2535814553257077,1.46
-2.094118123834392,1.7875936523014673,0.3103927320351379,-0.606579306267078,1.5781345463211096,1.074027324709001,-0.9026608879730518,-0.07462646032875195,-0.29462787580562333,-2.138312475580763,-0.7342105951173179,-1.0405297731892351,-0.4571977005677568,-0.8074297265680572,0.5713581985926379,0.1424924288620114,-0.7885564623987869,0.36918724663875635,-0.5353639917313772,-0.5316129544966414,0.7418822932944629,-0.013949965438678193,2.09
-0.18064028806149512,0.7048651661086542,3.0783508627056846,-1.3096104641021695,-2.427448855290109,0.6375970766488896,0.5611486852287454,-1.4821640146586152,1.5997912471727638,0.003354821865843259,0.6393294032272714,-0.5009082124373326,-0.0668697787199651,0.687045604665299,0.7299154023868625,0.48010339002240293,-0.14047092359029406,1.1379934985790532,0.045568150182992234,0.5666405028651841,-0.4742170723164146,-0.224647238801966,4.56
-3.510800609227512,-1.3266086324515929,-1.7065354214880506,0.31990897040165167,0.22236798127296722,2.631539208714147,-1.342997570770307,-0.09971200544533765,-0.14905705215762696,0.22282461215474034,-1.1857793081857564,0.605597242380075,-0.35289562689929244,-0.38795373042425857,-0.5229503600732868,0.09756764606458503,-1.0051896126365003,0.5045529134150573,0.15055862241240445,0.8986815555453551,-0.7555918660983262,0.5802350755676378,2.54
-7.780616381947435,-1.47311410710687,-3.765528987942737,-1.5997362841537919,3.7071640579356817,-2.3312944676303555,-0.7885914447954827,-1.0272678718942712,1.5327128741587237,-0.6333959160436878,-1.2337893515493823,-2.173420755707424,1.3851997187196912,-1.3416207258373432,-0.15020320063253745,1.081271295618689,-0.821738654802372,-0.7276631833369539,-0.22407271409592958,-0.1806026071459027,-1.2286140176473257,-0.6998294255807865,1.78
-0.6651962769001587,-0.7573021860512271,3.789897431704585,0.22041390982785938,0.021549854002079573,1.8386356695957071,1.2062551282035003,-1.6765463478172826,0.015398508343427653,0.7277040231188364,-1.145326007832451,-1.7797351852322085,0.12721915906971723,1.092863547821977,-0.03443507692048132,1.3571663472449467,-1.18532328970815,-0.14419061876522102,-0.7158566189392928,0.19542175405463852,-0.05146059162404106,-1.1309619607146226,2.68
3.551852999269141,-3.9124629178547545,2.5945201075076825,-0.4293513531096692,-0.8481072826613114,-3.0314003567210177,-1.0458561525274246,0.3582950991601814,0.9758494684329173,-1.2192096842026472,1.2788146305999946,0.5094979986659919,0.15536254989237244,0.11536474173789307,-0.9850965305180803,0.2249401866224853,-0.39778221944745723,-1.9598464777733133,-0.5019057371447155,-0.7834114204601283,1.1107711408504757,0.8293677777583324,4.31
-4.008269453395528,2.794785425796314,-3.137330808659287,1.4483925425699091,0.17069837597970003,1.324121725147493,2.405052438328626,0.4409785046075895,-0.20748150243218066,-0.017533856284102613,-0.5412379651955076,-0.9511100904525889,0.32870728867697413,0.86115211497831,1.742346189814035,1.1281710779019827,0.25500778392238216,0.26362996755695,-0.18180142028766846,0.7522305650595519,-0.8608691812585633,-0.26024826787589567,2.74
3.4817042307236643,-2.0521588829613777,-2.000933002335889,-0.5964773469583372,3.3789458570356405,-0.44444203698046586,-0.010955749409543513,-0.06836413679265914,3.053439566141512,-0.8070122939039656,0.39156949432658883,-0.755589120540435,-0.39404029201963714,-0.1423795256011763,0.9342825965826971,0.24348304639221985,-0.5402225530852524,0.3894257732115988,-0.09122682439041264,-0.9704197290238978,0.3323812492219895,-0.316809952666201,1.4
1.0241344822927658,-2.846153280591084,-0.6948482330594167,3.5156460412175425,-2.377031018678093,-1.029852183121914,-1.3321014502913011,-1.41721208698699,1.1844172401061732,-0.6753635166024192,0.35537621489679627,-0.5139592591362597,-0.04031818956179955,-0.18150358283298426,0.7067213967197282,0.9813942679088568,-0.8062187976273941,-0.13591798271809857,-0.06438761546299072,0.3176698964344738,0.1277788611756667,-0.19951105988436404,2.99
1.1638340658601882,-3.302446593239334,1.2699285972851682,1.200397868297124,-1.6135616164769608,1.0900421537594116,-0.12038204484249147,-0.2508257310581033,2.377436242437732,-0.6372569240399496,0.42991411160656007,-0.08773916414570003,-0.6435869723276421,-1.2278723700203344,-0.715750436156193,0.42667803748800087,1.4304660051697173,-0.7235081354047659,0.42053214561400754,-0.04481945050671046,0.5188170661626453,0.17173777226992898,3.52
-2.0295788987253403,-0.9214150647539505,-2.0198829023156377,0.2699927810250109,-1.5742407783949681,-0.9824106055082479,1.4162037477473626,-0.3636378787270917,-1.2178192742931102,0.6476924765625164,1.05380932829691,1.135246171760409,-0.9559019748804221,-0.9980658872723193,-0.6365331381389686,0.14819717391919346,-0.2576493607118124,0.7370073519719091,-0.7527485428609098,-0.0007011753410864522,-0.6071829583156342,0.05117016995450851,1.56
-3.9010449618227963,-1.7108286076358925,-1.7787668458403332,-0.5310072343322195,-0.2836798401677651,-0.5687457515400928,1.193401812427973,0.45431702563865534,0.9592255331332208,0.7579331737213946,-1.4007706476600765,0.5186812001437162,-0.8876305952326183,1.5406717617841974,-0.27620144181167194,0.05573776771789672,-0.2955866053792757,0.6207263710740998,0.43741810674516945,0.14192456342955342,0.6310317326684127,-0.05597172383747881,1.73
-1.8261142587583594,0.5249749482001445,-1.0970844319796371,-1.5903348160912338,-0.46294439012031674,-0.4612010366244544,-0.5203646610202683,3.1309061517434706,0.03667665827349653,-0.9443675491804127,-0.3313010483278203,-0.41106382599886143,-0.15192491378310755,0.15052515492864446,1.502678486535298,-1.1065615259848354,-0.5527528902730356,0.05699603138271889,0.07703461873732662,-0.04631885783571214,0.17606295402832484,-0.312484024032552,-0.93
-5.079944064621175,-0.6091388195465803,-0.6378315240687894,1.1385880016817072,-0.2352734832634623,-3.153640833055645,1.4582055652351023,1.691397241655939,-1.5812962050417858,0.4155411668623483,-2.77572200146606,0.8025431494413894,1.2155906684235187,-0.05160221657098999,0.04376809721602037,-1.028401691047949,-0.4849644830642815,-0.4158714554014731,-0.11581573003303325,-1.4851131648390483,-0.2666571444573033,-0.6042065674697561,-1.15
-1.1670509161104572,2.3575812828693734,1.9477220775122879,-0.42525825559524927,-2.8825644075195647,3.325866458731993,0.7449723993833668,1.9510709782807711,0.7310761992311724,0.7102572981510303,-1.3835921955393455,0.9586656931590679,0.7079971415529202,1.055887810715211,-0.4985356710400067,-0.03528980171209996,-0.2479244541404328,0.27940688195577923,0.6055160302717559,0.7538134702572495,0.8291895942994767,0.3646945707836126,1.76
0.5481366483995332,0.8334123026056831,-2.374514229427763,-1.7717005875821858,-1.6848600763326802,-2.873883380243206,0.5099035862038189,1.4254513715482449,-2.477430845343707,2.2381916823290493,1.5716027524591902,-0.4342705119581015,-0.053085965332184626,-0.8615096081596266,-1.2597113041961354,0.5488535420630283,0.23033101448737783,-1.0958786562479423,0.5144038395680641,-0.22599270825080411,0.029182215610889007,0.1411015241641196,2.03
-3.248772545773352,-4.69217231594358,3.3135611847819906,-0.5924010788396438,0.46150997371373503,-2.61747640948011,0.9369446659303446,1.5703127202215945,0.042463040119705246,0.9830497718104058,-0.193955200715272,1.3456938833805032,-0.8966207043149098,-0.2919287776124712,-1.1849176690780614,-0.4630772363653099,-0.014400679293381282,0.9978019744852991,0.11200346563829187,-0.5208492468102778,0.17818778704479069,-0.5185689117020488,1.84
0.8447082461320635,3.8773739876170796,3.3878009554091113,-0.34223932433173465,-1.9956162992304345,-3.9425541418798082,1.7255109436975837,0.8190321318400504,0.8477459697839271,-0.08532317017302235,-0.15013403047982507,-0.6366394304928518,2.0591071048764347,-0.6074583349316236,0.2278482953184129,-0.0488273911048664,0.27892408482988346,-0.2352436810609066,-0.03637225165723092,0.14758548212283512,-0.9700592152990137,0.27018059079560847,3.5
5.240732617993104,-6.569701317035263,1.7301082813441628,0.020437985072842554,-0.6436012530631509,-4.248960538674896,-0.6154953165575341,0.7638103483025862,-0.8747637198901458,0.7164965310188411,2.3034739913854323,0.5700512638665394,0.051237208743548625,-2.157149755914132,0.22180297654631304,-1.1183187858429526,-0.5114988539360525,-0.13889710045290235,-0.8121126084133606,1.5455912918689065,-0.3326772887089928,-0.34490773556960064,2.32
-1.486646949289157,1.6020338640306602,-0.6916000575730058,-2.652413807832827,3.8943486328027976,-1.293992594199059,-0.7829590412075269,0.7495156947810007,0.6445355607402465,-0.7821488794189243,0.28080836670166925,2.7902405098392578,-1.091953508482916,-0.3078177168644842,0.018805560454677617,1.5864753675704109,-0.46910356361582706,0.053167085390388544,0.8459510081546799,0.38378723991939073,0.2279447621728409,0.1880282980465734,0.62
-0.2968471785464313,1.1407608619712122,-0.5194912688366806,-1.7828644369100952,-3.5895004224049205,0.06978042320442948,1.221824500105744,-0.29877443660099656,-2.5112225639933294,-1.6014485790032362,-0.39492841521684646,-1.3165179355114889,0.3626318717403776,-0.049895996027305545,0.697381083897936,0.4666595475180467,0.7090849496943188,0.05967637149539239,-0.3191588266063459,0.01108009405287758,0.3926698603336903,0.29624494393065803,2.14
1.1599549637049877,0.4337887205350426,-1.8549454357963353,-0.21679802616947452,1.6381348720263271,-0.8026086808981687,1.0619584969954894,0.6177465269455837,-0.6207584173364626,-0.8914555307460735,1.7176740165542281,-0.9153679042451958,0.24448617838453415,1.1087223000530193,-0.19693332000501979,-0.8598039862598977,0.9195098073426093,-0.12371662591500417,-0.8593079050318057,0.18056154028145316,0.16580906674677165,-0.1553640556841525,2.01
3.712494663850155,4.264011234559929,-0.014011749922940481,-0.3523311958193817,0.774554947206963,-1.390546488090985,2.377014424720792,1.0036136747375337,-0.22833617612050147,0.513250091284452,0.2218921165789295,-1.3747141767935542,0.37487292168236935,-0.06048704212242835,0.6359433750359864,1.5968589321227402,0.3607676679259386,0.7063666492469439,0.4066929650244451,1.1960341766854434,-0.12758960982498763,0.5192975172671437,1.27
0.37237145377787073,0.7350196021494482,-2.1375303771347367,0.18295853219015182,-1.540148377685746,-1.286197436008111,-0.20480276004197742,-0.9475558160585512,0.6604422064845347,2.1576588064058404,-0.22098602735434533,0.9683553856057414,-0.8983131853691892,0.3218724374490834,0.06765976580840802,0.14473008505808124,-0.17857387575524356,0.16122354594352242,-1.4351545856335806,0.5350399219212427,-1.1374078919877038,0.4481862017718053,2.99
-3.191991321507394,2.598511893842709,-6.821034252072756,-1.3151397205056854,-2.4426370989711255,-0.3204329992758389,0.6833003747685277,0.03981427829606132,-0.13071807737829105,1.292977430454601,1.4664326452334708,-0.12280648177795073,0.6408694672521534,-0.9354498861997427,-0.6791142130486459,0.3658765271897182,0.7423330945803687,-1.5557646528500277,0.8449675941955969,-0.02920893883495531,-0.11791580322780214,-0.47059836542679695,0.89
-1.0354038459212525,3.4109557914764648,3.5970099209338153,-3.5319378130008827,-2.840129145516467,0.39726591814716455,0.828743720924775,-1.153945990884373,0.9587968152693538,-0.4240286266829457,-0.4893689510003925,-0.2210378896620627,-1.2388065302746933,0.5911758107533363,-0.42536428021641803,0.22099559273163086,-0.8739993016072645,0.6712720094306099,-0.40484980335790977,0.1319581786223949,-0.2371630565216512,-0.7570891374072352,3.59
6.487627699608391,-2.928649062128992,-3.3806966425189366,2.2562775376614943,0.3969463944480112,-2.0744123841342876,-1.0844191488837631,3.7203366062165304,0.3100273173906012,-0.4136349359007173,-0.0025792045868854438,0.04982673996357718,-0.9677071407896358,-0.005009567596675644,-0.07926099341257505,0.6871971482786483,1.057631942327396,0.28809999879994946,-0.217825563426548,-0.9618441022796332,-0.6795253775737127,-0.2938025539624142,-0.44
-0.7888432058234708,0.8540643519149934,-0.872606341252554,-1.0165462244656176,-1.7291948112275066,0.1796823465444931,0.6888822116363024,-0.13380330654575212,-1.1526757761760358,0.3158301776488026,2.217914993812897,1.0272402289477354,-1.1892883794646814,-0.4618570276188458,1.6336317227987849,-0.8354771837853333,-0.5748092274515411,-0.40898867402130656,0.6208833965285789,0.2656912111702794,0.6970575929528421,-0.22452039758669978,0.98
4.117426450606614,1.0233307796274633,0.99743427396336,1.7554723197822877,-1.465743979648057,-2.0937304052330346,-2.1943080680096596,-0.3692211283991859,-0.3859657645413592,0.9902166172865663,-1.9217719871123917,-1.4750596637970144,-1.1292207544281614,-0.03584592503077543,-0.30475282573920554,0.3698869008695382,-0.04837534204654701,-0.6820754634184567,-0.5014006934781335,-0.3283988623068972,0.5413082363958022,-0.11447335092130324,1.92
1.745239841830139,-2.059063518313024,-0.3642761107476537,-1.3036826946766384,2.7953555646120494,-0.49717066623660333,0.9804934374824142,-1.2849794686565035,-0.48685922192122666,2.8000842184182027,-0.2876668744159782,0.42006433000968635,-0.1369666298258104,-0.5558721390678302,0.3127274555968626,0.6182415497400802,-0.34722809162893664,-0.09407460714438319,0.40499050642082846,-0.2646211158396116,-0.08672147590114557,-0.17316784541773875,1.26
-0.26830825233986216,3.073952917151415,-1.8237286692773422,-1.849600993938668,0.903606347488896,-0.36540519134219873,2.9294286325938828,-0.20689481505563487,1.6801087280581262,0.1640598352153343,0.8045554732691547,-1.400183258293176,0.7483449190406831,0.5795111658402355,-0.46835706146421197,-0.8022035789976721,-0.9440436955939536,0.8430706268590924,0.5049480769140919,0.8060498989048976,-0.15327914372816098,0.32818563318817856,4.18
1.0874716192039766,3.3606555669431604,-0.9447658956071255,-3.9813767616812803,2.1794717599013658,2.5575186238228915,-1.457964054807075,-2.758491042942509,0.2676956995157216,-0.7825627486061177,-0.2746062174193979,0.598753563180072,0.36394137598753884,-0.8416641473548683,0.4890061480048184,-0.11701796347609793,-1.0822191724299763,-0.6571055597688326,-0.28755870385050913,0.49589932240509166,0.23915647929287226,0.7991908316040544,1.9
3.2637390525875833,-2.2651857882432758,-1.150214592761276,-1.4564462717780031,-0.29166998968537744,3.4211375947010834,-2.081596920836633,-0.9497369308742886,-0.806064693920754,1.3430364371331855,-0.724388331345734,0.4662097635360791,0.8097704263482222,0.19780338367843678,-0.5425521369338241,-1.1446783622927346,0.17571584678588265,1.0513852001915247,-1.3988480786467747,0.3574029070108891,0.5911570178274139,-0.2381689278967243,0.04
-3.6550090279749265,1.3307449233767528,-1.6562442137994307,0.17127950633818154,-0.8147151147408319,0.20962113266978982,-0.3370260891161955,-0.3439808032354558,-0.7071482893843395,0.05011300508088588,0.9461741482152537,-0.4240526456601538,0.8026748794128075,0.8164594559227604,0.4114636461686307,-0.6972404135790535,-0.3065776133332206,-0.2844184396581341,1.0509824422790799,0.07313765770783175,1.289250126197742,-0.5163695991737612,1.4
1.6837512625370825,3.3962934130283045,4.369169474699518,0.17150062186318793,0.26579277195385503,2.1434655689798405,2.179408524366041,-0.27607353088883824,0.21094152235101757,0.8015701217364057,-0.10451899536536315,0.7925329435515827,1.9427733058644843,-0.1522452153472287,0.0687036142309135,0.9882162078886928,0.8428495321050408,-1.1653261392202223,0.5527406019638302,1.8226777356394719,-0.17122362737094235,1.0248862922010697,4.32
-1.5408372925539051,-2.58046741048128,0.0841225999495027,1.1540565508247032,0.0963594787454687,-0.046312790930248,-2.03840616869082,1.0112382024990727,-1.7214239570242817,1.4309297733215327,-2.2637681080633874,1.5102357679115315,-1.3880308774296555,-1.4290020860051762,-0.5185505247971515,-0.8727535153061224,1.0292877434981886,0.842452646394603,0.2482844714107262,0.1454193969424167,-1.294228513001908,-0.17579835211699324,0.47
-1.977264952167415,0.03381884310530605,1.6023805029289946,-2.385980545522232,0.5955129171880855,-2.1590587728812096,-0.3124201707119836,-0.32053881505271403,0.02008672623309889,1.4850608034236787,-0.38473701168577085,-0.530768473783174,-0.020461857649415643,-0.37186466699384746,0.36858189827813925,-1.559832503946628,0.281210788852539,-0.13006058320495098,-0.325909370799707,-0.4435905407411318,-0.587283286725654,-0.8352912032879021,1.57
-3.742089493462406,1.500301615317659,0.44754165440234617,3.233884304742578,0.250484131819254,1.891785756693691,0.15846001908567542,-1.1196230536558378,-1.5614128737733122,1.4436611067789475,-0.8891026475077055,-0.22660694002657955,-0.8221893534923865,0.8107122028250703,-0.1679483441375516,0.0704159455206267,-0.7352418000777486,0.2121919725111581,0.9301241929370296,0.8557408927670109,1.0375348727640694,0.1845769232767694,2.48
-1.4333532644641551,1.8645093878678778,-1.8429821656261935,0.36109952194721756,1.3422537290353243,0.522593088885712,-1.5307726164598865,-1.1143882865870436,-0.8942504287026255,-0.1321482898209563,-0.3678276792629083,-0.6388606379511159,-0.6420884282132798,1.3056686844759176,-2.9840183522689583,0.252919427624846,1.0941408549153915,-0.11124324890501712,0.022999377764868996,-0.34999466621818437,-1.2358569607253245,0.9097593527726343,2.35
-2.8673990265696303,4.6712085903597815,3.025831210083336,-0.4811455690523429,-0.6867428616473951,1.8222850433231326,0.38811633147143265,-1.2692123584611426,0.5512705793041429,-1.5170918444759298,0.21406009127116574,-0.879003204169339,-0.6588090007801075,-0.23714474568104432,-0.3387474325207358,-0.5826954392831375,-0.007630490704747826,0.41470645324169264,0.2731042253443631,0.37270798565801805,0.4003298366383242,-0.7499478554542547,0.66
5.295694174576709,-0.3021652888492043,0.3847463501272299,1.2305587904035626,2.677779781353921,-0.0770176076022428,0.19065334926130906,-1.107486133249651,1.0570496641006009,0.14894451956484026,-0.7626477421417192,0.8494346477709634,-0.8293225416602267,-1.152964366741652,1.11043023222474,0.040850147033554135,0.248202043762689,-0.7453577974260027,0.2942906284591567,-1.1068651530110152,-0.44038538294070645,0.1216260240737925,2.39
2.4111472152550677,3.010767093825749,0.5868873537147555,1.220430915412698,-0.9821912283687221,1.307347403679119,-1.164310070975579,-0.7070457559527773,-1.0950423327655594,-0.037357948824409334,-1.72439009545501,1.0190216054166865,-0.655903841584791,-0.71723705200096,1.032613869520794,-0.18977120150018445,-0.24402560644181728,0.2614612216894989,0.05097132708468694,0.8408051705882561,-0.23225672885191212,0.4727122693011952,0.88
2.577231480351311,3.6453829715330612,1.2520371156379908,1.776190588112763,-0.5741206171471022,0.24741360316846864,-0.4333655960170567,-0.23300804700298033,-2.014664107647076,0.3456006677757738,0.4766159779572372,-1.584525896777978,0.3514355833631732,-0.6483186821559326,-1.142430955852042,1.8513417148016664,0.692621081400916,0.11784569096618629,0.7137677040188234,0.20401478452830485,0.10399894653352726,-0.28887450263113307,2.18
-3.498182360512376,-0.5316661624541923,-1.3519230253969425,3.471110495123533,-1.5224225640231492,-4.254978059458114,0.16024594457979915,0.5463113189670631,0.1067259456938899,-0.19375174586456953,1.429850315509449,2.5310252599084553,0.6367825768236525,1.2086154065865446,-0.6219818183319471,0.6388023827461664,0.3708168789935738,1.2215857973244584,0.4110400998537953,-0.7339748625732845,-0.28271831509003004,-0.6407160968026699,2.27
1.3055812833470057,0.2963893489707585,-3.1511573417876906,4.38325881466897,-0.11082786204574512,-0.11454826491704442,2.247309338180767,-0.888655703014854,-1.4585207314086006,-1.0962575977170326,-0.030020648889897885,-1.30993109628128,-0.479075066527021,0.9419064608292843,0.9411938757947437,1.0949007554568841,-0.02942221170689366,0.008806366004981265,-0.3293581267006977,-0.09669242126922888,0.9469524613706253,-0.45147295074904487,2.08
0.6617991314547397,2.2295856080760874,-0.13696067017984861,2.099024730977476,1.0731135862303973,-0.7401967849357717,1.2278617379653667,-0.4296602747806072,-1.0850509772190808,-0.9141306566228244,0.19072285257150545,-0.9641997331083436,0.1752265307603618,-2.36544235898539,-1.4156330287573844,1.214609299429597,0.24099453172446753,-0.7939673109917058,-0.21712610402528204,-0.6164266272675726,-0.7307892490526151,-0.10695000110424244,1.37
1.6720417433456005,1.003025851679666,2.0919672811027312,-2.3174959362101926,2.999907326888989,-0.726843886086853,1.2237289603600077,0.12574494987125015,-0.9163910943857619,0.6226716623441518,0.31448777166715136,-1.9328720775241592,0.6080583534083922,-0.4034605009066913,0.8088392457863778,-1.5956668903081566,-0.5775570819636904,-0.8008512279444316,-0.5389226266815087,0.32099121622813864,0.4591452797129113,-0.8438003758409648,1.37
4.200612872830115,1.535688614197412,4.318446870640929,-0.8084080516770015,-0.6446917631672381,-0.329393961249851,-1.8949350983216584,0.5765649784209594,-2.2483154451058787,-1.108303960735034,-0.3951774567942425,-0.03152281153078928,-0.2673556252815959,1.5559438418020166,-0.23459750038887853,0.6760293701368686,-0.4103266755253648,0.7087746769985102,-1.7864347468671467,-0.19600740090998645,0.7773980961607827,0.4448820632631697,1.58
1.8214074489620737,1.9043996859383303,-0.5391848706936345,1.136366757765282,2.021596011221222,-1.0355854886046025,0.6620694348661434,0.6029698379847538,-1.0247351590372051,-0.8550484881784213,-0.39368366278761346,-0.6031386193944852,-0.08613362306065235,-0.9770967184302323,0.9832533426525416,0.7086839546660716,-0.12105421184656825,1.2064773423580522,0.6325361077285119,-0.9629773229519619,-0.099700989668726,-0.11504960575872011,0.67
0.7886318362707644,1.4441985229815295,-1.9940376808125826,-0.5024363157809522,3.215186841245296,1.3966954688685003,2.85334689629049,1.106976706396243,0.06442418518645113,1.6327979393558354,1.1932150654538296,-1.1828405865441165,-1.0408634110355879,0.600650408985727,0.4035021949328965,0.9027328416569029,-0.4929359108343243,-0.07452759691289462,-0.23345032354295236,-0.364792414517288,-0.16493571471866716,0.07038124774061015,2.32
0.5257327942071773,-0.25180994605455725,-0.9165852291026196,-0.5660486531162805,0.8689133966628159,2.7083906006146257,-0.6746159573435868,1.2057749162086122,0.009903694559220416,-1.0306760298851068,-0.04936435705191589,-0.8277836166278136,-0.42852986816645466,-1.2429176244684108,0.4949480356913394,-0.04115995093072055,1.1788050751823047,0.20167171553951707,-0.3266453983078781,0.8238682812409218,0.047114190249044285,1.0906686856942185,1.76
-4.653317218396106,1.866549265023143,-1.8898138541608331,0.25422695047562566,1.9786812723984555,1.928280701141681,-1.2514897896970685,0.8464273932607622,2.263522919280691,-0.9413696231265208,0.06807463060783399,-1.7245743341564959,-1.201111698713051,0.2587754794304078,-0.10415302909751946,0.49829690772367335,-0.6445899219151175,-0.5635260386678804,-0.8047006203725322,-0.38994892196104664,0.7324460285619411,0.6861359564400509,2.21
-0.8467111136118035,2.199880409918066,1.1850635642533063,1.3904607111006602,-1.3943020588646564,0.09498785903720382,-0.566326765522393,-0.8475105448954383,-0.3146987024352366,-0.8763646843221553,-2.2565282380189626,0.00952403624555227,0.11663943825733822,0.9643700256087187,1.1863727868265854,-1.3190366832454967,0.045152784265357036,-0.07241634199215458,-0.023126808735582944,0.01487479029670601,0.42415927426969213,-0.5439255067063318,0.39
-2.773825221957063,4.326059284768573,0.7916754048597464,0.006622152356927763,-0.28879414498863026,-0.6867435486406652,0.6608392636490473,0.03457209801151142,-1.8098021675616602,-0.28552881263764746,0.9878681918090157,-0.392913382844152,-0.26187392257840414,-1.8980677316749415,0.037223994611842386,0.9637946018440118,0.6810112472900693,-0.38951556141049537,0.47516418694384865,0.30734431135715184,-0.13795742977433464,0.28519349962389234,1.89
-2.115613266636958,1.3844642521058423,2.3261777613747414,0.8729351841719442,-0.0920354492652959,1.885305793745879,0.5869565486322719,-0.7804525090798485,-2.366223079132744,-0.217526808894392,0.6415838507464264,-2.287144152483111,0.5589617904418072,0.659372404225421,-0.6746531206858892,-0.3988164497502863,-1.0773430771547996,0.7469775891039792,0.3977944777504158,0.5085421159864354,0.4032962144038465,-0.3708064082417237,2.73
1.7246325734708523,3.388109190429898,3.430009603220253,-0.22608221365741948,0.6167538343201674,1.2587602396271864,-0.2660818509795348,1.5116564462132693,-1.2937667813951093,0.34871628024122014,-0.3981887989019428,1.1732210038518354,-1.0326858536386332,1.6470478850040449,1.1201260893404876,-0.21469658699972335,-0.7628191077320409,-0.05836370602012014,-0.7531787519620542,0.014269446373306858,-1.4124929028360904,0.9282969756932934,2.34
8.621579616728956,3.72848386640631,-2.475621322843614,-3.128633317338139,0.8786328812304048,-0.23420803613998617,-0.15005582587694413,-0.26397409043544956,1.9633456367966897,1.967873184340413,-0.04997066087912155,-0.06496632928660866,1.10116097807733,0.8945079648323708,0.24077872155428076,-0.9970471785664238,-0.38980692330447975,-0.46004980169822174,0.052006301640690845,-0.5028824533185628,-0.17746066128261095,0.4582057106596575,1.06
4.009786382931817,2.6633187716244486,1.414522913503371,3.831890413159928,-1.332587271874682,-1.2047828603006545,1.208719507187053,0.041830895791710856,0.2063834056297944,-1.1408105984353285,-0.16314646335644714,-0.1127685706641608,0.6500046083302181,1.0069647471456686,-1.2109739535909294,-0.31441028478961996,0.2746479395459373,0.8754297839452002,0.052121420648681305,0.33832870900092266,-0.6170481613267266,-0.23351706870188435,2.86
-2.1298532763766684,-0.10331688253912952,-3.6783313393753376,0.31600371647457287,-2.169226161440138,-0.7284186231372257,-1.0838549280669465,0.6049773964161698,-0.056794752028513834,-0.6829390763193426,0.06861273195870798,-1.0901224441897823,-1.2575833282102342,0.4064099061812214,-0.3484317899978738,0.4255109210814492,-1.4515427109562897,0.2935297178420199,0.6326506668802216,0.04277878966090826,-0.005199386614606499,-0.2929400271884943,2.07
-1.9321442046456618,-0.8004772933119376,0.915178135238449,3.1817002870790163,0.6148937799190178,-2.3775980682527322,1.4781423367607809,0.3207743591159495,0.1488438897852042,4.026113563976017,-0.012055341559041501,-0.4383178849547879,0.8722770588088256,1.0737899043498984,1.3681474435579672,0.6893628757719814,0.25039624928737886,0.4629188166952738,0.3953101801670366,0.07326683156635343,-0.8642828887294165,0.8135786806472844,4.51
-2.118067077081994,-2.6986419456638187,-0.5754907186800904,2.656110710611413,-1.6933339799530123,-0.8756345217586481,0.028424653248842486,-2.077568060397406,-2.4148786420206525,1.0495207800477384,0.7467703776728206,-0.5427759409373932,-0.55995877185528,-0.14893182839886443,-0.07262404078495084,0.24505435991557148,0.800802982025788,-1.4182341823696114,-1.468128172941417,-0.10874319211669982,0.45606403208517526,0.8324854300589818,3.9
-3.707204625531824,0.6864647644243536,1.5652373220102207,1.5596025750152398,-0.5460221554423236,1.0893581218673827,-0.8679295924718856,1.597866827188119,-2.224066804312383,-2.4542393052302724,-0.8267622829364392,-1.3838590607581804,-0.6697471967315869,0.4396330012090755,-0.01341769639757568,-0.37156211828311214,0.8562108016043616,0.8147439869909491,-0.841793344410549,0.7834825880390398,-0.21208658560924648,0.20238148426048794,1.64
0.13237608383690724,-0.2183578533402831,-0.2876483681837969,0.42932643362410516,-2.3496552307936387,-0.6604480090119277,3.7605274164741838,0.3037644472460615,-0.06912813670820651,-1.0498928183130765,-0.4513809642915567,0.33340696434708095,-1.4911336227684604,0.11761071542537217,0.886456572518415,-1.1678452434644946,-0.1923861086509344,0.5711521797097522,0.4490013681114303,-0.608448883543236,-0.3406100739546304,-0.45739479554032075,1.81
1.6039606359646068,0.9400584395552651,5.697846275457701,-1.4676371522638605,2.654128909714688,1.7489429957259701,2.718900704186696,0.4831228034441445,-0.942452873471995,0.43437932909380084,-2.1354267032832985,0.4184940126150427,-0.5025961845850127,2.102653378699746,-0.34021066019480195,0.5134633843421984,0.9995438247359343,0.010017900907839015,-0.05917959576556766,-0.6203059266617084,0.5390474948705266,-0.45608896656424924,2.14
-3.9187048522681613,0.16290730681572202,3.098106927956438,-1.7664605648304743,-2.071692395360583,-3.339926596043292,-0.057550252376177835,-2.4694175613522886,-0.04949919501228959,-0.04927495077710101,-1.7657973342798035,-1.0212568064509444,-0.38695282457734803,0.44348190795909126,0.3896347188229425,-0.029637246309107423,0.16714558976513452,-0.0681922848386656,-0.9630227512022146,-0.4811576055596928,-0.1696373708345525,-0.657279998981267,3.58
0.2665528353256356,1.6374220271367215,2.756409694552379,1.2195208291793111,-2.058664321714548,-0.6631273927678513,-3.830598795783641,0.3763895010393436,-1.2797787526338154,0.20133338081021457,0.6537678423212887,0.6875104135583684,-1.7213817276821528,-0.6540719982921743,-0.3158383534769532,-1.0510781574431147,-0.4285711361061396,1.1462652264439859,0.27878950070783065,-0.37293822853335135,0.35105713168373015,0.05718594793314139,1.23
-3.662870863358648,0.24568231217401423,1.2314510451527094,-2.199316879562849,3.0276452025065597,-2.363177176639041,-0.3643998526944356,-3.466721581485677,-1.548213132119982,-0.1709902255312072,-0.7521681444241048,0.3131985023472568,0.19095169878057586,-0.026827185277942284,0.7795760167407739,-0.532110188336984,0.07202344779740202,-0.751440724156543,0.017904427587052834,-0.10933544860411856,1.0443402908545285,-0.5283508531781304,1.24
1.490616886570032,-1.6576351840600738,1.9976130628507927,-0.4294692033960429,-1.2179910969047307,-0.03560857047244452,0.27686766996063367,1.2872314837312553,-2.5967510378916994,-0.05702298994532345,-2.1897766715042417,1.7499855643864342,0.9990402563711347,0.6683706574184741,0.6201105959673979,-1.3706336168271958,0.669546011873721,0.8961614900420821,-0.36461409601717903,-0.7325588826953155,-0.5973579147576692,1.0639111719168892,1.76
0.13985059476953365,-1.2788899805137692,-4.807823973374707,-3.286095088942676,-1.0832333211836052,-1.103815821506252,1.193164334559739,2.0439934373864683,0.23606792276354907,-0.7760324550748813,0.7149605621476073,0.7507236502235818,-0.8168888424397496,0.21271755462393543,0.280355367890754,-0.45453587746453455,0.40933200915678775,-1.2542144441677388,-0.27847950424977475,-0.8915270060661374,-0.2880273640165038,0.828250723023105,1.37
-1.1177670496323622,-2.948192575078855,-0.7069645520688363,-1.8479600854414218,0.9213008717136167,0.040055756716639516,1.4720595795940963,1.3693476286469675,-0.7736381570286515,-0.8647077603096588,-1.4554171463487773,-1.769757624077627,-0.06578888496195597,0.3051406571729427,-0.05735926285043638,-0.01955971552967977,-0.22550716164576173,-0.042910238269702736,-0.34248103994257206,0.09475021502075293,-0.3817013803900784,0.6901129866048582,3.18
-2.2472871785725177,1.9686078336991346,-5.743426430218328,-0.5858405772671099,-0.568261956034004,2.195395673377646,1.1076389994997864,-1.4397246734683715,1.9856940888938774,-1.6484459456408733,-0.041121473239891806,-1.4497393957747273,-0.7772813070432282,-1.7212652736326368,-0.803093252029072,1.0246139719180736,0.47857218861359,-0.6723551050783999,0.41527845064348384,-0.2951429601050388,0.4272075647304697,-1.1179603963722435,0.02
-2.210241276666326,1.686304563328261,1.2433551575384747,1.2931602141961045,0.6233766140169692,-1.1288928160643776,0.7979706582697961,2.560499374800026,0.27410670517994157,0.6415621831113736,-1.6688622842170895,-0.07375970721901012,-2.4499048556764036,0.1795985064376339,0.1269403794595996,0.39516088717435854,-0.45686257845628453,1.0533350425561367,-1.340200078642768,0.007429659081163132,-0.005777973531633431,0.9758081423030754,3.48
-0.0581324649335517,-2.4647662712463436,2.0694164669635233,0.49877544687574177,-2.5481531734531626,-1.3115919859099425,0.690380176880006,1.4371994141038558,1.038687644699348,0.43939091873130803,-2.128900976429344,-0.1872467911927228,-0.8239644384802303,0.10010433883198133,0.8810154159728176,-0.5518088120131727,0.7336397753267001,0.014139392545672537,-0.6318796209701958,0.11044840870126003,-0.4746650295951961,1.298005831525586,3.27
-1.2687122469477663,-0.45668351861534556,1.3737843512445294,2.2512224211399845,-0.06715578418429995,-0.4014417085188808,-1.7360641042411549,-1.218374057968064,0.16893810006016746,0.8841466760472492,1.4234148686848747,-0.7318351229318584,1.0624202211768439,0.4019766867396908,1.1562459890912102,0.3054966552782738,-0.5227607801808891,-0.27278686606719393,0.8623749332237016,0.09855081068882213,0.5705302635154929,0.6058533734980013,3.91
0.3995563019139757,-4.541862646763351,0.3270554225791645,-0.6706420245616034,1.385534354048995,1.0526933554174709,1.3759384426096648,-2.1889032618008764,-2.9341214913261777,-0.577743288605889,3.974975072200095,0.06999824260648628,-1.1483970925786122,1.5604431625863218,0.046410278369610196,-0.019733801097771432,-0.012127676357091683,0.08540084839084024,0.3433064120994203,-1.24224533183552,1.0012990376506528,-0.11700132687179032,5.61
-0.3400395800111048,-2.8766881245165328,2.424504846497078,1.9955501071030803,3.5478677452552843,-2.497682387161573,0.11548126205991908,-0.8728598719291786,0.3217846664959738,1.7006359722776199,1.3123101122672072,1.3390549930141364,0.2851756095019005,0.3532934457489996,-0.7379661241274422,-1.751719407235349,0.3323797554534257,-0.5039314990538493,0.8824747362555927,-0.23648886258414142,0.5763963677294754,-0.7959064110377243,2.84
5.759780333631114,0.23285054234542493,-1.9418723505857187,2.433619343689658,-1.1394580522144944,3.5912337541662764,1.5290124926121067,-1.3341265544500194,1.471546049399765,-1.28221756944269,0.888387300254595,0.6847406427839751,1.844508411883321,0.7175447979315623,-1.1675911562198116,-0.024353881157848412,0.08891483393317179,0.001748318492773378,1.1518610509817016,0.03193325050683233,0.533783099832127,-0.8772845161964349,2.13
-2.1726980307688417,0.01900321094089107,2.6839818146127925,2.062467157111005,-2.818788279133964,-2.7425682203754467,-0.735452647988806,1.7910527333559112,0.13152951966112011,-0.46530301697072113,0.22199632569677794,0.9843298881836914,-1.5090522437211442,-2.356667576684914,1.0350475527595668,-0.7597739139239575,-0.14306840504193102,-0.17503521284624363,0.007572385451003348,-0.05351584536449372,-0.9510990596375456,0.6394696887212062,1.97
-1.8494301799825732,1.1877330705878637,0.770644729155609,-2.7135106039084333,2.149473994952706,-1.070777830958358,-3.8418162591459772,-1.37377279302139,0.9161976016396917,1.4662843495684688,0.7250303312672751,0.20896635836659355,-1.038347654464282,-0.408754830101995,-1.5909924805546198,1.2326757878037078,-0.0622700885912191,0.5549016441348589,-0.3908249021312285,-0.3044236158831816,0.3568065848413787,0.17327653082696332,2.18
-2.2264095037008547,2.667883972815151,-0.13058522158394792,0.629822867675471,0.43298380087369104,-1.3983430030414281,-1.8668110982769677,-2.8718144278936424,-1.2010343257603244,2.449346490589773,-0.2837245953251522,-0.883089709629711,1.2928040837758081,-0.0006279171784699985,-0.6254766601195567,0.43973099540814603,0.2565722610333556,-0.14182088326387926,-1.5514877143750145,-0.49433975867218305,-0.48384471958507874,0.8613252871098444,4.03
0.24896678873751982,-0.30607081302391137,-5.707016120225957,1.1854911258304508,0.627505603483884,1.8717879241546833,-0.4860339623724952,0.6804302080938991,-4.060852594813797,0.9166448942626355,-1.0118585738176682,-0.7060786284972936,-0.9474065548746128,0.04124984873429873,-2.626195384161841,-1.2237999304155731,1.235521857756784,0.09075096911241581,1.1548563967922465,0.11248812232950597,1.1570983300462887,-0.3372434226600636,-0.83
2.7933944908169344,2.964457868036245,1.248618752833172,3.1812620513098695,2.338192172400517,3.5436430814346154,-0.5847539002802028,0.2719230217322398,1.158305077348222,0.2808195119544626,0.04064786707580417,-1.34885501374005,-0.9153793458065262,-0.026763534312049996,0.11253575689761385,-0.5346503560931344,0.8270234292535115,0.7536630172084413,-0.3010040228006337,0.15844062318816052,-0.5955845303098412,0.8736002463369599,2.54
0.36093436287605934,0.673929641589203,-1.2671509018415898,2.9113326012659724,-2.2772989438440825,-0.9127764932352578,1.21490308803759,0.07415528656668774,-1.066660979392309,-0.5244252692112329,-2.0591671903963866,-1.8547457253388067,0.37149297173994394,0.12979846878397874,-0.7784922643249567,-0.4963447573628828,-0.07959111185040611,0.6082996170147704,0.14491418788220553,0.22317233315422327,-0.009166991455207094,0.4937301813775359,2.88
0.43165791131185305,2.483577761002193,-1.8097651232480667,-1.480851097126249,0.3671860417460845,1.3371268767265514,0.3932862576291744,1.3728096287831921,-1.226961224762165,1.1844375017669262,-1.0378717628269987,1.5053649591556784,-1.2200190782842173,0.09048664135513748,-0.449017322311852,-0.08773113457605505,0.23009661916381013,-0.19365748174489625,-1.1704088484388238,0.834156891754858,0.5047301277816344,-1.5106548610392354,-0.86
-4.329775969482315,0.7660551049789291,-1.214564901182291,-2.612669630324071,1.4717904614138815,-1.1795055495392504,-2.0512793013062445,4.214331856840887,-0.8758951185924162,0.3426862806562535,-1.763771456868997,1.618938389584106,-0.6558712220058197,-0.07917757830384375,-0.6887214448734091,0.9784548652316072,-0.30786233587821343,0.18988587752255803,0.637180808319832,-0.6722818347034929,-0.21704082368368494,-0.13843654843248113,-1.04
0.9493879099964783,2.6914959688533653,1.9360828583808483,-1.8514193829870602,-0.8888365268917262,-2.062003550633965,0.2379447327199684,-2.607312419738105,-0.2547276197758782,0.19711208735132524,-2.2563799529762036,0.5160336932776711,-0.9371819665643315,-0.7052102528871436,0.7700629068085374,-0.21378714654235437,0.11773270925613145,-0.4904750715316986,0.9254512321669532,-0.05775265276954501,0.18660030630238333,-0.32139944551576144,1.97
-0.7524521127996155,1.1671378248851636,0.24909445697576685,3.221454252897917,0.9683190927931117,-1.1170369802774216,0.013359054548870458,-0.38137870324345974,1.146612669454954,0.7637479611277772,-0.9371885189242428,0.8615842149530292,-0.20450582651899946,0.46215837351471634,-0.44710627907480854,0.17904359888142632,0.7554694121536486,-0.055518578086009074,0.05541894523701993,0.1412456064793787,-0.007895309204357458,-0.8436345493507488,1.45
0.046991097451943076,-1.237250758539008,-2.0786824658441883,0.14430268272800234,1.469996504014529,2.0850098618075954,-1.2792146086408982,-2.179483030613911,1.3018848169694113,0.34138187653370283,0.15024992498732892,-0.570927981873517,-1.5210737211977154,0.0924634587501102,-0.29463352485205274,0.5142474091232713,0.03746483421872751,-0.9334110969502258,-0.502166364793431,-0.3140340263409275,-0.05095940151918392,-0.6050466606278108,2.23
-1.633189117982196,-6.3672827314071805,1.7877242743603354,-0.6679083046410835,-1.174665195311331,-1.230241049685642,2.4189852021583356,1.7141857880569897,-0.6488682813127257,1.2064765399645412,0.43999445700657325,-1.7608415291023798,0.3614640479820546,0.7493443361794522,1.0431622481101446,-0.7122470007426152,-1.052495604247987,0.3827629099609385,0.17180144315321338,0.1558354940051406,0.4208979782206972,-0.14015104647474436,2.32
-2.137812014459631,-0.11732690457107955,5.081596872646328,-0.03784744264620645,-0.6837178147953197,1.4621187699425382,1.2231602804710722,3.2231582231299973,1.3485351844370197,2.0970462591520156,1.8139002296830993,1.7728035509350377,-0.8849865187418525,-1.582951964761508,0.5233227230553957,0.9168393518777735,0.595564623193657,0.06804803907107984,-0.02638532135306032,1.2387898262577965,0.9383761596641826,-0.3306773132417283,2.92
2.69124196043437,3.8700890046841887,2.426605495344669,2.701150318328185,0.2051178737921032,-3.113398663238928,0.9919925834864056,1.032464881685198,-0.22207899661419647,0.9746993729087493,1.2688139350325107,-0.2837840735190777,-0.5058100572648829,0.3990849348051345,-1.4581585502011405,0.7814382264909089,0.866807113265093,-0.07453376508042009,0.07692231350002054,0.8219532356466543,-0.13287263211445896,0.23888979935778734,3.85
-1.0873711080999373,1.1285270406219876,-1.1136224659609466,2.2529665559213012,1.9953818341557084,0.13797531871656188,1.2493564529740968,-0.21865497516029625,0.685333832834945,-1.971578975826175,-1.7573979700322406,-0.037983755183573185,-0.08836924737329885,0.4462735183962108,0.25829272034748696,0.7479971317089974,-0.916062873842331,1.5830464939820514,0.6896055047096958,0.02957990456929934,0.2519553380590343,0.25307431218569915,2.19
0.5408150816840624,-3.6362075435266576,-4.650201045098252,0.10142749610659885,2.648642028718838,1.9146476024947698,0.4695954354258459,0.3529419119096481,0.21390798211733994,-0.10116354089131965,-0.08762969728362649,-1.3521027088868651,0.8215083234696677,-0.07373985642455533,-0.2170560993025741,-0.13259269129323104,-0.5018046548455208,-0.05952541968895115,-0.9507160535262883,0.08651973598967955,0.1935408185284576,-0.5033843480639272,-0.11
-2.6114607962656318,-2.829797043539475,1.753549914326526,-2.613430023074177,-1.024144668871755,0.5516498367702101,0.5236804201025468,2.4501625835119034,-0.1567940174784619,0.5445649372249188,3.4919892745961594,0.10633569765149947,-0.502193384391304,0.1525049748901079,-0.04113724947500245,-0.2781439166099629,-0.017991125043823848,1.2700649451604338,0.06336550943087331,0.1603688429517251,0.06484561076440447,0.0579118014243438,2.7
3.715942418083297,-1.488611222682272,-5.328905531325956,-1.3151474385573778,-0.3563419451655589,1.1960013605891167,0.6835748170823848,0.769041253123825,-1.013131026783443,2.0479903170796616,0.4821909522633587,0.7500245700690831,0.5526976096244606,-1.4788399374238461,-0.8192442354020595,-1.3854201292575576,-0.5734565495064451,0.21909572257050802,0.07573488980409657,0.2520972427086347,-0.07016959966784962,0.5551750828509266,-1.04
2.8551003660249665,-1.955751020802687,2.41733420147478,2.875908952505421,-0.5204295852143841,-2.839048291301443,-0.15101651248846482,2.842516093712914,-0.021945149992248086,0.0006595534007355641,0.9893771795605807,-0.7843932097651495,0.940221276839152,0.14863983379066334,1.079826488107865,-1.3768930714626801,-0.44035219828238575,0.5763728203622096,0.17081516051353138,-0.5424652112722598,0.7222819486479795,0.44730026228636494,1.68
2.7876685840982036,0.06896211440789995,3.709573655933428,-0.5167871041993477,0.27496486094857303,-2.5813282431761104,3.560501243493797,0.3979743648299638,0.36275784454367294,-0.3647875033362112,-0.09194961628651596,1.2098814174498012,-0.17857717529478,0.07575311270828726,-1.0156941286551076,0.9498488377015374,0.4923636512791174,-0.5130006966629893,1.1253884024972283,-0.029736850809394977,-0.5619143737103892,-0.3182564085432192,2.66
-1.1272651898839552,-3.6586828704617256,-2.6423977869061868,-4.313929067499953,-1.5290760225591273,-1.6048879066565214,1.390115774207157,-0.5723746440375864,-0.49287239260866245,1.9741874892467364,0.5618696705531315,3.681786415505702,-0.5393724009717413,-0.14652790798832635,2.0968730563184144,-1.374505515338136,-0.27444364625962214,-0.10131841138799784,0.4501995074620943,-0.460613316800181,1.233278653123607,-0.4191373583663819,-0.32
-5.642583820296135,-0.2667040771975099,3.2495415480987075,0.9652249444977161,-0.8043216558339199,0.13386069035521064,0.9246304802384241,-0.3747989719338972,-1.3907840196573547,-1.00304717429782,0.2915415984556378,-0.4780161822467999,0.356601101282341,-1.418604081557358,-0.13922522789183478,0.9332422704962062,0.2246119605587407,1.3600185819168082,0.4558846144407691,-1.2125777039642809,0.6931883838575611,-0.8350667072996866,2.83
3.250792356921383,2.765665807908676,-0.1050148489835045,-5.565867131505264,1.6807845116723739,2.6624012963019275,1.1759942427447092,0.19700938403136597,0.8713736670135108,-1.9275660776675763,0.9548447631799211,-2.0308661749287844,0.2105734680294516,0.08250949836200235,-0.34336088290102035,0.8442931074748701,0.4803262217578265,0.08630250460215765,-1.6562127672228766,-0.39879014501371274,-0.0840902280982732,0.6802591607825285,3.2
-5.087535584829553,-1.6707596990164677,0.8650678071427531,1.945613225220319,-6.044568643154717,-2.082607834959005,-0.9798868433242696,0.9044141800544077,0.16528932337160662,1.6831875656538464,0.36045365589330175,-1.9982255230829367,0.1481321348552288,0.7137996912992459,-0.8447092721540417,-1.132565042272834,0.24265927529269712,-0.5354977685638095,0.021649110410608352,0.0378967095286293,0.39189939876337404,1.185481620270008,4.51
-2.0071532283678457,1.0423039144083381,-1.288508796547169,1.8040657422014053,3.175734080286428,1.5827192113500135,0.8244126793780032,1.960657511161267,1.5720626518923606,-0.8694398058555747,0.010013312426419676,-0.3754202792082713,-0.18638998673758345,0.19482210508863715,1.6073507336747104,0.31603430561934776,-0.06165735927257951,-0.2048703130046383,-0.6382586793928655,-0.6390732645064067,-1.2465316841271616,1.1189073485057288,2.87
-2.708513363819127,-0.39753782968850854,-1.763887735679645,0.13642299264434124,-2.1119166531587594,-0.491778134758837,0.005897133897360828,-1.117923419402554,2.413419324842218,-0.5011767607875164,-1.2471313136952298,-0.001253672932669001,-1.2517407352326317,0.6658527419782776,0.3711160752932975,-0.3222216118701636,0.32990246307386595,-0.5856183179422565,-0.6084076082657063,0.6898839651203269,-0.5517501989918409,0.026622691452503087,2.71
1.421315003185237,-1.5982317775411925,-2.86686698753087,3.4964649666171397,-0.6580868937314551,-0.3209877866997224,-1.8276805357170312,-0.26808902723110944,0.807146033958579,0.022034992107261776,2.173926612775414,-1.2011585917888212,-0.291803593269635,0.8583622006026616,-0.08008143898993904,-0.9688971986938938,1.550119819671838,0.7599616592430692,0.41539557842006586,0.3559302479858424,-1.0437100457504433,-0.806099637655868,1.97
-0.44788841465668505,-2.5414719953115363,3.191755706084483,-0.24655453302906827,-1.0960494780349679,1.8688064977000767,-0.8689188918668709,2.575456085619448,0.4627388454211536,2.371440094200608,-1.023124886836927,2.690407884367522,-1.0142157975541464,0.12417375406041616,0.6154145363381944,0.1895050174023202,-1.1363868232872638,0.3333890014098101,0.16911049960610391,-0.4081885958238951,-0.309909645289408,-0.3899818529770539,1.02
2.289840590898023,1.333052988654292,1.2696731293072454,-3.3291404889074214,-0.835730708597649,-0.5507333273148528,-2.70453946220905,-0.603972615548919,-1.5680941503605543,0.8444807178203395,0.05764919181164596,-1.3199399125781552,-0.4015362553142887,-1.4162805515903127,-0.3117020293037054,-0.43224156998541996,-0.5239025653507625,0.3249157873245632,-0.3752701292725626,-0.027672020236350632,0.15860086296845388,-0.45222093115062045,2.27
1.3248137170415653,-0.3152048389182033,-3.668543284214344,-0.02473261009212293,0.16451781790394074,-1.3084268746655396,-1.8650231071564136,0.8089799667492261,-1.098783809267334,-1.1485113806239282,-0.5072347278578175,0.14974575000612092,-0.38963648222653025,0.9446029066068717,1.5152815085944347,0.5672949285619743,1.1872307615582192,0.3820726696268779,0.6656920893694208,-0.404337546037808,0.028513780369527255,0.16443596322039428,0.2
-5.326313670436888,-1.9672560685728628,-2.6381025757181207,1.3034029470742174,-1.5208335836770666,2.2414144749575176,-1.8584828922160015,-0.22429586804791227,0.6571326755490979,-1.3924864544391455,-0.5533977514831109,1.5365212456213422,0.8074424368482681,0.2545439893068563,2.2802693491730586,-1.031199999023771,-0.5366560569737852,-0.16355600722843008,-0.34055817107476494,0.37912758024785986,-1.8113710260375018,0.2129343181604982,0.66
-1.156059096078426,3.45315150494689,-1.6748923827173152,1.1429744566418865,-1.0024589069646623,-0.9221915664682167,-3.418333332784858,0.5045704511057456,1.1294555733170344,1.015875322785265,-1.3030534319511216,1.0231148931227005,-0.6665497609744439,0.7965908880315468,0.2951480014966825,-0.7457118767429702,1.0013679521652843,0.41018324868004313,0.009898112017094396,0.9080517502277811,-0.2588592100795188,0.49046846031148456,1.27
3.8777347322581113,0.26311590511158395,4.576610912396159,-2.994567708517411,2.1268306043973055,0.2474846819669131,0.3627547551825769,-0.16905620264484955,-0.27756988597542115,-0.7669548644278813,-1.61649311096752,0.8035547428015501,0.31412522570666646,0.06288609796352902,0.17563005506599294,0.01862184715361276,-2.0773180841883145,-0.759709500088624,0.5207871105582825,-0.3497892825807974,0.1392664072790882,0.5711888999814224,2.31
-0.7640322646656259,-2.185171820815674,0.331322346308234,4.292326395275607,-1.1410356179158037,2.127295916794324,-1.2193359378383948,0.32660764317137225,1.3670010782114363,-0.31601467295154484,-0.7659841032189494,-0.31609321430353676,0.430163793866286,0.3824417617961081,-0.7235561802450545,0.7480171561390428,0.3242970130253586,-1.5275728416169,0.8588392178474501,0.6045474170393427,-0.8065707651273639,1.1531499764802269,5.24
-0.38886128240271123,4.772194728269171,3.7837176651304327,-1.0907102891153955,0.06489686943447702,-0.094683007177663,-0.17136870966013315,1.1409675767795626,-2.848223910550586,-0.2908883524260544,-0.42839485964612245,1.1772051496367852,0.7273883363842055,-0.36607378958877435,0.8797268613343296,0.08837107175134772,-0.21757654516238378,0.7035928320890693,0.2868849183521947,1.3315460661965917,-0.45037918758451195,0.09260416475286368,0.3
1.883026659371238,-0.029090302141159152,-0.7694231618421067,3.2341857734294366,-3.0359196374698327,-1.6959784512849256,0.13395067389820584,0.1976465166710238,0.9073106336640248,0.3049693021378072,-2.195046544962363,0.15838214622490945,-1.1751997175494882,-0.5740765581241428,-0.22587825571781037,-0.07637351288596475,0.29417308004800485,0.37232632177715064,0.7060678830637098,0.6066369345744805,0.12818699706559133,-0.08406366937937994,2.37
5.463956806665756,1.1608747095693979,-4.757340904108867,-1.1881733546801716,0.6709402794962875,-1.8378182847935414,1.1081712816101257,0.7103728349730729,0.4060958415310238,-0.8300797087423828,-0.7164828889198677,0.43779438249205627,0.23269162658453596,1.9233821176495949,-0.8804947280928448,-0.4966357573650885,-0.4346215493653655,-0.07978903577410928,-0.10523852450753951,-0.8614278314372887,-0.7478991763721846,-1.1585659101539358,0.58
-4.5284418834357,3.5827721619022084,-1.7673093138865203,-0.8266207904064251,-0.3310650686787621,2.254899085964506,1.201314744857327,-2.0343798899577266,1.6029044383175688,-1.3008550680769935,-2.7549345306500643,-0.2631004280481044,0.592234899248292,0.8749583476446902,0.13578607353299033,-0.5823703545472518,0.7528857901581498,-0.09030042877436414,-0.9238571621348809,-0.2767840056497275,0.508283142010698,-0.9792053357657697,1.51
-3.130233902246776,-3.1258127989510767,-1.4636614275226376,-0.8184334068438064,0.20323618234994,2.0020120803044725,1.1429887415092863,0.8091683985568373,0.8276453472757639,-0.166716583741677,1.0687979697600145,1.549250828028525,-0.5556284679419013,0.8219613664231735,0.40867898910044254,0.41135163672118186,-0.7671345495645389,0.0657197319069446,-0.23103487559441063,-0.19459710779396505,-1.3209436885392016,0.2074055233792864,2.88
0.2568237953589592,-1.1757202485627214,2.2936190230781675,-1.2332426253457056,0.17145355016997155,2.419391425625429,2.485493367380876,1.9148770887013293,-0.5894817004335862,-0.9780274094157559,-0.734876128532223,2.031019857360892,-1.035060060394942,0.09302562811157972,-1.2053466201130314,-0.7295061637392659,-0.8451972796184618,-1.7461435764414366,-0.41487297603736445,-0.29386842926089957,-0.7461189600703645,0.13100704811458927,3.34
2.654232248765225,-3.5105400583907533,0.8323764091388746,-0.20699326789789982,-0.5632637088749683,0.7909270553517291,-1.368391612878767,0.6886179715482746,0.08207870809566817,2.145387243661563,-0.5781645951357489,-1.307276963632052,1.314330373827197,-1.6202512994866756,1.4622412801788998,-0.3890874901846294,0.5261260784523779,-1.0129484876427808,-0.7745227740342231,-0.22441437517689752,-0.6585406782234692,0.1078951176377472,1.39
-0.6332795818963636,2.1928126646537573,0.9727701199874704,-0.2874085083144815,-0.5815412325439794,-0.07686036609465044,1.47915402607998,-3.5508217546251735,0.5799200502389439,-0.2041096131316316,0.3285677813888393,1.1209408597670598,-0.18907285793971754,-0.5775007155295513,2.1469750849872207,-0.17837125399622997,0.6316672505049669,-0.7333859388426746,0.7424614848827498,-0.1942539692720534,0.5228564298760594,0.07325231539787787,3.42
-3.3989896336212304,-3.99835868902095,-2.128036912311498,-0.16303090663245529,0.22446149103964802,2.1151701135776646,0.3506042672992836,0.9218126043453442,-1.213796720418416,0.10424083966626402,-0.15029467398333166,2.0832084776971187,0.7705359389915047,1.8579630703212209,0.46067931695230685,-0.5469027774706342,-0.08370196381824471,0.25981169849863633,-0.2284108158668544,-1.3633691150329188,1.0847680808046742,0.4984657298621742,1.75
-0.7179740797566337,0.20613689336583454,0.3546055491880707,-2.068781881161267,-5.657983915337471,1.0075228330479644,1.5172080142852227,-1.664260355764989,1.7031280055520113,-0.961955073833515,-1.967191227388767,0.6484249421335272,-0.2541823730431686,0.47573086027908473,-0.15337616648569424,0.10222377646130609,-0.32539690635561863,0.6048211411699557,-0.8193317095851195,-0.7810849734345578,1.3754896819322426,0.3107223477031887,3.47
0.6220397974953342,3.372593305992569,-1.569545019157212,2.5277822634395015,-1.7148075579673066,1.5569226477389873,-0.12574633326796408,0.9434146807013433,1.8661009214485473,-0.9137168422535141,0.07548452887368483,-0.0870369761278575,0.8801711872267212,-1.6620147601162552,0.2753824116867457,-0.9022121962458485,0.7624081024960372,-1.2494615685457806,0.19293741033643347,0.12146505713606968,0.27428348451269974,-0.10952945659202319,0.73
4.4909256523721925,2.2928535931083287,0.09782151645772956,0.546382299453764,2.0700918462186073,-1.474105132107535,0.4314985324260309,0.6191546642364391,-1.464129801491583,0.78313913934442,-1.2953594685161682,-1.952582034806464,-0.6130780148580265,0.6356289324703547,1.2599588070672663,1.365872201325859,1.072701309585217,1.0841009628629252,0.45126325428370967,-0.5801199826465151,-0.9228688701524969,-0.8357849794911705,-0.32
-1.3299203287537629,-1.484488038892534,-0.15456402530390093,0.7948137196847368,-4.306134114445281,-1.1392271036322812,0.8640542454743962,-0.8628168431379097,1.5086397909204772,2.267789866801986,-1.4181095591371002,-0.38530175960064583,-0.44514858612607267,-0.9858447964336626,-0.007250104092848196,-0.7946650263429458,1.0101835138882702,0.3803825649158813,-0.4723646465931631,-0.7341124137622712,0.36071729218640786,-0.8037807499828465,2.66
2.724972844498444,4.595556639631156,1.1350045249871843,2.0661907084477598,2.677161583030043,2.502461846191334,1.3415520643740457,1.6538508722587246,0.12407503302865103,-0.03498872230338994,2.51761848352952,-1.6197370067730261,1.7662366392474174,0.1437731219662883,-1.258378262551247,0.25024527190200513,-0.5465865346009159,-0.8506837343918316,-0.5704861148584888,-0.3676265172263087,-0.11642710359530871,0.11957533273360367,2.82
0.0059138002425054015,-2.6656418459407223,-7.83962669075442,0.8143040685220855,-0.4299936816657664,-0.10584667437303112,0.9439346103825704,-1.43522224903843,-0.20522958182444337,1.3631323281561532,-2.0225912454124257,0.011497668852240543,-0.8548176977149435,0.8825812766478011,-1.710640968692636,1.2980333534028599,0.4232727494609575,0.2747316447754977,-0.6960628205625677,0.6719614441157364,0.9904744572922405,-0.16460162421780117,1.69
3.4947461563137923,5.193218206541634,2.026750403037471,0.8495749830131524,1.8006915840427993,-0.8229330573084758,-2.23835321947152,-0.3093914389515436,2.0831618593286803,-1.3823927797115418,0.874735837189919,-0.9296673223665738,-1.4137364700688215,-0.6798573275650176,0.020562128858840813,-0.81899751388368,0.22609544824635402,0.002771471499455894,0.8473338648893519,0.20766054269063572,-0.09555235967135836,0.06606439686635758,0.77
2.810192293816358,1.3924606596559959,1.7630861688096,1.2194331276914205,4.023653983361974,0.8292852976681937,0.8643370351492425,1.0959142093767902,1.12812065212318,-0.8915221461325653,-0.00958891583783611,-1.2552604832516034,-0.9801333362539113,-1.6952025442168388,-0.2279803560900325,0.3127175425273997,-0.6786764440071834,0.34637813908849385,0.8761113848381766,0.6130104264813311,-0.4775871321474857,-0.7590524680058459,-0.01
-1.485776874235789,1.8396225079742117,0.7159476075933897,-1.2158733502664585,1.2913660231776174,-0.6514736378168353,0.12048043141233919,-1.3600839561399138,-2.1785326953631627,1.6231954125294412,0.1562327079158516,0.6556210258737669,-1.5935613453513395,0.9548243845665625,-0.6016639933358013,-0.4127188570553524,-1.1368081345278882,0.1332195775454699,-0.9358733797023182,0.2795955334869312,-0.9322628845649449,-0.2079454699957326,1.01
6.06427280360687,1.9149161976089364,0.7907405853672924,0.4331876782036659,0.1728085568633041,-3.111359574517019,1.9543752486915025,0.3283446758859969,0.6530221341910513,-1.607460517403449,0.5620698358197491,-0.4597477703250555,-0.4176374514922722,0.828491212155674,-2.0371692269950232,0.8069333926840491,0.4656737795036606,-0.00377075668884742,0.038438001676287886,0.1803034437639239,0.2611676067465125,-0.6824561480255844,2.68
-4.4611285744424976,-3.141036146389184,-1.916476047512163,-0.5408826233847387,0.11267999968937521,-1.721600005462086,-1.7019323372310584,0.9292447560866182,1.316347962178795,0.6145740971628735,-1.280243414737111,0.7651068164926551,0.20745495031617586,-0.6107757111806037,-0.3801523678928268,-0.5705825247700944,-0.3239974179098437,0.34212447530173673,0.4088745359610489,-0.21590464546174645,1.064895552212168,-0.5614284217412551,-0.3
0.4079913724624553,-4.4535436627126455,0.8868172365073215,-2.3769507600894113,-2.8604744941942672,3.5614315830841674,1.1588165220979336,1.3022420190695767,0.3678703719889334,0.9841353977715944,-2.135624506559769,-0.20216042903151124,0.4228184618810735,-0.4852875937712784,-0.6836364725276325,1.6550613125680775,-0.573021475122168,0.21477761952546384,0.00019476313358069168,0.21538632593659424,-0.16834917126546697,0.40448350675224676,2.15
0.6612055687184824,0.15308174675678912,-2.770115092640235,0.6225509176861687,0.39385278414003977,0.3273033258300386,-1.052180249379025,-0.695049609858385,-1.1556026860178168,-1.085669264062479,-0.02168242179869513,0.8958007252684559,-1.0434357334847568,-0.38935008857452474,0.13686030050104694,0.24796936579116505,0.7954804910399665,-0.5049696877749301,0.7160524733118379,-0.44976431743675716,0.805679634776285,0.3005394413806342,1.13
-1.3661809367294406,2.064946506510083,3.0111147601306363,-4.575884597211259,1.9897460176957786,-0.3341404524687395,-0.34167754761638647,0.03782091997817971,2.4489581965433183,1.3223621329664144,-0.5324443760254767,0.5986683739185202,0.636574454294049,0.6623118451927249,-1.0063460218039226,0.14348461314859565,0.5378962584102801,-0.14677570059674433,0.4595726064355528,-0.4016204151415821,0.5118206578267405,0.4110141191671269,3.73
7.8899667672314395,2.799001288675405,0.5022733222984652,-0.09030444832557158,1.0998091258744689,0.5587787501620937,1.263255382374804,-1.6522547501142306,-0.2890350491175999,1.758501767238692,-0.9066316613223968,0.22911623206486187,1.329289398326612,0.7377174776626764,1.2494546647075329,-0.47297902891527643,0.05488868553303133,1.0386109984695406,-0.027013272443870827,-0.8324691291498834,1.1100254968607988,-1.0265124559165852,0.77
4.42323296588636,-1.6110223443970446,4.355184036158462,-2.0693034582160514,4.850462569428137,-0.800019834579136,1.039375975157043,0.03433059077616224,-0.11270813761125217,0.6307633378465201,-1.371442837679369,0.20085861794549198,-1.8248986682161106,-0.37114575143782214,-0.7097882956218031,0.7139092152261094,-0.7605270952699477,0.49966296600558346,0.13067945292681724,1.3126157478632778,0.9630863851044194,0.3538110765062262,3.47
1.429670026126147,-2.2364019052661384,-0.5736404434262122,0.7241242023841448,-2.099921778663739,-0.4001047325328933,-1.2194328946321182,-0.09970061391533704,-0.38303778907609515,1.0672498980296987,-0.4296394695023832,0.53515859921673,-1.5316282295131076,0.046194180728194575,0.9797372669703024,-0.34272995317158994,0.45183783384605997,-0.2949155988580867,-0.7353905017053879,-0.4852777812481964,0.44098898609857407,-0.08197734028522725,1.97
1.5342552312450042,-3.2954572468096615,0.611254170912889,-1.2886298692455886,-1.5664252837523613,0.25771009991756666,-0.8082175384845108,-0.9910962037084797,0.105717277518243,-1.1570568632775684,1.1835779903411858,-0.22789752196114985,0.4810281949572168,-1.315090275958799,0.6047182808443824,-0.5881561272325524,0.4286521843961167,-0.9407617636045803,0.33259769603146117,0.2082659321743984,0.3540655449955916,0.026549222775936143,2.0
-8.364431252382373,0.30919985957822294,0.7137697637808782,1.8019851796238588,-0.14693286002644138,1.442157626088515,-0.4972592195734094,0.7436726595873963,-0.42612088576005236,-0.6846683896470392,-1.5107841811870102,1.3390191146141117,0.18934724688176283,-1.371519150754622,-0.02253745821999297,-1.7556944822409832,-0.34136973481485255,1.019277679911755,0.17689582498431528,-0.42177775995292643,0.45697666543730947,0.077582587278073,1.16
-5.86858360959884,2.724008288379297,-0.25298674689727796,-0.21049296443279933,1.6042483947768866,-0.8102669561702942,-1.80949321798589,0.5575128232988508,1.6920204643996535,-0.021160697169222156,2.2341121181503136,-0.5951752977112249,1.8566096236815874,1.280181134064156,0.8563018334990398,-1.1467617443190374,-0.3240703698103609,1.4552837059886008,0.9616951441224879,0.16076353542304994,0.3243455975505102,-0.2728864919011023,2.06
-3.4587403732474185,1.6651921889503922,-1.8326213300824565,-1.0225684671476016,-3.7852915946976355,-0.5474088781249402,-0.6576038013168372,-0.13950883458857627,-0.07189231231185834,-0.025057031448984003,-0.1642103700214891,0.49238246300797567,-0.18223494726292502,-1.241699523801582,-0.3821806056298734,0.5919519629515075,-0.20871254279745857,0.23836506809023972,-0.4359132928864586,0.8004961741284856,0.20838559311090932,0.5841689009258575,1.32
1.5202526436357386,-0.09809021541789975,-0.5152369947295008,-0.8952811252125502,-1.428873505914446,-0.8449163752093778,-1.0001842751753318,-0.9093222077461152,0.3042696854827898,1.0738615102804716,-0.6291092554341877,0.14913113422251936,0.8176448838492418,-1.4208504614017399,-1.2101743518325039,-0.32593069357520676,0.8833469348624798,0.40080105713354713,-0.23924591825312025,0.8172906898589691,0.8910787530077482,0.5771043348248949,2.28
-1.346890581771186,2.0286736826574,1.4751687626956624,-2.11312404589789,-1.1892307761958085,4.052340206982622,0.36740589529465767,-1.8545188494106286,0.03299319978833989,-0.25328302289522875,0.8703410939958591,-1.805571938040267,0.1710787459101876,0.014366242219667723,-0.1512347756441846,-1.9393704400817562,0.6125450264526415,0.9286619849108693,0.23579417218946908,0.02760971541229999,0.17104065319565104,-0.3293569196999246,3.09
7.866779677022079,1.5077219079332442,0.39211102640943774,2.0100878371489346,2.3097502722519865,-0.3382577819565478,-0.5566742048890945,0.09749641494903764,-0.7244847517875599,-1.045491797239161,0.8739112110697066,0.47236730572442526,0.47955136559934947,-0.537839845381736,0.37309022585084484,-0.200375328292058,0.4477781223558035,-1.3296173099313104,0.45347208267421746,0.3968466458979871,0.34670252194464735,0.21430550078930793,0.93
-2.6984580586356666,-1.1208479332723174,-7.902769607217689,2.4927123480027036,2.885573966283308,-0.661591634352156,-0.04217278522880304,-0.9408078288831054,0.3931244653823762,-0.24873981783935215,-0.6802610028132314,0.4854131891173443,1.6678146386472066,-0.6103018547340132,-0.09594148355646759,-0.3882567675046565,0.6349540405485652,-1.6905066674836096,0.10407172566178904,-0.404089055047058,-0.9796902170227898,0.609072847807977,2.05
-0.03747442523084114,-1.0675921653348737,-0.8797683492708291,0.09370748858842545,-2.5677798347744694,0.7603762793057445,1.8390673803250288,-0.233919907876963,0.06330558659504713,-0.5656685743417108,-0.2980991129333214,0.6766092063060336,-1.284534637418189,2.475457631124994,-0.2991429390811755,1.543573091220156,2.3005353286795613,0.5493038450998743,0.0334306751402905,0.4166675386378821,0.06422602579753713,-0.7523018051685292,2.3
-2.158128718188395,-3.6889896498405133,-3.92293248368391,3.9463111595737796,-4.118191594368258,-0.25348588360944135,-0.9223142612870214,-0.9216386122092941,0.22095898616309081,0.8060535116491305,1.285522608823016,-1.318375739719719,-0.585046784180778,-1.6854813247506895,1.1765606538511726,0.06292947239817356,0.5728992961396604,-0.2484960884048255,-0.45982948485795644,0.33474007848046256,-0.5936081104203186,-1.2185826800420634,1.43
3.1149117426642827,-3.8326441606589525,0.3217254402031172,4.112850028468585,-0.331655612990289,-1.7062296599247044,-0.44716849468025954,0.7820018983094359,0.5124397925122254,-1.4667487456322608,-1.8876657958238292,0.03099667429377549,2.500873873752136,0.6742604296763266,-0.204570884577577,-0.3769952388929412,-0.8220060061373872,-0.6328942629862114,-0.3153065388208663,-0.00625942899356551,0.2025208556323907,1.0122584015198357,2.9
-1.3423663552706473,0.6843201540451089,1.4527188573460317,1.1147598505112581,0.22179217127527134,-0.6257597358064433,1.0308811015916572,0.2576223502161604,2.4938660811708715,0.6422052938742966,0.24394714345864726,0.5655547811354248,0.1552811023969631,1.269656053291717,-0.032375987322628086,-0.06365389153495822,0.5483477614021153,-0.539364977374927,-0.9004969189703289,-0.9123247662942164,-1.0144997734109273,0.5698708393312314,4.92
0.8763293216793769,-4.261972157038621,-1.117655908404555,1.149632219263933,4.4625254081715315,-2.814647322817294,-1.0027483157547652,1.3005588162980708,-0.33208872031380293,1.3152866090940747,-0.3372587795295342,0.7187458539064928,0.5385332501965837,-1.2350944972451408,0.7511244575409153,-0.21029512135077325,-1.1032110036063854,-0.7069296893276475,-0.3053903989255328,-0.982510512836337,0.1740760288122124,0.749920794357362,1.24
-5.03735134464399,1.3827068564224458,-0.7102140758544524,-1.3428413050149128,0.15656264372156417,0.25253335428529017,2.901370338714734,1.1340867332722857,1.7390006749071016,-0.35936150732571887,1.3540673366630431,-0.4358489603020924,-2.573341486849039,-0.14569728673910806,-0.35614195721749914,1.4394587098838014,-0.8129302475308475,0.6124994307691716,0.08258681502157172,0.07148294251865671,0.23498951138811386,0.5076918215083961,3.98
4.182909851510228,4.0295237462111375,0.050910475903261136,2.2153742233908065,1.2515130142348985,-0.356167968349876,0.5006495591329932,0.9173726329574412,0.37219314782397017,-0.473953351316397,0.08113790526064249,0.6240007533178697,1.1256771005861073,1.0539681200045685,-0.6571480373619909,0.04446959369333242,-0.5349712641191807,0.21674760702988613,-0.6580622600760017,-0.24000901585659826,1.0305900907014482,-0.19666516342172083,3.01
3.8095032609918182,0.07568733065049109,-3.834057080704793,5.486987234945076,1.4064290329477127,-2.532242477445723,-1.661325896794224,-0.3735359327669657,0.501688562442241,-0.0278348856445376,0.1649009007636939,0.6004373142240762,-2.158411088788021,1.1917712590239804,0.295408181394801,-0.9410225518649717,-0.5952763367089401,0.07213674510113269,-0.19122098874848392,0.8536498887014066,-0.2077613673560448,-0.8277412352908348,1.02
6.0777615739871935,-0.5479781388282176,2.9872932447010774,0.6091710094606672,-1.2757421316634376,0.11776031013395051,-0.6736597528618077,-1.4032893030688127,1.6911704820941014,-0.1056968071409491,-0.5593462791884517,-0.5283037706420043,-0.3935334204628123,0.9804085842396006,-1.2086757333562654,-1.535697183500045,-1.246723785545613,0.6502117080478607,-0.21183765011749953,-0.2182287946601348,-0.13152571922490686,0.2778599737291563,3.87
-2.924922163578155,2.9019168946163907,-1.7066271034538116,0.09040393484626164,0.1297526161328215,-3.5425222149418705,1.1611942839330882,2.196869275044283,-0.035696504501365245,1.2050664976157213,0.618468812742635,-1.3302086140083489,-1.8710103714358817,-1.3583381805075772,0.25083189781589377,-0.06163814493894234,0.4944564502949434,-0.011690435598738625,0.671212559357357,-0.21585784449940357,-0.3536242963218404,0.6437572721705793,0.85
1.9317823128824148,1.2694516931777897,0.04743947726253265,0.20464972489101965,0.9204658313154992,-0.5755171529896567,-0.5669049666577004,0.38207855612697106,1.9619495663530888,-0.04335878490805692,1.6299831805790728,-0.9835043563110991,0.29594425525547263,-0.4297431229235849,1.5937076963056167,0.30781108139930946,-0.03428040641666289,-1.1236339824999988,-0.0027377352118863572,0.5440510807338973,0.679586616705077,0.2760279684247083,2.04
-0.3589619189855998,0.8534194556758572,0.17375009609823924,-2.1376580700233396,0.44094454655989546,0.2326736305007534,-0.44277639682414605,-1.388131237032863,-1.569590380965474,-1.596619490070288,0.03351520075103653,0.9073256010424807,0.3360389314445801,-1.3766792346731636,1.6838869188996428,-1.404165891043799,-0.05393997467737952,-0.9412604305778932,0.5840573147153644,-0.22506046346220135,-1.5340780295301952,-0.2714228214867855,-0.05
-0.630858519528836,1.1988798467418416,-0.5392724255853624,-3.706168150652021,-0.6747442546323507,-0.11912586835115897,-0.8850767249789309,0.23983931223161453,0.05780991962034683,-2.2341397415544098,0.3790846611272013,-0.1776783708229035,-0.35954500142920676,-1.2879920251125483,-0.07264544602971591,1.0904992174017887,0.4757751998129375,1.6709174822341404,-0.005618910702146306,-0.6369227630060613,-0.010676264085475189,0.2040182466219103,2.33
-6.275481783512597,1.881173229501281,0.35974924599520336,-1.5249298351377896,-1.5897124866919587,-0.4589790920590597,-0.7308722119279207,0.0491907591419947,0.7510242215933436,0.5268735520503862,-0.0614250745220393,-0.5774837391008457,0.5672620122123941,-0.8286413996214211,-0.4393201693442953,-0.4684354231687703,0.3825030561516984,-0.8429857857565817,-1.5085508675629826,0.4360084334932556,-0.05136272266697082,0.6494307714205683,2.65
-2.7529363844871106,-0.8294771271018723,2.8527958262447637,0.7073152517427113,-3.1755284987576067,0.4762234510817279,0.22083597190487578,-2.3164356405631104,-0.5210342587381509,0.702889515953487,-0.3864377216564023,-0.9744488727667903,-0.09869130630276707,1.7290138062421412,1.178589604505419,-0.7585524080533195,-0.9730041252566318,0.3598367645087252,0.08661096494872635,0.25574302842636715,0.029061678340237998,-0.049639007285247345,3.64
0.8962266667991364,1.9612921016842912,-1.757323244398572,-2.2111694441587706,-1.0087516401740417,-0.3065340812468345,-1.5774631638265753,-0.29467106039643215,-0.06967040080912186,-0.32266347969213244,-1.220815631347235,0.7593406153228677,-0.7516667954741278,0.1395640408511971,-1.4206241337936698,-0.1774560793417378,0.39363720792702805,-0.9383835271806632,1.2158884375522798,-0.1998585786972609,0.952475299541273,-0.29851901149340826,0.48
2.6135332905352566,-1.2926489072698562,2.7746209563412148,-0.6096154620561086,1.8311704045589754,0.19177588214789218,-1.189192798144996,-0.1750544292514702,-2.481537633684827,-0.14255315459347095,0.20391430588818674,-1.361759576632404,0.04544873801519335,-1.2517422732652306,-1.2857403465457529,1.4063239783706145,-1.0349603091448591,-0.05822470347842317,0.3348276916905572,-0.7276662264721442,-0.3980396281720082,-0.20526921367178946,2.38
2.297050429999108,0.1815365707821335,3.0303578500745414,-0.21257743296627737,1.7333981216071488,-2.83288278849459,-1.2206230168603613,-2.1791069350988543,-1.3883357671057437,1.0686247672171572,0.3205647374336779,2.070117451738344,1.7414818364112317,-1.6537807169937324,2.396741938529726,-0.5329629650226257,-2.2036517832209572,0.40587559005376445,0.9347284220805517,0.4103345109123996,0.9990170258848182,0.3878652984678752,1.82
-2.148461008511743,0.05937699237047887,0.18358281141334096,3.6305328117973343,1.103988203184401,-0.3373310492160115,0.4799645199869116,-0.6164530686585892,-0.7916398848715319,0.7323146962410642,0.041715059518153734,1.3568305917198984,-1.3417814853287104,-0.10576506554614168,-0.288804346438201,0.7601214481786096,-0.13121548333928554,-0.3853029162240896,-0.17257447930732883,0.32573169326098733,0.17350653814955397,0.20490343462354538,3.04
0.4125614639605253,1.0612527232317068,-2.787199889936015,2.821477700186421,0.13921359658919485,-0.3656445419125934,2.818390746126527,0.6558455928163855,-2.217330669874499,0.15992510775538643,0.7989654524018004,1.3582117621457754,0.15440113210037315,1.3482569581595223,1.3734623989693657,-0.41454572211392837,0.3774010780179168,0.6304217915785086,-0.19919422192529074,-0.0964219565951145,-0.4871160942123434,0.3142790204665979,2.53
2.3180390871562997,-0.21990667812248063,-3.333628126959368,-1.3653181383091832,-1.7824803658224282,3.41563535150378,-1.452918951501107,0.28906396172913856,-0.9065174758539648,-1.819330305941931,0.13805793062048896,3.310778183975177,-0.43441130628614943,-0.06289979612580035,1.2967745594868425,-0.8994588460662953,0.4742417942522341,1.7433449123422546,-1.9275847663285672,0.23343902470001276,-0.35737371059247103,0.39987478526523984,-0.49
-3.9507636202111294,1.2187971637027584,1.3780821839535393,6.36728184425647,2.5294804898947016,1.9894044554844024,-1.3454458193568697,-0.3250696212897542,0.4349170479963689,-2.055332274766306,-1.6113871210162976,-1.8509376403194702,0.5495610463921039,-1.1458567810869489,-0.44157892073710564,-0.05950878547665412,0.6665094101973611,-0.1584898868684037,-0.4066887826369388,-0.766818565101868,0.14853022302981986,-0.46425670650720996,2.82
-4.017947632887751,-2.6460924111739668,1.734930491856131,3.638672591097423,2.4306324289615695,-0.7639481070657426,-1.9738324983486573,0.1425094673080666,-1.0023029788954365,0.3837444598674313,1.7809863353997033,-0.7429357452426486,-0.20892612169821626,-0.9134844685077984,-0.7215206810484444,0.4308683616157312,-0.216642000281373,-0.8933263859457183,0.290750679068924,-0.9670479057547731,-0.8108558510115124,0.27782727026106935,4.37
2.5860651437282614,-1.3065029676284226,-0.7580527427715271,-2.4907440749939216,0.07333003189319011,4.51550728948807,0.4347431846794825,-0.5290651454528253,-1.7512399402602674,1.8110840167504088,-0.01294137197818012,0.8452901934037247,0.5602206268160906,0.3450823297165807,-0.3773410676938945,0.3668371246001203,1.177345559080262,0.2310184656118913,-0.30022830791125754,-0.4509887037941587,0.3362662130986841,0.6138445711320055,1.6
0.3617921394731736,1.1965022217676025,2.8216043102368324,1.6169258996141265,0.9801762714886983,-1.5946742377743413,0.8402767626104264,1.716028122376825,0.6688362503116836,-2.048233546650484,-0.47071921947684503,-1.4258895916024734,1.0676938179681539,0.2483855341815252,2.3028306059693264,-0.2059029286189508,-0.17996518860899025,0.5515735139596768,-0.027969402575049488,0.12152183970948338,-0.7501300398935752,0.7596065593028833,2.35
2.440310582263851,-0.053196880886822576,-0.015200571036737713,-2.2080590244131897,0.5835142429160874,0.19229487136366047,-0.7198504957257666,-0.8666560636962818,0.5253639485209469,-0.7878413295492224,0.5082989681920053,1.3935149987417088,-1.145181986226283,-0.999637926003025,-0.03748496808728377,0.6280801789816022,0.011224475515976697,-0.6653105604563994,-0.570605359353166,-0.11733068868976705,-0.5691673619335467,-0.6150927126720134,0.9
-1.3094170696385525,-4.324500541722689,2.834697342028391,-0.9938234361486157,1.8879217363101333,-0.25840908806619334,1.472164453729672,0.3322447498012581,1.4072594813032389,-1.1905158895876646,0.13554991030248606,0.3119762852216534,0.6621483647090209,-0.6359853267530154,-0.8584968806285478,1.2362140812546525,0.5323075098164312,-0.043446890274667464,-0.32844236402898436,-0.09367681539378742,0.3996230832666519,0.2421842269123523,4.77
1.4342934928729159,-2.760994844814095,9.087675417858076,1.511083650994781,3.7187411662910828,0.08996335968632521,-0.9012230007406211,3.327030821504534,-0.2338611510348389,0.6970158740555141,0.10278791820475035,0.8240123687775297,-0.15076496519100457,0.24608887348821648,-0.2907508278825368,0.18048172122204503,-0.6994042851259862,-0.5137497486078936,-2.1291961387304994,-0.5604334621309627,0.45122609549990594,0.16022039900090912,4.13
-3.640576530057013,1.8327299688706427,-1.1613934244459758,-1.3628390135999058,-0.9469555965309501,3.202580991514139,1.5451490890026838,-0.7714563996041678,-0.44941188272100957,-0.042165444420848526,-1.0226334628417362,0.38990930174703914,-0.0012372895237416936,-0.5857474820872878,-0.025077226887087252,0.003291377648674059,0.20750319335932377,-0.7794493498830664,0.48392207100402196,0.23183558238223922,-0.6604905164473185,0.6342727230362514,2.24
0.819953442780229,0.03946041220699008,-5.242923619349066,1.0503805037422038,0.10814784921039035,-2.1094609756540077,0.6499316127505804,1.4156283899152784,-1.026543471882775,-0.5298841791794137,1.2429792985964863,0.8099456177890775,-0.10371735647511089,-0.13099465238135657,0.21127960614289296,1.5981819538082878,-0.09742327983050765,0.9325683201510508,-0.35022525990624287,0.013279380340868696,0.022489805398541195,-0.11406995238059475,0.89
-1.75975276943827,-1.6053433774374801,-1.494554607385668,0.48486749546590774,-0.7811372365956837,0.3048636280948544,1.16947129744748,-0.1284575030566189,1.29849891636929,-0.9086779424039564,1.185827340791774,0.39933088800897304,-0.3906295218942816,-0.24904481388680536,0.24503979102040324,0.36356587153189485,-1.1010107113892478,1.3987124417016337,0.5311798403493619,0.021330861127516913,-0.7602926787031716,-0.16486298383858694,1.8
-0.4682246355845374,-2.4411194481937892,3.1272785037835362,1.4380063883264846,1.0650369499423125,-2.78277669490241,-0.7228332626512887,-1.7531919848841733,-0.6927943049010714,-1.1258307930165163,0.02910978825010025,-1.6216357026388282,-1.6989412883165862,-0.5359427874128219,-0.2833579243841548,0.8142527719337143,-1.3867692375719456,-0.8157822937498709,1.9140811716523602,-0.8757060169753895,0.18197187837224418,0.8645496332713365,4.1
-2.049203500016705,-1.9800932343330777,5.237766759811988,1.4928670261481485,-0.4043082203281661,0.8550864477888601,-0.22253478969043866,1.3359324833203055,0.16755330361303414,-1.6042860483018788,0.43212838920728497,0.4019578860855164,0.395030028515088,-0.5130045916777976,1.4516269163248938,-0.8489235334508743,0.4662348993749441,-0.059443036915218295,1.7810091405053137,-0.08752196030250253,-0.30691909088940983,-0.179431470394302,2.84
4.951373314600047,2.4449604437188275,1.2055645836085915,0.8412294313136557,1.3558496758431484,-0.6548640114453327,1.7045214903947998,1.7641395223609795,1.0182531265652806,0.5753911495532641,-0.5898568714350876,-1.2352313059988518,-0.04687409626780336,-1.2877457186467993,-0.5328630504776517,-0.046361972271859245,1.1920970320274298,1.287146503518881,0.04843408405856746,0.0536498183937197,-0.7689434121803458,-0.12824629547412214,2.54
2.9882036413423196,-0.3646366451757989,0.782560416664945,4.55077788769022,-2.14609263531245,-1.3449642098287196,-3.2556289516265906,-0.41618111203225605,-0.3078593797958477,-0.5173136515553101,0.18283089376981185,-0.3063506138455613,1.1461546428911835,-0.5103563543936357,0.20527326426407452,-0.0665828327950656,1.6951456324514562,0.22167019289493947,-0.3439703564180308,-0.918447772510385,-0.27647601349792666,-0.44756899616536766,0.89
1.5675447684529857,-1.222621493737139,-4.931249437443517,4.567449257852705,-1.8205368972726812,2.9265820888350675,-2.137913806564393,-1.1868316078356256,-1.0893786848071638,0.2756723396064115,0.4763056690754435,1.2662184074323493,2.101789036620863,0.7568393085039885,1.2189130729884263,0.012540072433113806,-1.1361916623132653,0.3902307065391325,1.4118648496284663,0.09540360798435929,-0.10517608986245135,0.19474577734631807,1.53
3.53493758705175,0.954541115231385,-4.05985947629305,1.875266038581564,2.4898704585850497,5.167642969694212,-1.6335848858867257,1.647402704852842,-1.7905690942899029,-0.025201069242477066,1.6992293174979465,-0.8000407420694953,0.7026499700417441,-0.3543671801312182,-1.6052921374484799,-1.4002631950679207,0.6981998354314027,0.06234914659840458,0.8767695102195824,-0.3047255027356097,0.27951082407876104,0.17807709647575548,-0.88
0.3115527424659667,5.216381613670954,2.375674618796168,0.5144589895887951,0.6745238218824454,0.35911657975443684,-1.3832001114751913,0.273495930546859,-1.646788708434905,1.640529468333485,0.5445980528049821,0.16842753127004634,-0.5352265200194898,-0.7684213329546543,1.3301604647506788,-0.01939723560381778,0.09458010525636193,-0.6995675163202063,-0.38845268602117217,-1.008163626998768,-0.5665808782950906,0.3858758685458662,0.77
3.16942373371908,0.654611745283213,-1.1343092897605225,-1.741096919620068,-1.491081422129568,1.1259159437573798,-1.7873049418925215,-3.14763034563183,0.3589472715026564,1.1984925767037384,-1.4266793312699753,-0.29301597312816346,0.6548356359969025,0.5774420562140195,-1.64441477783574,-0.13352767376832125,0.543501853228866,-0.19581227988220365,-0.20841438265182446,0.5465046571448303,-0.5822623635059712,-0.1543858250535573,2.69
5.959335978729369,1.077717214939685,-1.1298286581204275,1.457498028707776,-0.2532662027521191,-0.9507829110385408,-0.8499520750107596,-1.2407126870932008,0.9388211342653037,-0.6224568819028647,0.6030586317566854,-0.2992157004130896,-1.6846595234308523,0.8117588409451711,0.22028044206912012,0.6096435938037494,0.8019546082051064,-1.250133335684936,0.5584463484405734,-0.3766579243358003,0.0877796452439002,0.6243583415555616,2.74
1.1239482834449668,-0.37551464188489037,-1.228877596706527,0.9052346653260352,-3.041289932486803,0.05249553240028905,-0.6778839451266335,2.2610288708485444,-1.0460625445843006,-0.9241715020868607,1.0094509327070724,-0.19078434604594732,0.43947969251709207,-0.19736349998215486,1.552632145954382,0.05955795656205719,-0.2973179229448376,1.5888413043873313,-0.2590403457098147,-0.7230797638922483,0.6065117082984608,0.27097076253530483,0.7
-5.299509940172823,-0.1178382847559733,-0.24665484235896257,2.0299950561118445,-0.8660924037727057,2.164896463068869,-0.24567834939770278,0.8820512715907097,-1.739506739783074,1.9404613559261306,0.23256638953431658,-0.8930752623792547,-1.158114222178954,-0.21595003608628527,0.7517911753254313,1.367801281743652,-0.13413961966560828,-0.3348263997734586,-0.14502207436389283,-0.5455790978878844,-0.24724973372984474,0.07684528032751682,1.57
-0.40671139918066235,1.1405123798692192,-0.5137227519734978,-1.1985516230723545,-0.45587465854181414,1.055409643875682,0.2159938677219545,1.5338766962727892,-0.5054386275046763,-0.24362861090811191,0.8035270996901447,0.15790307554321237,0.7036712921714183,0.4303111242926449,0.9407338574399431,0.04452804561263684,0.3666948149556459,1.4434314599552491,0.9412868277866308,0.08229344989912028,-0.7516498698087024,-0.7509617865818575,-0.29
-0.6938140826830713,-0.23425970585972708,0.8833306914301047,2.3244903086508586,-0.8240687156169847,0.16356925626082267,-1.2237758065129434,1.2595221224512,0.4067581416017748,3.0392054584031385,-0.777477388862697,-0.5737712317982863,-0.9327919728847941,0.40309373946650184,0.3353066737355946,-0.6887160014402428,0.34839323900331054,-1.0429741968460204,0.0802786948884335,1.7652152553819642,-0.14919453484635065,0.16539952893935497,1.75
0.5283284926396915,1.0698033934312552,3.4058793411115538,-0.8714369759528661,1.8605334360391106,-2.2458891295654877,-2.6742642665480725,-0.46717426713711485,-0.09888229326833231,-1.041599488901746,-0.6148879977038259,0.534981098252738,-0.18172676951778863,0.4645720866699357,-0.5812300042521221,-1.0698777638173076,0.1258894217673844,-0.7016406279424344,-0.32115019501351316,-0.7219539802523005,0.15724266067813705,1.2161471473589762,2.35
-3.7220447310037037,2.9799090982631515,-2.086013477731357,-2.9546497077224867,0.4400795831480283,0.04618703456313773,2.2136887773547786,-0.05696421598126506,-0.24610099485979375,-0.5069812588189395,-1.4265396953530096,1.4149293963919725,-1.9669924258546825,-0.16343731783960813,0.3198925343158277,-0.5127087179011102,1.1228348277553262,0.4439585913228806,0.22548349523934347,-0.5121237722823594,0.22203511297141654,0.032401476235950105,1.5
-5.9272955902958655,-6.783048281047397,1.814100005133691,-3.98023041544408,1.012688377759799,-2.3307832239961463,-1.005376951368534,-1.8677436470292565,-2.5561874502031876,0.046270771489369325,0.87981896126298,-2.2798856806879617,0.5177477735441501,-0.6058329259499672,-1.3832882050277706,0.09772786759685292,-0.45347291846745236,0.2905476677811823,1.5640602764927083,-0.7197047428626964,-0.08457888091815899,1.8205501054325128,6.04
-0.8887588155256876,-0.6462534509195912,-3.5050023026867225,2.390164865481223,0.5634712185270027,-0.2571894865449714,-0.6033248618301827,0.32585335468025617,-0.54402568481201,-0.8823923080802513,-0.6941418142654453,-1.088620674250035,-0.1614071684155831,-1.077015763762555,1.2755573832419465,0.2168337222567733,0.07956302273856947,0.4586243822225895,-0.5327544246373683,-0.4794051900611891,-0.47239057462197404,0.002833068917884343,-0.02
-1.4630882715855742,-1.199619118321143,-0.3441030949280598,1.373482942912706,-1.1366844258841262,-4.033907963460197,-3.2574732340297334,0.6805012938802567,-0.7402683488932924,-0.5010149328286336,-1.0339406397910156,-0.00528727729250552,0.8345561299000976,-0.017562533021826535,0.1973712488166047,0.7118882746092489,-1.2070396329339839,-0.36264288061587824,-0.7514773166156478,0.5930421957612322,0.6672186109620669,0.4416682816753138,1.65
3.7917842111724465,-2.1188634087748506,-2.473806289302676,-1.1192219393222604,-1.2329831397492315,-1.9409958339044795,-1.4353042614741829,0.7432193211221321,-0.8437159722572347,0.2969437527182106,-0.05637220477427961,0.6567471137245278,-0.657101430854795,-0.2988965101689354,0.04413551376322155,-0.6625078990731962,0.464685045107456,-1.0446248544698837,-0.5280414245017422,0.39922593256694144,-0.13532394893315222,0.34822501359265984,0.33
2.2479515993047827,-0.30857438265039117,7.305658737226873,1.4452316011725732,1.5202579067282704,-0.5267514424465908,0.10907285775582617,0.6859503562332346,-1.8823478576735106,1.0192447560419435,1.7902721808795738,-0.08287673542477467,-0.09948613930502051,1.0175153346101096,-0.44996949137178976,-0.08774167998711349,-0.9821786164236661,-0.4131130551730858,0.6791907739957604,-0.5748986957183657,0.25469067806526763,0.025612832031735616,3.84
1.7228341975018822,0.25721852865721345,3.4834363774444026,2.6268000745813054,-2.2943725449946846,-0.1814549354520699,0.46127323102707923,0.45516813574398907,-0.5913793100497874,-0.18676516040885416,-0.2791810338513114,-1.304432821534223,1.8798697209253012,-0.6917281991834598,1.2106129529311538,-0.5057770957528075,-0.6003618250163438,-0.03824225295287515,-0.2123084147007955,-0.3001576689276976,0.01136830793178185,0.0677595791523512,1.98
6.082921364916241,-2.885028807551891,-2.1037985250023357,2.271143378735882,1.2013181782445048,-0.40095492730277377,0.34146322683593666,0.5218566868603735,2.2443797076873744,-0.0915694053180462,-0.40348422320715466,-0.14659021848102072,-0.09278886965351146,0.6319330020035409,-1.1658934624116137,1.0835731244542224,0.7333543790001458,0.42586560553546277,-0.5371683158255174,-0.04640171833821193,-0.2170708595725329,0.024636568238984087,3.52
-2.8964849313885797,-4.089938943117172,0.37845052977998467,-3.41359104535443,-1.0254815310781888,0.9811541538839738,1.8848508359497866,-1.1479083787262139,-1.0148772841654783,1.0007935792565599,-1.3734647095292163,-0.3403860215111666,-0.8628887722928651,-0.4658875714052673,0.6495725584517527,-0.9352004428750511,1.35990490645054,0.78568041549584,-0.2939018716781805,-0.38253595086950104,0.8144017431648134,0.07549807994176662,2.18
-2.991196477977912,0.7758038317305717,-0.7385732971673451,-2.2136004318275533,-1.7172575645504182,1.6804736989664506,0.11416420805660503,1.7544072340310959,-0.27057939481443005,1.1973239673335587,0.13674477220976008,-0.9528565905080112,0.7563364287380338,0.9572233482155602,-0.7769127337286351,-0.3490670780113496,-1.5915445076781243,0.056758692964076186,-0.5559061583610087,0.2109147086522747,-0.9234625755321071,-1.0934855790108062,1.05
3.1303633969691824,-0.9688436075159244,1.5665625193912542,-0.35226702518257447,0.5824851214096979,-1.2157354917483953,2.6199773939247835,-1.9673764530160134,0.9758233416135375,-0.7975529658331142,-3.449021863492893,0.2659790036698186,-0.8670225190361333,-1.4681645060232438,1.5701758570043678,1.5372968716815822,0.2335612322787612,0.7180867046124112,-0.0359085305341898,1.8700808465860386,1.2546052772477134,-0.13972817465123136,1.44
-2.148034440894799,-5.0560195491314825,2.6427851138988063,0.5424335147673247,-0.3864007290076923,-1.62331207529217,0.02855999084192791,0.33375423173031843,3.5334606413541416,-1.3986304238761789,-1.1082616445373432,0.4298085269532099,0.9851861686097452,0.06991708705908027,-1.3643752921381762,-1.8550354658835928,-0.5672419668466414,0.22040739652225638,-0.2994693238666231,-0.02174342683049226,-0.12591646585215532,0.5246882493822906,5.65
-1.3941003443038185,-4.159455191986257,4.920822454547794,0.1820669985676959,2.4155214466664683,-0.5649382090503814,2.1899268327576262,-1.1707210517229072,0.22448978930109773,-0.7308918262743264,-1.9481696987026902,-0.24065268276175686,0.5262428398304994,-0.3474623971830667,0.47066389660443186,0.8583303051976925,-0.13420446515421933,-0.8702901821094222,0.9644600810505367,-1.1847227391181188,-0.5038667762674129,-0.4928980989326118,4.33
-4.649543007779941,-0.08685988874697884,-4.301453633144286,-2.2372152866274697,0.7411741348220413,-1.1351240222939174,1.1917488072680347,-1.8252657650974529,-2.0939238151698576,0.5765335936427208,-0.8648747598931088,0.060649645258963505,2.083979551534691,0.5663060813682915,1.0884722723483726,0.4168609610331955,0.08794732567464694,1.1710999653637812,-0.6321217306927555,-0.3743199387100644,-0.42104555113948516,-0.5120145681767112,1.16
0.2222888563405056,1.5035312526452533,-2.7092057025164173,-4.6395912935169665,1.387023775014695,-2.4098214336693693,1.2113100226296283,0.2762770178888355,-1.554111886195801,0.3125875957493806,-0.668529289510699,-0.7647818634815428,1.0738764843647592,0.8466450712987316,-0.5026641742538344,0.3666115864069955,1.0251512943627594,0.2170630697527098,-0.8849748628106002,-0.0016206237069272065,0.9821828531458788,0.8120804563577203,0.48
4.937370263553485,-1.4686315136538908,-0.7553972430499745,0.05903943057377201,-0.5686486692725443,-2.7540415179946263,-0.44003788018505835,0.9406380018354208,-2.010877954960762,-0.3907153563406641,-0.017671983086682712,-0.39852755729115474,0.17779799754953257,1.0787623814709857,-0.4269897262003652,-0.5910149097338921,-0.33310093428965926,-1.0954983943280963,0.4345307015467176,-0.7016899938109662,0.20375054296938097,-0.27491095937898274,0.8
3.7440101773901846,1.4400674892102676,0.12166473564875308,1.2824335165266605,0.31649928659203913,-0.26313113307518327,0.12706156319869086,0.40416458804159766,-0.9731349845739201,0.7327545263000198,-1.192688778409245,0.11235149034594984,-1.4212366005565984,0.012622316582060577,0.3212752377045794,0.339525801829182,-0.41699109271769536,-0.4816088615943229,-0.7172396267935472,0.8122196540669566,0.4766683883031074,-0.4688268826585614,0.5
0.9450910862403081,0.25251481058547554,-0.7715472975534559,-1.3941162263551496,-2.459287301637666,-2.7238905870063377,1.235508435444238,-1.2401084905401905,1.1238149234261359,-1.0317558330878471,-2.839365075338459,0.24555087403653175,-1.1346699561154197,-0.40970779932608176,-0.3325572246806395,0.6172743854662941,-1.677022339711911,-0.25957733815070994,-0.6959901892122842,0.7624842917403643,0.2509462166342768,0.24375425055498842,1.84
-0.7396834316967451,-0.6198320548011187,-5.169597347151937,-0.5000787937189933,1.9954705115439797,-0.7794265199334586,-1.0001434261907658,1.0364458281806428,-0.6151739217874925,-1.2498963216609047,0.1902383306322572,-0.18229342158691,-0.48485091457172635,-0.637225038245684,-0.10560826302633038,0.6438471962591814,-0.3124461135801196,-0.8708562823026538,0.024853746204843503,0.005029862694437217,-0.7675747123898707,-0.4027291173555367,-0.96
0.41350807200158646,-0.5181599823311217,0.10142970967422195,-0.6522829389970682,-1.5196925908331678,1.579831822601694,0.2668047672391554,-1.0479439149977834,-1.5210583395330566,-0.04751545649703493,1.088278397042924,2.120432477741828,-0.9087217387956629,0.1062035883390448,1.587521691645173,1.0400114025453076,-0.27576779061009415,-0.8882723780224295,-0.6474348473593903,-0.6196074081054167,-0.35119634675432837,0.2575836297933857,2.83
-3.5710185158890213,-0.1764427525424065,1.2799202591337868,4.064583818953526,-1.581393582151563,-2.990545989528214,2.5087514231300707,0.6304360775479777,-0.8718371302447869,-0.05248721990770438,0.8412900639262018,1.5324492709768098,0.9000894866244119,0.45479735639795005,0.34117394214877333,0.6532508778982103,0.27079525790016307,-0.3296781563236707,-0.5839028657805713,-0.6899824269389576,1.0702258174652424,-0.44988636797098963,2.98
-2.02693331776491,2.332779145598279,-0.4142378625845341,-0.3644056223478722,1.4590448085587466,0.6494955237231068,0.7884927181681376,0.572529760487012,1.6377373220010139,-0.42920981975780953,-1.937955831692485,-0.8702830509864874,-0.22381429106351497,1.1712132877643173,-0.7620386599978917,0.5833146516794243,-0.1407692254947287,0.10247420297016384,-0.0710286804626753,0.5646850644525397,-0.43862953719400966,-0.3842607980057728,0.91
4.94384186865958,-3.258560766538255,-1.745133429174091,-3.0340892084032047,-0.1361427158025901,1.2097589314927617,-1.1358195958377217,-1.3784957536245541,-0.5409653797166959,0.48640897872904126,0.8806812811655288,0.2521047251274168,0.10111530870586534,-0.5762321297266929,-2.0548822959487585,1.8109407308910226,-1.2843643023368043,0.2795855334332474,-0.6009754028925164,-0.19832209265816306,-0.2749174692881963,0.03125935488195302,1.88
-1.7309630734256425,-0.9492086085016991,2.612472372705247,-4.686859576560984,-0.37272052707080583,-1.3849790266481001,-1.5708675776398,-1.917306815793846,-1.3025260776257805,1.4284243960457725,0.2516476633100839,-0.5026819848993245,0.9316955303995929,0.09159273269813166,-0.40284317539872155,-0.19329003114144835,-1.1747720994394144,0.5398007964538459,0.3778429390383816,-0.515474142595698,0.08476268940151668,0.21621299109882006,1.7
1.623106091484486,-1.385478887576913,4.250247682196444,-1.8780397881603055,0.30706599788339045,0.7432603517518257,0.2441241192590772,-1.1017998604117565,-0.3183578414743195,-0.02824212644664765,0.5286688786820872,1.2384150390828967,-0.6706397217880333,-0.9777636177148725,-0.8448767264611339,-0.2439944118979944,0.23490381876761768,0.06730850911766303,0.5152356675886852,1.0198850111802924,-1.1124884312693504,0.4688739437030386,3.9
5.1884332750652895,1.377743186739998,0.7953600186250853,0.2698879914853726,-0.9511685659940142,2.2113450806991217,2.233779634546252,1.540266944372393,0.9203055002858986,-0.8999091706591182,-0.6556209320001407,0.20197687661453648,1.3806316966323613,-0.8586704325796208,0.07961405713529018,0.7716681974629049,2.254472082571111,-0.14383697084865266,-1.157577173107605,-0.5693204536717469,0.25489026933769476,-0.09482660284941152,1.68
2.7613207221974942,-4.797459935017528,1.1923385678328733,-1.1619580990294796,1.5965046968486452,-2.0783393523880522,-0.4140482747909409,0.17504409533978274,-0.3463134840740422,0.8153091825110044,-1.2191587584907722,-0.49213065681454554,0.2034680908216537,-0.35212022373916857,1.0725119649619073,0.5102547475986133,-0.5952818320745714,0.13884015661667862,0.20304506482722925,-0.5246415090682318,-0.00976636296313281,0.30824649813640537,1.38
0.7377117837720709,-0.056797437802118884,4.396972802504762,-0.2083191080386026,-1.3716974073170518,1.5292247038495184,0.32626259138631386,0.660712133605092,-0.45000110988535946,1.250613570207897,0.38233416787554425,-0.07835364731269016,0.5940725315453549,-0.2918358177472919,-0.21421312863164627,-1.1106009866514353,0.12609083482617192,-0.9127743778278079,-0.18795368785780472,-0.32669563223484405,-1.2259953875534597,-1.158970114481589,1.53
2.177491349228512,5.4617263459506376,-1.3094728296337803,1.3972586801554754,-3.4517613673758616,-0.5265595896247761,-0.7593761592726486,0.42041891960133854,2.7682158318180656,-0.6247436861877328,0.6494523767751836,-0.6240830725354274,0.21975219381843172,0.5934281552392099,1.4769861972701046,-0.38081014419072273,-1.2356648897674682,-0.2453899258336732,0.42624245595292143,-0.8561568823286974,-0.19377017945601432,-0.38129829907421564,1.01
-5.701692742202597,-2.227994224705537,-0.951382239119615,-3.208060928371699,-1.370507607727647,2.653535995956865,2.1107076798588036,1.414354630229182,-0.12542212633497285,0.9583402734738828,-0.2979318570463318,-0.8714650062111194,0.10521123633321079,0.5852177543720295,0.5988083609229315,0.17849426287233933,-0.43327474103986885,-1.0990181300129045,-0.20831066057391476,0.13994842045874276,0.0883480744477459,-0.3413331752549082,1.85
3.2191940961277883,-1.4768202023205352,0.558206526399482,0.2767771243037134,0.9752224048429177,0.6841414191454416,-0.23133915441653488,-1.8414869259427062,3.1428830637799647,0.4713298459603687,0.12138071004310913,-0.9206055924173137,0.24898643725076983,-0.6665791924196023,0.05968038135749877,1.401634413106015,0.7528971053305838,0.5829713124718842,0.3075695667425947,-0.5056556135116267,0.6201133148682788,-0.9893665961607424,2.53
-1.1174905367392902,1.184505326564787,7.081007873783053,1.2363574705692066,2.1087308478583195,2.122975277366378,-0.8348630646644555,-0.00014868179395425142,0.8247213977557709,0.5728767443037259,-0.3770799536800267,0.35654409803148346,-0.614232594408419,0.7284315926965746,1.018081076352994,0.1419515270409594,0.7637247833651536,-0.13565512122067028,-0.6488934083269429,-0.9227916554433319,-0.013791637998372863,-1.0581386610931327,3.07
-4.226436782620881,-3.609878052881986,-0.3808664597172688,0.7840553336751365,-1.049970535462858,-0.7760817449022914,-3.205073896576049,1.3088704900086638,-0.8109871527435891,0.3254830123482701,-0.16620766928287023,0.8451925073071525,0.25998603751217797,-0.30238723477345886,0.9120351615173069,-0.21940393198447544,0.4920676485884553,0.13163722617618667,-0.45864559282084655,-0.25914845984359847,-0.17578609024669795,0.20816638515879973,-0.6
-2.675155597604016,-4.385609566433067,-2.4525003567256873,-3.1778950909101136,-0.40035668630483817,-0.4886224859274256,-1.2245563466321432,-1.1885050238447967,-1.1573155671429436,-0.4675490238354164,0.7129945198365797,-1.43179819539047,-0.9068611038646335,-1.8903062495098029,0.2782974129708921,-0.2888056684892615,0.016309820842548152,1.1207705374926533,-0.23395084500686095,0.6324482708506463,-0.08431825450545016,-0.6523620992261392,-0.18
1.945576445291398,1.926027231536994,-1.543742549496685,-0.4547761358589289,-3.0640896554629524,0.8182255360197184,0.33888811938156516,2.2457680148987857,-0.4789282247330545,2.0634211746678353,0.9543662335334593,-0.06839153554123253,0.9036194633994905,0.2320462982653369,0.2812571234139829,0.9289494691500376,-1.272115194313721,0.251830596509683,-0.06381405544733584,-0.7400902537420356,0.37304387030487896,0.3895109063444779,2.54
-0.20977477555317778,0.5945766853159131,-2.1076301595003075,-0.5198828583931961,-1.5015301296280787,-1.4016511398288485,-0.7173690439980546,0.6069677023635288,-0.3637627629459399,1.7905340705403985,0.7462339049393001,-0.49487240926899245,1.9666152561285652,0.47624908094439605,-0.03649046815048154,-0.03010586207289381,0.8924379519577472,0.6766515277605059,0.14601924910540265,0.6362401313753292,0.05882208503600732,-0.19749771714535574,0.68
-1.3440535477521427,2.3828496647386714,0.660725568850173,2.192774196755683,0.7718490061088498,-2.437566048378075,1.0349876778061788,0.1296801743471865,-0.11435734165478965,-1.8383837916455639,-0.22047588504104199,-0.07852029445202714,-0.8471445549597253,1.259629648849594,-1.0472010837467791,-0.1522071383700899,-0.4770107876025961,-0.5334973483089296,-0.07290258554714706,0.2370403102645681,0.6151156775629925,0.1367749472467339,4.19
-0.6799480055307485,-2.0552672653464428,1.9874859801263967,0.7512328090985664,0.1141328850925938,0.010905092720137064,-1.322584890756955,-1.0453066609153512,0.37779179690154446,0.6927872080095462,1.1858641228051743,1.3403930745842783,-0.26903011506365143,0.825099176655522,-1.168745022423932,-1.0597218426949364,0.33374881836436593,0.2581479610056041,0.7704037636690632,-0.21838396798318543,-0.8284162822943405,0.7227273796329577,4.52
3.8845382906454042,-1.5628835985075953,0.22504455744381088,-2.2435285439082087,1.3530407709872538,2.7845109943628326,-0.4089827704161039,-0.48316669950365104,-0.14644664560914875,2.3662830281862965,-0.4544146441729603,-0.14259202989452247,1.1625568041133971,-0.8997163096342402,-0.11486283259036806,0.009633487453914067,0.6512814078624589,1.0736530911419202,-0.3893718337875838,0.0637893909768354,0.010672089466947875,-0.982241668799298,0.46
0.8589876852831517,-1.338534205629663,0.3916228565049526,-1.4587071868529893,0.04739937298954291,-4.772522546987502,1.5167392205785433,-0.31843983466304565,-0.12596361906854878,-0.37793155000871176,0.901338525544915,-0.36053557827750593,-0.3572764506750664,-0.12898008415056475,-0.13681644196310253,-0.717291728384243,-1.3939298084346203,0.04384392829568317,-0.0612397332250345,0.7963967390989636,-0.4672655278029813,0.011306749421028163,1.21
0.09637453221918643,-1.0679443413064942,-1.5239362968048653,2.7051375372006685,-1.2839240508579166,-0.4928981279043353,-0.877737900721783,1.25169165955217,-0.6121991686710019,-1.0866425696438715,1.6644237721420694,-0.9518723921791118,0.48486222035553295,0.570543687952346,-0.8474041829350881,0.4956383080035282,-0.775699719453007,-0.26103685303119994,-0.48565789684406935,-0.04140569602021835,-0.32847594912688394,0.1900623822012179,2.32
-5.647674418087476,-3.1044727997566404,-1.3185693422182083,-0.7179420935217352,-2.2335707317226454,3.0908788745775957,-3.0809539610129044,-1.953214072137272,-1.200681815321927,0.7084252746542063,1.075943621561817,1.0698519721536377,-0.4702148689321873,-0.1836913113498776,0.2745075257367698,2.2682923006793043,-0.39294382907044156,-0.20635314069168922,0.27934085996886987,1.2579754047836267,-0.20349418510336081,0.4476874241553596,2.82
-1.4671004461186854,-0.9397159138141574,2.5894402279013256,-1.4481506434176163,-0.8844430897657662,-0.017139937498146542,2.282230988982058,2.0777445021440135,2.1176305139607448,1.14706219759816,0.17433412364152018,-1.0815561593129794,-0.10780008252635237,-0.020463758442255224,0.883846023303609,0.5361966344275882,-0.14831670535943992,-0.6530969787304904,-0.6892069120759605,0.7560907945752791,-0.16312619731760225,-0.531022478002022,3.52
2.2262486238310926,1.1118992081464718,1.9406805671355158,3.299912831767175,-0.3202897705540008,-1.3022987912342554,-0.002205660844499121,2.8365143803331336,1.3250183227174466,-0.06968006448320235,1.2987490818295537,0.08675232761072507,-1.774874464752918,-0.5644991716857817,0.5014005928628943,0.5346593110687751,1.3492768925353653,-0.26548918076571304,-0.819628313289074,-0.1499246171006531,0.6919729362176977,0.7550681012159525,3.0
4.034527332966163,-1.746850672920298,0.058727127127093416,-0.3917377396979766,-0.16050252085769656,0.09584382758173202,1.4233124525661252,0.559304651482926,1.190784983744784,-0.35473145047332705,-1.0007156521918938,0.16257130208907408,0.5549760860677578,0.7248284714951178,-0.4414646765009134,-0.13383163403928805,0.517830978570926,-0.2813046751036799,0.19217896033823864,-0.22908585647402335,0.6745985497418953,0.2750933503017178,2.06
-1.0784893059069471,2.054325617881824,-1.88827827725991,0.9796473697191779,0.9585308503240136,-0.5667543990094202,-1.0206756672147101,-0.8000194427511728,0.36506508587806286,0.4439567011085299,-0.07343408563426711,0.13739809547798998,-0.0658060674006838,1.4238961489526618,-1.0393371666520161,-0.4265299329255289,-0.41972189182769887,0.03750914299210765,0.7174925063904514,-0.4591018811395809,1.3089198854641777,1.0053145490706104,4.74
2.181989819965298,-4.133178838717336,-3.1651422641875433,2.2450256530955417,0.6693046788269578,1.5589701521831945,-1.3261179523934596,-2.6881644270020484,0.9463676101923623,0.299214608768035,0.3197562213118236,2.2708049680484628,-0.7523393604255417,0.634637012157767,-1.4711221076330907,-1.00650154892955,-0.09414403101482918,-0.3310926199368545,0.20087198399807826,0.5324099015388182,0.31434074693570063,-0.3563789797185302,2.59
5.582088578305022,3.408879361323517,3.3548800265785013,4.485458992129637,2.5388322556819527,0.258743041326587,-0.2688905463418877,-1.3657184049771312,2.767151124385481,1.4214134197097303,0.49724639481026023,1.254730881168784,-0.6591859908842292,0.2704460183961681,0.14290794685559474,0.771645191174045,1.1997550767335254,1.6523463081255114,-0.14992253713830753,-0.626494360668318,-0.6602990529339384,0.6503095350955093,5.44
0.35519981345350904,1.539397612733292,-0.5158802598212555,-1.0660464238978566,1.1094144678388547,-3.414828814883145,0.5140978374431296,1.0148315800606034,-0.05276664974668806,1.3142561854339598,0.807654944431609,0.5456369092573261,-0.6655812897239798,1.591497851966465,0.7582779301818506,1.4277786774697259,1.0844938819272611,-1.1222941854661506,-0.713751167907569,-1.5170433129584826,-0.43719332080952955,0.23490332759122842,1.58
-1.221406057829313,0.03406796712208407,1.174666676250225,1.1355376533157437,-1.1156467630681388,1.3285350582464543,-2.019159462340422,-1.8412962056299846,0.9471278527333571,1.563731916347132,-0.896192516027476,0.12547840810052668,1.323455420042157,-0.22712858397095573,-1.1289353596413305,1.181757955341844,-0.7082477619766526,1.6340939455443426,-0.38328082224773297,0.1779508129265599,-0.6221992892422161,0.05005696103435715,3.38
-5.063087673659443,-0.40553695419514674,-3.0943497017755495,0.9919238487662059,4.725407309489079,0.6937167862989023,0.8122483538609883,1.7153078612184995,-0.1928386311290866,1.8152972013313722,-0.01581078963083057,1.414519207411482,1.625329773203882,1.7167032236295068,-0.8704932361912907,-0.6207652334787124,-0.5722818414426695,-0.027972236565695023,0.5688250003703651,0.30977398365830455,0.01539912967810764,0.514344561730533,2.37
-4.319902694878894,-0.152165188604077,-0.42646756295232685,0.37250155423700226,2.674152051054644,0.6683298299926385,-0.237538821611101,0.4004248093364619,0.08344025905159107,-1.1277571944618938,1.6126779994203686,-1.9962384994945688,-0.023572585559570165,0.44303988207769673,-0.2152806731807383,0.0649670667186529,0.1930864977037023,-0.882021903492996,-1.1846282568401452,-0.08476636879426322,-0.05079485584899453,-0.8015294601992883,2.04
5.07733990932766,2.1666216284363853,-2.3394957433623498,-1.8960518131479078,0.2066405040441187,-0.4900405064416121,-1.6227749699636558,0.9671118293953833,-3.0013612691618627,-1.2607679126845033,2.079628643933619,0.5742499555666621,2.894038733283678,1.0835060222873298,-0.6450294477525993,0.047097231770878184,-0.33823067632965664,0.7412084200325998,0.837172354466787,-0.329091794857123,0.3549277748270771,0.8245572309355912,0.46
-2.407677401031251,-2.9874615956605775,-0.2491589811352096,0.6148456290519312,-3.3150244773983633,-1.076691112183976,1.6523500495695902,-0.24269553341010827,0.0698938851744089,0.5766132908074431,0.7235822060417028,0.2945149270633631,0.40007470882668694,-0.45906535795819114,-0.14896166445966935,-0.5779855819217041,-0.2444435357753222,0.6354293468018787,-0.6975097083840296,-0.3629858446278576,0.5910249940174592,-0.7923141732083038,1.48
-5.56602549783553,-2.2532157450316785,1.0999321345466913,2.6008969780228597,1.9948821633181133,-2.3584057773826315,-0.8574275132485372,-1.7405507223215866,0.9516074313140952,-0.3249750843660328,0.15243644660135766,-1.1470715171057047,-0.3498144053928108,0.27694408197113163,-1.7260169184132819,-0.21638565953747205,0.1951213804440772,0.09048995869127625,-0.5796980539684683,-0.780142265105861,0.3404513519752918,0.13249698234623267,5.17
-1.1704077792776946,4.735425709855167,-0.8079076820949626,-0.4048771795507881,0.11408071968702847,-0.5850666275911323,0.9297523434091319,-1.44160443867093,-1.4745731302000573,0.9858943824648102,1.6500954547388804,-1.0416308933807203,0.971450321817844,-1.0103195017559352,-0.34270351640474234,-0.3477521898734298,-1.0096727667876835,0.2612271486399461,0.5605190302114972,0.03028801229105493,-0.17418625571228744,-0.3655251907212465,0.89
2.127230161821904,2.540100545060893,-1.274409144735882,-0.6374809695182375,-1.7822865541837603,-0.7701818716434243,0.9131810740230706,-0.44138889883849886,0.8815799295980683,-1.339948288740233,1.5558217907228589,1.38465448807805,0.7143360900545495,1.0353412207707426,0.4577240292423501,-0.1616375130816033,0.853425782412984,-1.1488406079389257,-0.6339255201736183,0.15316309199223777,0.042617003035019994,0.38081671778357606,3.42
1.642812612890168,-1.1263576529485917,-3.296639935445491,-2.4976412003494577,-1.3068914548719819,0.009463798656454364,0.43995186072138703,-2.553318710875535,-1.295391539702622,-0.41138991253041857,-1.0768641941572346,-0.036717042845221835,-0.7523160350540161,-0.7482167326504152,0.946201625105741,0.37875902406758644,-0.2487195322250879,0.37006592279398876,0.12972746891971065,-0.19278872702264263,0.019952452717197096,0.6191781492658271,1.62
4.017767903107233,2.9856113793907184,1.2406572872515649,-0.2296638857570487,-0.3348074500045543,-1.7774647845748497,-0.42651394383205604,-0.991965509353685,-2.158244660468827,0.6003966994996092,-0.34668784969327304,0.2476439900778559,1.4124054155393284,0.42198838776881414,1.8944154954702763,1.2715481176638683,0.7466220918031378,-0.2385075570045283,0.4814494848405949,-0.263832288257345,1.272081845931208,-0.7220420142937588,0.87
0.21385338802734705,-3.277651185173965,3.3379168985827525,1.154476856392171,-2.117808234935444,-4.1228492100026735,-0.03314712553497847,-0.037807272345423436,-0.3054620214957023,0.5960838107387153,2.557756649611275,0.6862735816824709,0.9874102232282292,-0.810783805053174,-0.4905824552866276,-0.2452517515044625,0.12626558343003205,0.6413765269423195,-0.2775601559162454,0.25986518267242487,0.15128251674786403,-0.03835022985295257,3.3
-1.1292428434285475,-1.4130088136486938,-2.1074007664432854,-0.4208401615031478,-0.9062514688076262,0.09215665229887811,-0.25564769142407767,-0.3318558763877785,0.1599542524588661,0.08402476299604199,-1.1172243625342755,-1.3011946655948798,-0.9210439318685608,-1.8784788006802693,-0.4106223269694892,0.8485661257205229,-0.555841653158405,0.9252474716406549,1.126312346642076,0.8850921455968958,-1.4796642614544648,1.0139849154535696,3.0
-2.7316807606362663,3.2858274569250323,4.54515270387952,2.6282170540950727,0.26852490995755063,-4.166888636507595,0.018175272476948272,-0.37567933401201675,0.8307034914102173,-0.7279025066087669,0.906311915422343,-1.6696214344820461,-0.1251683869075812,0.8500545390247297,-0.2994673860679547,-1.0222010853728016,-0.9542944455964516,-1.1009916125138286,-0.09164516096012791,0.5337123850301173,-0.1061016267731649,-0.019554320367900686,5.55
-0.09372251059402227,0.4245462171861648,0.9625076379490967,-3.162074414619794,0.883470193856884,-1.5117635128528764,-2.2363430569632463,0.48127596362555447,-0.5833160068547338,1.469674429505523,0.2943661236024371,0.405781538189232,0.18552797989675168,-0.4117736691036436,-0.5213833683652237,0.7063887762369175,0.371977827757999,0.5497643312036292,-1.3294539755412693,1.023812085720296,0.8231704546947941,-0.4392085707102819,0.63
4.637167628995545,-0.6892769278383246,1.738015739079395,-0.3454942553074946,-1.2473080097953937,1.4381035550522576,0.2121923884206696,-1.1663660709828212,1.2681329420521346,-1.4471386092335556,0.6218141139578686,-0.23030378476939076,-0.45263227280396945,2.280095567893818,0.5353180415248215,0.9739766776438699,-1.3214744088296144,-0.907580771623459,0.22449389580555976,0.4785164169731349,1.0399271601391433,-0.24697073414589477,3.06
4.002300011403895,2.852007010829139,-0.6274610916410235,-0.3834402582998963,0.09414781900350801,-4.887898704157516,-1.007681067353334,0.8854120887976744,0.6737676134947564,-0.8772453923224207,0.31075145583602376,0.49522031643152836,0.5336200501174156,1.1189083288592863,-0.5911136502370178,-0.6900354633258663,-0.2529538858812395,-0.0474528186813458,-0.5485549227332228,0.16430418419951642,0.8040264725010964,0.5396380738818403,1.77
2.27185203787644,-0.38416733339857895,-1.7391633360609908,1.5303083030319182,3.2865426286662975,-2.496086443035906,1.807990164461538,-0.4157341926272324,1.792378985552881,-0.01703710610801627,1.542814269197348,0.3704689922960443,0.8172276091095165,1.2996949493815502,2.4696592468793686,0.5029049713654172,-0.6161443147439554,1.8337188576685233,-0.9570161229098784,-0.31869720258135864,-0.015304474732550722,-0.48292064595604484,2.38
-0.6688548908503673,-1.6414634215786916,0.08489191065954901,-0.6458210793412008,0.10462691612300316,0.5775907220525498,2.350877674488154,-0.6019836919592672,-1.5429373892190739,0.09764860091959837,-0.4822152435583546,0.6562422898025921,0.2993315950878584,0.2580869874451389,-0.4355603489635291,0.9751949347953419,-0.8865435106023183,-0.015361403305024866,-0.04706379370575244,0.6722429095232878,0.2863952690226357,0.07752717531668454,2.93
0.337677380808794,1.289678798931864,1.7901016566366135,-1.1214430620067914,1.0778965155195483,2.0302896978135547,-0.43812453088462033,-1.2889167571304674,-0.08537658493647232,-1.5808616533959463,1.1327994075633847,-0.8219966009339184,1.0881932845744258,0.5218089060511579,0.43467595449267366,0.1427734434238237,-0.25069488822345243,-0.756015835982267,-0.31898698162909966,0.5898348819809918,-0.466734520066443,-0.18143543571355925,1.94
2.204044869082064,-3.476311670912525,-0.3670943521968889,1.8746084210567384,1.2548757281171758,-1.4860279722375094,0.21847700713220264,1.8701498230687958,-1.3811393342930236,0.5103297343473095,-0.45506604297300857,-2.083907569491067,-0.37136747720593677,-0.12441313060786269,0.9526738689964444,-0.9993853531929078,0.9529219247744307,0.1442486209130593,-0.7015197433144038,-0.3153550409146714,0.6784449589820639,0.6224430388028098,2.7
-3.8524950784908323,-2.189715126716952,-1.4800440194788858,0.5002152738033757,0.33046659793172334,-1.1098675920737289,1.4465213085055655,0.44860133753652814,-0.32737499706348455,0.10598843135137283,-0.04044987648759332,1.0422790888740552,-0.6269500458247084,-0.8546109647834083,0.6802728422706366,1.2562885126586838,-0.01722134084134374,-0.14018508090796064,-0.10519088802383358,1.2428666695656962,0.04633137455777138,0.2185694459242144,1.91
5.739937539828936,-1.755150079619639,-0.14523700336834147,0.9901468804716423,-1.5558332384324647,-1.3771247720201905,-1.5404706706388638,0.7598277757771382,-1.6132722556042876,0.03432925067424873,1.6962002932847182,0.9158291467818378,-1.0686266068151546,-0.09785362479438879,-0.32091926840000984,0.1364605128685188,1.108462201875347,0.8143293661844112,0.9825265164970328,-0.46741827616809367,0.16540980470769684,0.5665217101270275,2.61
-2.4449617070620433,-0.6838191132087932,0.7834967455428874,-1.4970397136172284,-0.6780683395342992,-0.5015219364633019,-1.4194216849329873,0.10218964334078115,0.4507222224104631,-1.0417148084676078,-1.4757005376476164,1.1473989444916501,0.43425843775849665,0.923357249512824,-0.8807478185262896,-0.6324767682096344,0.8262144570967641,0.86534579998369,-0.23599208683828243,0.34968642593667515,0.39037495476010026,0.3919982189269543,1.94
-2.2685361841736884,-0.9740434193849788,1.267523691526855,1.0580111718415581,0.39463131319253547,0.12855547273149845,-0.5274794658189141,0.7376958023888878,0.9847629592176125,-0.36692201422578796,-0.6511041229050316,-0.36865479993297134,-1.747461820538898,-0.8627148478335421,-0.09588718073937813,-0.15789433477205206,0.998986619448032,-0.044597405038683424,0.27666059609208443,0.6283411749242989,-0.34923201968277046,0.353683218187062,2.67
1.738668683442806,-1.8037570164744552,-0.03864474965509137,0.8347203848478619,-2.6166678038094036,0.9386597779873794,1.5600736436473208,-0.4584887642664142,-0.8966937378015608,-0.49072996090898885,1.3043312454113367,-0.3313489076561424,0.272018063622092,-0.5157231778647691,-0.08715880913173198,0.5509034294590892,0.09502643261593427,1.0223027956622788,0.7513185206590374,1.1552076907568596,0.5217666182261987,0.03701297867410876,3.03
0.932239548713376,4.487717681645404,2.0837024674051854,2.621071184173165,-0.3892575235047319,-0.6539019630485782,2.5451839157838347,-1.1746878961133267,-1.882169717582438,-1.1571237165600412,-0.017094201889648584,0.1736891843328619,-0.1827077376636711,-1.9763840638238743,-0.26560767914939326,-0.3262858575400511,-1.0819924546425692,-0.7791292868843966,-1.3691501962995116,-0.023777620616447708,-0.3587928435905067,0.2851933706159109,2.66
-0.9692256941366524,-1.1585352048697244,-3.0116055966891166,-0.1686869634363422,-1.1263666612188967,-0.5546924807196781,3.443745623636131,-0.9471844889528577,0.3381945500153106,0.22715294159517171,0.35739877955632904,-1.543510461528561,-1.0975419479919037,-0.39371658168994,-0.9776216969991504,-0.8568417857224793,-0.15098666424011323,-0.47403426025256334,0.0819650710223669,0.25698904192808836,-0.15907503544372867,-0.17215612852637338,2.44
-0.7465021893304383,-1.5065895642854052,-1.2952378193335827,-2.0041650993071496,0.4280001918384607,0.24657549276544757,1.4448884023196702,0.07687106163731205,0.20297467121784243,-2.288008939203978,1.2917239253943924,0.6483843538400782,1.4491890993762162,0.8993440347361743,0.1349970144736108,-0.37545160716299736,-2.3861901439662176,0.243602527252598,0.357077844489005,-0.40669932277405657,-0.17710266777373196,0.2988418031829027,1.76
1.2963394756660227,-0.1963451421646817,-1.8211977915488924,0.35177863287908867,-1.3378256603194685,-3.157351863016614,0.9293720189853402,0.43007888949979317,-1.0986904555117198,2.1957241557074973,-1.1075440780954808,-0.28367010867124415,-0.2785391716463381,0.17086371507224002,-1.3016690320781326,-0.244142382503631,0.8456755881568682,-0.008797831726988461,0.7132254710764656,0.4651730711382655,0.46185791918840446,0.14552728773410842,0.92
0.24414266666977866,1.639809696891353,-0.7313835263516226,2.6476803249709273,2.227894452001908,-0.058987928602400694,-1.6037374193309546,-2.237390273298624,-1.0607897443829462,-2.125513771830486,-0.6175427843802841,0.23775474813373276,-0.17578627871875113,-1.4840640309862345,0.6119955111570595,0.18513223617987842,0.20695695310577,-0.9913326198704161,0.6117060406379299,-0.21214127154476062,0.9467514179918182,0.27603439956794656,0.36
0.37126895479491484,-1.3547373618365217,0.9697955933121679,2.1232877004568187,3.039939272814401,1.6403866318824327,0.5001504673494723,-0.7686597285021682,-0.333008751006918,0.5573441878693142,0.8641678903388188,-1.3057071735373773,-0.23548869134755887,0.6824840753090516,-1.3089918357463732,-0.09615750430077759,-0.3422524113970791,-0.21598324794812082,0.6213305928582192,-0.36527494469839356,1.20892037684683,-0.5761588257266049,3.08
-0.06135306353209988,-1.9117959369563624,0.591478980576043,-1.5475677426684162,-1.032059801941092,1.4552840857456195,-1.4524733567785109,-1.6886469613852404,1.2563177796662406,-2.4635516828582893,0.564896665526157,0.2887846536992187,-0.338890217595171,-2.283268461765321,0.19661740281528453,-1.3985864119484965,1.0116482878059687,0.32329954395011573,0.21732568010772543,-0.47938121674520595,0.6484544732024657,0.6730394727819065,1.19
-1.8339334722194707,4.692148345240415,2.0153568341217607,1.3192534799627444,0.00408750440282695,0.9515063453438737,-1.6330747987055132,1.3596105573572317,1.5934331514970403,-0.8306684816802763,0.4054706289900977,1.9559544662074173,0.7247259668257438,0.39106727924217677,0.33221874599858253,1.7979836178855821,-1.3805416730268325,0.8268979392287169,1.354216549871859,-0.5091237371075485,0.04873452354113711,-0.14938523586506414,3.29
-1.39151035016907,-0.9624551382057464,-3.288531806549326,-0.1488787462574161,2.9999882252767227,0.7828908431326975,-0.5943959415379468,-0.6290319115264852,0.8898228580449469,0.27489383345581175,-0.939977935891073,1.2548032350114307,-0.7306521698978672,-0.3576789026205765,-1.2038900191464947,-0.1895522587863352,0.8305345502666868,1.3678196715150939,0.06931042262773796,-0.26286558365800955,-0.8787211314307795,-0.32556869826878043,2.01
-5.572884089726134,-0.39655764377522296,0.21382976454719593,-0.36864383309653276,1.845642071002942,1.2532594672534179,-0.3278385794441149,-1.489372640000621,-2.4780393218453125,0.051391335251469765,-0.6054249586183263,-1.0914552030651308,1.3717073157366568,1.2516404084027604,-0.7732497136223498,-0.8548543979259418,0.5053620260228832,0.13208539635576264,0.10973906791849651,-0.12372702044246148,-0.3615813379961217,-0.29319538231901243,3.13
-2.424124930565808,-3.4712834210684584,4.126968099174315,0.7741732893009626,0.2568011034279723,-1.682888569787395,-1.2171801672846172,1.4799849657117048,0.6697710877028585,1.1933273324125844,1.5564535917736402,0.12824162193052488,2.109363159871538,-0.44477707375688497,0.8328759668094209,1.034430494247269,1.0026663221140248,-0.41730373821424704,0.15135444256649247,-0.7306831689596744,-0.5202752586745043,0.4430901831374375,4.18
4.444141449009685,-1.0425609887209972,-0.41726729928998707,-1.7645812582673794,0.3834421012763305,-0.7762036322697178,-1.2853961169451948,0.32132842002199685,0.4200742589788039,2.1727266975613455,0.21728363770099407,0.2982705098480107,0.058580119247283506,0.1337466232678559,0.22971684423348462,-0.039260418474958925,0.8242210929115965,0.27798207323165525,-0.23255838284755337,-0.13756896486351408,0.4418495713538491,0.5080620504905813,1.3
-3.1368452343781184,-2.0215353204623425,-1.5999690395047197,-0.011796848915891911,-0.9223224495027283,1.105431877842388,1.4670455123821047,2.863175367086583,1.2729322941592123,-0.08070658865797033,-1.275685930119412,0.784118290801015,-0.38847074775846885,1.0298662007785058,-0.3651518643872105,-0.3543227125485064,1.3647564789074302,-1.3181529268809908,0.3520465762958545,0.6123459065596358,0.08780064978835021,0.5325989497441941,3.01
2.3817320308368073,2.671855396090282,1.9538335480080091,-2.195279791498116,0.6263275177766998,0.17522615700756392,-0.7399063265735154,0.7613779232198821,1.265281906360676,-0.36516543106301314,1.2934061896092146,2.23823666998458,-0.532124245596982,0.38451402459435446,0.4809923367844632,0.6329181126898185,0.03421323207429182,1.2347402387745765,-0.7864241966861449,-0.8829536350419045,0.4603749214487061,-1.2457261055456395,-0.35
1.7371128529256532,-1.1901021622658063,0.9969436538904813,-1.1658195570291479,0.9097059382700875,2.4347251385934396,-1.8849949709878344,-1.0341188013982672,-1.1947554038279664,-1.4056207834454943,-0.3193022278486888,-1.3688124527892989,-0.48362210147601403,1.1041081587804693,0.33181887790676673,-0.5718143730462547,0.6162773638815126,-1.1529955250233177,-0.3031419950280046,-0.16618372682417445,0.41558963552133027,0.022112701378282692,0.38
1.800151223398352,0.8680024238680508,-1.5078456092180876,-2.539610316261167,0.13269626250618202,-2.9307700943498127,-2.5019247415945256,0.22173137136338814,-0.24049689755789228,-1.2862091184774291,-1.2616423909408983,-1.023839219269998,-0.929241861198442,-1.6681658807321043,-0.9026263515946281,0.41336517371051523,0.2558615456540999,0.40570036059497144,-0.04311987936989993,1.280964528644923,0.2269333266740881,0.4854149671774724,2.27
-1.361977778797118,-0.9315864470743025,1.3182758788992053,-0.5251593574993436,1.1367289283933606,1.8995540093496117,-2.364768215656637,-0.9500066013049878,0.4105929844031011,0.3433734436547495,1.2182612551212544,-0.20960096644240203,0.3303261572654453,0.43909199065740406,-2.029666209378033,-0.13294660609535683,-1.8846167138250625,-0.0015695703934054854,-0.7927311984346553,-0.3415440548822259,-0.11289956907761167,-0.49527114075104045,2.44
-1.0362343982761635,0.4941586621975759,0.7164762845257312,-1.7890352528648668,1.0716587847955157,-0.7640583862669292,0.43666631474597256,-2.4407729198627908,-1.1305380961969347,-1.1271531396172194,0.14548984529405387,2.116534568844112,0.1535987246467348,-0.5184567904527206,0.4151312181870971,-1.0208223866792823,1.1548883549218323,-0.2816623319891738,1.0641660001599933,0.1589348691833042,-0.3510991171048699,-0.5074487538149116,1.93
-1.9510977167662982,0.4999504448561917,-3.2808422210127723,-1.4288737670432428,-1.9170125661682427,0.15885797925785197,-0.574672974798194,0.10596399664677089,-0.2655034905402496,1.0738074485430913,-0.6856828078782333,-0.05393473323311446,-1.848782161853748,0.22781299396494425,0.36091612334738504,0.2533362345386646,-1.0510911792089657,0.060173563309333655,0.16782513920617517,-0.5169649638878301,-0.4594324622552921,-0.15691809331347342,0.11
-4.201907078966404,1.1906752102652371,1.4400051561369822,1.4561670264662188,-2.028246075777537,0.11755585792183293,-0.6659448160160946,-0.24963306434283053,-1.3256099308802656,0.9328322626257682,-0.4636186654905138,0.7483489027833248,0.35497373657492143,-1.6085719347204745,-0.9336316742697949,-1.4278080730886937,-0.36050791480694966,0.8576925115052954,-0.00965914161634821,0.03163551111178279,0.24609420783539096,0.04391912243812633,2.53
6.666840736523564,-3.203076110578585,-1.8907118281141915,0.5020566893793411,2.025179431844299,1.1957900177010325,-1.770991426355239,-0.5537187586600242,-0.16477840971421495,-1.155850651245111,-0.2857762835440529,-0.24025989655017319,1.5934626702583905,-0.32812536229803946,0.9602643442817622,-1.4278180036972115,-0.22811409115025014,-0.457307547109629,-0.020652084303963054,1.116376085982524,-1.2818616441338782,-0.23793614263556845,-1.51
0.2944517274120372,-0.41384250579759724,-1.344057602968478,0.8652693927260215,1.7523355004501704,-0.23213326613304347,-0.8058615539433083,0.2056395230251771,0.07873064273640291,1.2491929282460357,-0.2106291794946732,3.0976010322004823,1.046678665291911,-0.9813788937330288,-0.5906755531954954,0.5259810129853828,-1.3986912943865966,0.5491322295223942,-0.3749551148352224,-0.6344164805081882,-0.2694511748892082,0.45706255503892645,2.1
5.010998453454428,-0.7050739512055083,-2.8683191937647314,3.467851154254055,-0.4073455292480932,-0.07876813926803886,-1.059089616616949,1.7902708526131965,-1.1170295237437307,-0.03190679636423528,2.09267977595375,0.6669331912125056,0.8315033728669248,0.3147943303281003,-0.3402938860322073,-1.2325298690701445,0.051472279854274695,-0.2671960504211571,1.0059268821499943,-0.9007039829878006,0.014581881231595229,-0.7723301333018642,-0.25
-4.681220360354596,3.303852161680027,-0.9808098335210393,-0.17160963592373543,0.09752083047479393,-1.8476016843768395,-1.9350692356649033,1.8736478939325478,1.2240730271133986,1.589564595959948,-0.51974190034863,0.10582146574437583,1.6091854224700577,-0.4567050674093718,1.2136016042414814,-0.8541193035411834,-0.8729234738501824,-1.0894475244484687,1.114623698820617,-0.7582578277017523,-0.13890490479795622,-0.42992565996456134,-1.04
-1.9157905736163514,-1.653142074907596,-3.5868926697905072,-0.0850236012360726,1.1089706454304968,0.07391130093780224,2.2821793498414977,0.28090478602644603,0.32451415891645424,0.44391063104066963,-0.031653611107002044,-1.471631006719901,-0.11106230708077697,2.520126284485879,-1.0567004669851305,0.5359005236935134,-0.41950279075135805,-0.5744279064929716,-0.41939105355046896,-0.8103435251715133,0.12145666529371377,-0.93675837376376,2.77
0.1739002696743785,-0.6884090432443294,-0.8216085020081517,0.5746120525642302,1.6457001129386217,0.009919140747463317,-0.0017850506382961755,0.36724923325834835,2.3236410125253117,0.6302008374918889,-0.8652376939993807,0.7184802630345001,0.8087070808743014,-1.4875015908664928,-0.661192731392606,-0.062053718127902724,-0.32904453209958007,-1.6245722446831965,0.7634588177709221,0.4956460054901747,0.024411546114096926,-0.013644508637895644,3.97
2.2039852691407193,-4.1404107452608745,1.370509393530756,-0.1908921577764457,0.5789889876258009,-0.10073778078364981,-0.9502114390095123,1.1169914982218558,-1.7356834740231526,1.0240390372270438,-0.8858767468392391,0.35545529962108835,1.1110289560208593,0.0013520497221191398,0.5552738807384188,-1.1257049103954906,0.6911914074879786,0.6599857259612757,-0.01795908482712547,-0.7900912309418751,-0.18668890099459,-0.2490758556107566,2.01
2.003870956580631,2.6845247379385677,0.591768714499395,-0.7236905530879781,0.04135730349361595,1.3693722960740171,1.459242804050313,-0.9524670780751598,0.010895295784214694,-0.3953108303732982,-0.1936019780794154,1.2591971902605825,-0.0010171213854621524,-0.09336137982590245,-1.749464420830165,-0.47805209235422813,-0.5437176397707756,-0.10208140287051463,-0.10132244740113928,0.6859016594607169,-0.08527115543850933,0.3887247298288553,3.31
-0.3000307625030174,2.942286901921966,2.773966424360216,0.04633796702403967,3.7943358131052225,2.3546666429946272,-1.9491283756351636,-1.272195298443559,-1.5362638181435126,2.611163070713957,0.873751570872611,-1.5997549247825529,-0.545877789629808,0.018708302753635872,-1.1443011148752498,-0.39924173845429506,-1.9883413925457851,-0.7555438810302959,-0.4718305133041549,-0.2534599073539093,-0.12912697757164796,-0.8413949602657316,2.23
3.4620424537517343,-0.39496244516087053,4.941281778292809,-1.1749657873276094,0.19103657849128822,3.404278316784763,-0.8443892406431203,0.012992531471454643,-0.07997409976523259,-0.07278108590046674,0.4170899834558971,0.8067863253741651,-0.03920959704012882,0.4055842902913253,-1.086907918707067,-0.45713774933516726,-0.8624729179707347,0.12558413299363444,0.2170505009278132,0.30039884923005716,0.8472670231199732,-0.36850921119454316,2.42
-5.558791329705155,4.383361285948312,0.6648256727876273,0.8331237169271095,0.04148435935182973,1.0701481461243558,2.6937188944970067,-1.7649379766329265,-2.8950467622731417,0.6808062830225621,0.2119356979725259,-0.5631275661483033,0.02558570773370675,-0.29297617865703623,-0.45620990840632936,-1.2713758834337725,-0.44722258028579165,-1.1222594146075404,-0.9224385839464959,-0.28103435113874076,-0.32927011895309366,0.8934302551821434,4.13
0.518371046340797,1.8207179842625332,1.0630318944038981,2.7272515138692603,-0.3348055074167672,1.2909162456754055,0.4153998545499152,0.9590347972119768,-1.179400166879561,-1.2723865697839498,-1.7502946341810826,1.3719265651255337,-0.8553951010163987,1.2941205051986662,1.5359462438481994,0.5564776645842718,0.6207164288882249,-0.8124945254500998,-0.9784783047801259,1.145539414585633,-0.04680939369122128,0.8518308618498822,2.34
-3.2610527631992317,-0.48262871384781864,-0.8518886483112282,-1.9264064169346709,-0.5029159059907888,0.23419933450719557,1.4206655193629003,-1.6532064907355213,0.021432639560480405,-0.490217238955391,-0.5917608731400016,1.0944976147056087,-0.9166165258591837,0.3810659168933621,-1.0748373787893355,1.0687221376236542,-0.8270135523642684,0.35120750894268904,-1.178362319252803,0.4637979547052734,-0.3529304601983051,0.740652240499064,4.12
-4.287097133787347,4.19861509624672,1.2452351290489032,0.9837388960394498,-0.9074941956191237,-0.40029151639072263,-1.444148464834142,2.0438372943279597,0.2770661851844351,1.7773178095969044,-0.10748201517581478,0.7586224505380653,-0.5576073581343834,-0.6466843892097184,-0.30601002947358424,-1.2677284555951032,0.5031989098022882,-0.5995915144059845,0.6720562771776085,-0.1507725525949454,-0.8545695548594223,-0.29571771372973854,0.02
-0.6017910586933063,0.700852863247708,-1.1256433004215682,-1.4711706618632103,-3.7816603217611795,-2.752779395679867,-0.8597142223892191,-0.4652347988384091,-0.05298253096505777,-0.09799359235631666,1.3237806087345296,0.4800012718520825,-0.5184520211620256,-0.7957893752643098,0.5491468624227367,-0.37138382171988477,-1.211552273349372,-0.026385171389607182,0.23517179683623005,-1.4777484330051145,0.23454918587780743,-0.3499867200984097,1.22
1.8383310359205167,0.8403232780088543,-0.05288794481079354,-0.38272903206369746,-1.659641973391269,-1.9157562640425845,1.3093219819376833,2.281732299768004,1.204534927710548,0.3532464587769588,-0.23884648905910005,1.0003814088968157,0.6460283503597949,0.6635857679401168,0.09221758254316893,1.4651762954259253,0.3560795830932599,0.9376938983650722,-0.23659178446959453,1.0032103653729685,0.567814028800365,0.17499695601000465,2.21
3.9541730684729344,-0.681552711999264,0.6830175360977535,-0.6782923737822719,-0.8178260565787394,0.09989299266837533,-2.5985919868494367,0.6022310893321444,0.25639349692986246,-0.39871884362343213,0.27296662645411446,-0.6947030196843876,0.14833359392823342,0.6734638843937237,-2.2446596126167044,0.15096243880284124,-0.7654254702016575,0.41408833425317915,0.4298920282276351,0.5579476375776082,0.9414107485223362,1.1867508533612028,2.07
-3.3565472854544742,-3.760775210727874,2.1676084786755436,-2.691024007056029,-2.1209582220362035,0.5054672054481892,0.27037698179400005,1.3700373916250663,0.42261686110775015,0.32618700060365713,1.9409469805725255,0.5398211787361714,-0.6956445232848358,0.21952507334326862,-0.18012699814816147,0.5002263923311391,0.9032686343284928,0.004032078391977692,0.9376966368601521,0.5602206542071732,0.24381621372135648,-0.22529144250620825,3.06
-1.7162587340527946,-3.524261400910565,1.5323617044124571,-1.276443125701824,1.0549520587221446,0.9689597280941671,1.5166903399118843,-1.7002543178357463,0.6478451702040592,1.2531249563787474,0.15407237474905455,1.143651663504335,-0.1376806376428532,0.07401321585787797,0.37414162447822374,1.2124161842248609,-0.08633669283631554,-0.6029483209352675,-1.1152120633028286,-0.19335818643789798,0.7021352934007705,-0.3314953641953594,3.43
1.0640496641721926,-0.25707173746511863,-2.376790679001356,-0.9400160155141267,2.282255099789859,2.695131549351462,-0.5154710494756966,-2.0597617293738915,1.0841427305185558,1.0889157402537069,-0.7693789940880608,0.7779869917162355,0.04411192412745816,0.3361320089862768,0.7792338142903785,0.26035744622284146,-0.06726084760373272,-0.2968648247345514,0.7804388775685445,1.008947100429317,0.6802433164426444,-0.6931882107133909,1.18
-4.219629209362239,-2.6544481547721226,4.098768372022829,-0.529587750353245,0.4541878659623088,-0.6056024142184521,1.6241822082366373,0.9485832433715254,-1.174634062090406,-0.6261551121190185,-0.7968011959441453,0.5183591602526588,0.7877929384767264,0.9020935166931863,0.03547539197512807,-0.42366087287916204,0.7961184101079635,0.3075470912333281,0.8528809175752209,-0.34474695849619114,-0.12016903131168173,0.2815133833447703,4.18
-2.252931700506556,-3.4185402731217134,-0.7146742696239704,-1.686248787761901,-0.3103023729583666,-1.8320485580635428,1.4916049913510585,-0.1431544943965297,-0.1909791212525959,-0.8240401095010468,-1.6538094374657393,0.4124933359874892,-0.9691271010014598,-1.6945261528885995,0.37915436722684803,0.7847051991669433,0.9509408555743294,-0.7767096921212318,0.46995860924718,-0.6491255634231043,-1.0388734966102289,0.6291674685127102,2.38
-0.13061703671812946,-0.3446124156043292,1.6276572911513834,-1.926848996410529,-2.6864906964487894,-2.705555641973258,-0.5236411202047324,-1.882132459043584,-1.7800244029716255,-0.1210974026708001,0.6998918296466033,0.07712776038833637,0.3347564525274039,0.25424085665678753,-0.0492969020521016,1.0258887114115707,-0.22953598908827624,-0.22393843104925948,0.1185013736084876,-0.8019204394834355,-0.814930954076246,0.1924874853393279,3.65
-2.5025589741354555,-0.42848350394860557,-3.1508598353268438,0.9345616912358066,-1.320434165058711,-0.9626057417401463,1.4678314334217375,-1.9910934299755911,0.4020987805980722,1.5924315048042448,0.06538734928957103,-1.135423983677689,-1.6915618143776439,-0.5756122953571603,-1.743567827510273,1.0862666593748251,-1.2314307285171522,-0.531993044674843,-0.35834361318665253,0.3440768758723153,-0.8616943814719844,0.6098864427520609,3.11
-2.002704705175235,-4.067080154249857,-0.3788180403266527,3.526902737990065,0.3669013367794461,3.2641980414566705,0.3067052934328085,-1.0557710360003094,-1.3334921469830388,-0.3765083702326206,-0.44083010597948025,0.17751773436429671,-0.380117962835156,-0.25155793297266144,0.29784223603983356,-0.43670731735042556,-1.1886862163768632,-0.11747944803870712,0.3308439951856941,0.25737134835096953,-0.960848140633784,-0.5371644564717272,2.75
0.4231748115824844,-1.155080605402098,-0.7496927359728094,1.5670445707622733,3.0914256236179725,2.694041604104491,-1.1388436194000087,-0.702659047765589,-0.2546761276490487,-1.6642679724842224,2.1268777233172713,1.254819096541617,1.817597398278688,-0.7791241216453143,-0.4578060521783137,0.21234000356236093,1.420404676924021,1.0537756648213144,-2.166154948899861,-0.7449942376952582,-0.05529257639190911,-0.6711308915768064,1.9
-0.30853468654579314,3.0610243298408255,-1.7523756785443598,3.771029279421145,-2.06563618947314,0.7522268074891487,-3.624939586309117,-0.6422733555575556,0.1830099361730289,0.06427079291544681,1.4596799948159374,0.9820033506323428,-0.1309443241260851,-1.6098197795241085,1.0706477823153124,-0.800126943567395,0.4806052459533417,0.29958486011222446,1.3619481443363295,0.48792388956509636,0.3595434320039449,-0.3598704629953781,-1.19
-0.18455342325852192,-2.2214115019912244,2.666744496104368,-2.2509593300464616,1.0284363375965848,0.6040863510579972,-1.7367610159607958,-0.4699397866780342,0.7061034306176257,-1.0472714197332607,-1.0678484520203597,-0.7002508472191054,-0.72986756240055,0.16987664528165403,0.3249719205077815,1.5383006022413166,1.1438013931924174,0.9834060560158618,-0.20442006174176783,-0.08685828674603292,0.4679777930455044,-0.8310125939007734,1.3
-1.3598177562674683,-0.734575675695247,-2.4065861450474846,-1.6751362745043814,-0.4059111534004073,-2.273113297373967,1.3461600207066415,-1.1683820910325482,0.826042976699673,1.510263804722666,3.461496648525359,-1.4145447899353862,1.6960735496846662,0.18626295113425106,-0.07077701942103391,-1.0718438069996585,-0.13849412944789374,1.0114052023901563,-0.52378683479824,0.5562055283408281,0.5586152639368968,-0.496541850727145,4.37
-0.46965576401120707,-3.1846674333973852,-0.7761973108091507,0.5524423075480297,0.141701910389354,-0.7171295332491243,-3.4168453417373206,-2.385961084528491,-0.45233326250827577,0.6733921224664634,0.31720260036112485,-0.21436122388739176,0.31788519641966123,-0.9179727478334279,-1.181500355783962,-0.022866226549215097,0.030410262899554626,0.5948686773568477,-0.019747172666544466,0.8367407153691028,-0.9436552225095433,0.05288669427335098,3.43
0.8519912434782722,-1.8680330831109055,5.132294484883204,0.9410241712394141,-2.1980614290200315,-1.4614283185240717,-0.17203835139659787,0.0749033369236873,1.139246839396714,-1.7294330747888553,-1.7193188970281208,1.0072213725905101,1.4533186466102408,-1.217349689252315,-0.8789230010764847,0.7587258369916592,-0.13293232671112368,0.3924106317589184,0.7951343377071014,-0.19183067290152273,-0.9433916385868837,1.2296058380597858,4.92
-3.0745090157238857,2.4745440244499064,1.1478627646344395,-0.9213372824451037,0.06677583331229144,3.242763244551823,-4.176249471709565,-0.1711173353080168,0.11476199223709489,-0.2433591791850887,0.4273184556086032,0.018632620215993555,-0.9860865279304059,0.9828267097515663,0.07054349134156696,0.6596174263458461,-1.1920731073811395,0.304908260220146,0.3632006020006144,0.45352516336636217,-1.6403516831541278,0.5766656350914577,1.73
-1.8752556422075481,2.8848806035229457,0.37280147286565113,-2.7907802565256605,0.7785158453598636,-1.4221666840033158,2.3173805781230774,1.3043286184744938,0.0713389495130034,-0.6174538554406926,-2.3345743139913564,0.5576902755477459,-1.4283450118595842,0.28895021174828106,-0.7899253288188619,-0.27607225167274574,0.5777773230842363,1.1522903452279236,-0.40153075765931456,-0.21109142012067045,-0.4636198323958147,1.0211327965106516,3.22
5.960681958954775,-0.23576559072783257,0.7407082682744965,2.137835174739669,-0.04276758688283391,0.4864851290144412,0.38956857179417426,1.1631611546519485,0.0654231776636383,-1.611968930950142,0.20170537881355333,-0.4354097724306463,-0.11834017389427201,0.8442338985339729,0.17382594150963684,1.1434279813723118,-0.721138427563446,0.18056328220967752,-0.2098387767984056,-0.008253776306472048,0.2134204905445658,0.014550771813778484,1.49
0.793691558082641,-0.78960625508279,1.1336084341629908,-0.1930626545790237,-1.7426056599391682,-1.926376797727011,-5.0333608377425465,1.2969172229717052,0.291659366352096,1.309332983856568,1.6586012516157536,-0.22430098357424358,-1.0623178995348146,0.8087860536469194,0.8849847156841459,-1.2441900432964146,-0.09350739530694321,-1.3672713015797937,-1.014183449466072,0.449196233756642,-0.08686298829299899,0.3227473694733619,0.43
-0.39294995673445976,-5.737798076179102,-1.3881847630733954,-0.1652267409220243,0.5259477575069257,3.0294614412729235,1.0416454160001132,2.670921449368493,-1.5272709151735864,-0.5466662786190895,0.3657332967718908,-1.2238037468693088,0.2444738564131462,-0.07844471987623829,0.1352665409464207,0.6330601144119481,0.34319963312037693,0.006580807176532453,-0.255141379587099,0.00759136195703284,0.43821587665069905,1.506934194222865,3.13
-3.619864335454311,0.1600230493979583,-1.2739479688591437,0.7646249505176114,-1.0924921029362902,1.5403342738341324,1.5001253610973129,-1.2813512318821414,-0.06361902822766291,1.4445745681802744,0.3258068374099183,0.379117263954389,-0.20059254783454894,0.663047216515639,0.8618092786701418,-0.17983877030343295,0.44668856823005804,-0.6913029095485813,-0.004087148461120172,-0.25805533787375434,0.7405813832194227,0.7060703085648764,2.4
-2.66110860350032,-0.5307882044903139,2.5740636771802903,1.1727208738012593,0.20090620155905786,1.9201652207424424,0.3873397208231022,1.2188986475520152,0.2654825367274296,-1.0272378468885248,1.0678170050430282,-0.7395246069212505,-0.5251175204293799,1.5201159523123702,1.3634785401924137,1.025017060997176,1.1588502226194306,0.33815451815386177,1.6342491555560659,0.9096298042365201,0.458051875584831,0.007220464591563276,2.46
-3.043702423298103,-2.9434181228319867,-2.4150300660185486,-1.0843781580529395,-2.197538646683731,2.844658100112302,-3.3262312467270183,-1.4696151535573874,0.21056330223008196,-1.1462651234990957,-1.3846043731915723,-0.4376365573447409,1.1264508834210798,0.9909920955052209,0.4538885608433731,0.3525223490989232,1.256073543858859,0.2608145740881985,0.13506814222648042,-0.39896274812721017,0.08147671363844632,0.9089578017946949,2.51
-0.4570784820458614,0.8148328622126109,-2.0714000920678752,-1.0572872034901655,0.44903303973579356,-1.7134220756403034,0.6971575847066701,-0.8702746151017244,-0.7632333185167455,1.064342728763959,1.262498756446247,-0.4040029707621131,0.9012384772536403,0.7904355722082954,0.511859525488487,0.7363431766804927,0.2707794915758434,-0.28458561052028175,0.9097922939493438,0.3508133889011592,0.14293171104338423,-0.09318810822986065,1.52
3.343792617180007,-0.7174919342591884,-0.9827071008229055,2.992256736010971,1.4241436628217723,-0.053078603775320095,-1.0258254543789562,0.8782578791805314,-0.3151682879849826,-0.6391331940753608,-0.548324523042336,1.0130734921162448,-0.3307520213934096,0.0850499810448719,0.9242854208745974,-1.0030651588830315,-0.5713802545099878,-0.8311610042603315,0.9598132442671342,1.063581179691163,-0.19965873557495042,0.10686019585106109,0.16
2.748104460973381,-0.9628918476284652,-2.3028495404213722,0.9802952930912405,0.8123215896749908,-1.608622493772558,-1.1383024991390895,1.7587841152645074,1.1770661558100672,0.3052082145676732,2.468172092406387,-0.5402994081370768,-1.360701163163241,-1.2425326271188757,-0.9569708937540438,2.0001966044635635,-1.144289679011887,-0.8091445594654945,-0.17997011240302377,-1.1279592489026515,0.2741291864959991,0.17711233697907708,2.66
-0.013509916150110135,3.4807138173220102,-2.051663329374047,-0.15273069581511356,2.038335439000276,-2.9754749265258527,-0.5100250776993874,-1.2970538837507095,2.122498309552481,0.89563194368533,1.1756859592654576,0.7102472081759957,0.6795927537064268,0.9135859711692917,-0.6197660118769559,1.0726105626600417,-1.0711113911938972,-1.1154098713673324,1.1602604585802039,1.1194833823762704,0.6430309918053627,0.21291882000842324,2.78
-0.32315077476012427,-0.25138129303589857,0.2479474637788208,-2.367044546033155,-1.7328623987075307,0.3332669953370064,-1.6495469200452182,2.7318911945130955,-0.49959075543570663,-0.08929322928942385,0.8476020733122152,-0.8946244296863891,-0.16355255141578012,-0.47641733520021967,0.20315267382352264,-0.47634558499268803,-1.3193288797844505,-1.4297612251614182,0.09092780765324462,-0.3508452924274314,-0.4302075832608928,0.022350896749043996,-0.22
0.42543518343397596,0.0906870278159411,-3.473665188532756,2.5340692691653524,0.48639777196391176,-0.7110365934567294,-2.596154528015058,-0.9041999590323846,0.6705965708953433,1.1231620051053424,0.7163397220865669,1.3074859465539659,0.08905155626781193,-0.6474304903868192,0.05507857111152088,-1.060912541398576,-0.8428823031315675,0.02073574057123311,0.0762548762190443,0.82484592495354,-0.1341063660858228,-0.5095663669633599,-0.92
-0.7797633324304805,-2.2398396843978086,0.7869438060194756,1.0296643987579115,-0.16089936099538873,0.8629529952183401,2.8789714927220076,0.367185889302622,2.294371037033107,0.1784517730272753,1.2424443356507924,0.8039241534792589,0.700182103867492,-1.5226556188247198,-0.8309653036684497,0.3508428264421114,-0.9057569365420217,-1.4688864293860406,-0.6584823591766018,-0.16559633154547887,0.16508351814255762,-0.12219901489409639,3.84
0.3472317574096834,-1.36256477324205,-0.3125047738902119,0.03183431893059268,-0.10078515938124356,-2.0341457372727914,-1.113550348923359,0.6769387615152122,-2.2895619773002758,-0.12317069363097347,2.2711596903872144,1.5078566938457207,0.18583544329046356,0.2601259131789232,0.8562020583068496,0.3104093204684628,-0.0040808481702318215,-1.1487701129188743,0.5562674807138893,-0.10656943357714425,-0.17096681288611412,-0.1748687571456139,2.01
1.0996692294919277,-3.0909934213611665,-0.8935617486688685,4.533828405164702,-0.21346848275480573,0.5279965331007985,0.3480945459649968,-2.259255731088505,-1.270420636210875,1.5546451348730963,-0.8716792899873465,0.15687759441583607,1.6034492559346427,1.2825752192285358,-0.6173606993326572,-0.47220322666554293,-0.2790536746053959,-0.13824544559162322,-0.39181105450760956,-0.6347370847842093,0.04703011328576098,-0.19790571595811193,4.62
-2.234491804860833,1.6586324270767097,-0.10407977786949768,-0.28723043122590064,-0.5292378810783461,-3.858806341090984,-3.1368504573790204,0.5006109101741447,2.2672999996648295,1.8227513762677576,0.372859388415602,0.450292469937012,-0.7541324288016866,0.9836039800575206,1.2430566936888032,0.7238835595417398,-1.0937011660400877,-0.590563285288823,1.3208462632490652,0.9606822850985153,0.5750696623245309,0.2372552121143793,1.9
1.6524107220494157,-0.8625722739551303,0.37979740414824914,2.1407333752051483,2.057523463905568,-1.1454966149122645,2.517646806361178,-0.5436307320568768,-0.07755322714998812,-1.3457802402316192,-1.6870406807759244,-2.0469876157805453,1.2683624951543164,0.6700338513464716,0.3967331032522655,0.6215544535755411,-0.3138109794204443,0.03711853475954794,-0.35369756293143145,-0.2424644952216419,0.06055463316747358,-0.14666239708964157,3.43
-1.1473992352924127,-5.155960681634777,-1.482566158447261,1.5133227438802566,0.5135620678394617,-0.6866724384376678,-4.159685826667794,0.5785285812445308,-1.8126423046569102,1.661764398806611,-0.5155559508011173,-0.00044572227116382844,-0.4655278360966316,0.03154214546510788,-0.6133556740444768,0.526221865862502,0.22912368898249963,-0.14131483499763522,-1.1124931847845836,0.20709154635083568,0.5613320258826009,-0.18854048544659038,0.14
9.61638019286532,2.436984046720484,0.44647408808047717,4.116791915625671,-1.5262879640450304,-2.2221839257363905,-2.4375071898359923,-0.9081312368549055,1.7375130663046707,0.8873322643437113,-0.7018618442952274,1.63028848837797,0.9538584015983944,-1.2466741524120135,-0.19145777036534434,-0.050249674992563886,-0.27398882548747566,0.802988406648832,1.301617224965018,-1.0981121519689563,0.8342710731341476,-0.7587543380699147,-0.1
1.016291103168988,-1.4373539520320622,-0.6470036906306823,-1.7464888637260387,2.4915237749085244,-1.294795818461522,1.1467492020961434,0.7083730233646429,-1.450661650415473,-1.2805514242472622,0.029375652441470158,1.2171177786390954,-0.8472376882821667,0.29059435904189823,0.5700898969387571,-0.17589029460067987,0.5449001736141383,0.11132180314352537,-0.07008356835152561,-1.1789061546342874,-0.04892664436839321,0.320538807358879,1.63
2.773032819611324,-4.832709208257462,-2.6297454381397065,2.5994445650099913,-2.170546641450616,-2.071311136264995,-1.3381030973069612,2.626053638033525,0.37586260635706575,1.2424689965920397,0.3591554246762445,-1.1953319068996429,1.7340167897500447,0.8695172694870311,-0.7208581338180009,-0.6855233533939051,0.2722743850176344,1.5268749886179913,0.6673798621655833,-0.04495667607626903,-0.243027303511002,-0.8045186533666144,0.72
-3.59236265583352,2.6049762151468947,1.3835013430134713,0.07409855258865426,2.026284257333816,-0.803984566446145,-0.4079696291579103,0.8492667599108962,-1.7579996824529232,1.5353329914784313,2.184581720423074,0.7190633447882987,0.4043866625226703,0.15445251687706396,-0.8829603478656999,-0.2300766277243349,-1.2447077603923784,-1.1965438212964299,1.247339000984896,0.14011984980106204,-0.5257669889011518,-0.2879583049481021,2.04
3.115963806405577,-0.44276249542952734,2.484220614020558,0.3159672633805168,-0.8292364004913723,-3.4047423507795926,1.2957653529007578,-0.934282904767608,-0.17034892962669085,-1.5908657184454977,-0.144154460011067,0.09072843718425608,-0.8171778474541034,1.2683957830704333,-0.7272402829265899,-1.1907941750964466,2.226134763148879,-0.26733093004935676,1.809648736621437,-0.8392410439491121,0.08650442362668856,0.4895535329341207,4.57
-0.6278114681182607,-4.83182870416579,5.896445020530247,-0.2336112127872747,3.7773096544764093,-1.5204677422673203,-2.1086158189277397,-2.05947459338235,-1.3206371115400264,1.4057497718424665,-0.935141494591886,-1.5871426704746343,0.8480376362823459,0.6598006816183927,-0.023257189372034557,-0.4279203126858094,-0.5541976896159759,0.4594354121748839,0.4508988085347979,0.27017276075897584,0.3275933472387075,1.2400400369609414,4.62
0.8982303174625245,0.8098035728940792,-1.4553154337900236,-0.5248329766751997,1.4076161500914315,0.8746035428680407,-1.213272859809711,-0.8170649322263945,0.6073356385579842,-0.9915399658045271,-0.12041198412067647,-0.38036442739390736,-0.017068731875084595,-1.1638595307842765,1.119627722801816,-0.3444866598022112,-0.09287479820573659,-0.6297818547860952,0.383937763133788,0.04470742143482352,-0.5145848868890472,0.050809779778442525,-0.37
-3.7538720390828266,-1.5109247898718354,-0.6988232899442087,3.563006640084049,1.1166986928585607,-1.0695409660731858,0.10764029001773003,1.6053913209999073,1.06273408979749,0.5455038267142368,-0.8532433127254974,0.07137160675214643,-1.174804586627352,-0.4404873998703862,1.2421737249163605,0.017968075648296198,0.7421279312241732,-0.6299298861353404,-0.5018853310113395,0.10718996708101819,0.7924251353665965,-0.3142909654674649,1.59
-2.856520633816353,-5.202703182369315,-2.579944828471362,0.6251254355625027,-0.936477356822401,0.451236555065254,-1.4914995595044376,1.0739901666376457,-0.18433957286517008,-0.9002314583359724,-1.2302577832473969,1.0588324700895027,-0.7877953959154065,0.7274163054225404,0.010616760414192579,0.5574791112888452,-0.6576751312664775,-0.05008530096172859,0.8529901389244308,0.3973949011221968,-0.1323506304151355,-0.13603420238445002,2.56
-0.556796492545016,-0.35916768603020893,-3.0281143030016375,-0.46021689218573264,-0.09240524643210266,2.2739846241821113,-1.381029215200784,1.7005987770146196,-0.5531087567228924,-0.5558028659902053,0.3751757660304231,0.6212733881155159,-0.32756350970865417,0.04296849581059677,0.11815138770982948,-0.342258546823961,-0.8411330612892183,0.45027646659209963,0.3906701372881497,-0.8462784226030006,-0.17006101258712072,-0.7252453378557028,-0.05
-0.7059823168108985,-2.338570526443498,2.1523513823400036,0.6387938825106405,0.24276635791566514,0.8228532182291631,0.8305427068868435,0.6534936489237642,-1.9424413740662498,0.6815340142247953,1.0055388386764605,-2.0264675870335713,0.5528708984786088,0.16729658565369313,1.285233056967993,0.5473392034825685,0.028920308557406932,0.5850946685216181,-0.40719031937740635,-0.28367313019385954,0.09271580052502396,0.36734466894942486,3.62
-1.2138928823868766,-1.020614666821353,1.0746795572490548,-1.3180792414720937,2.503812571672316,-4.106086014195321,-0.8129349442057434,-0.1649543687049317,-0.7758478441326123,2.094012117502367,-1.2365878235027965,-1.7540892658220022,0.6835446140344175,0.006713361436846958,1.7518853963119674,-0.6953846991254167,-0.47820961240289794,0.3318692168379484,-0.3760191838153059,0.21349302784438098,0.8196990269253865,0.31441232822330045,1.38
-2.853500091034795,2.9027108540812416,-0.39286863504337355,1.463062397052644,0.9568259697263432,1.6101860799601742,0.4920146910588882,0.18362914331443386,-0.6874776186477586,-0.6414476429751527,1.8262841074980725,0.7234528224362763,-0.39949455412560897,-0.5366344245551038,-1.2691025378637457,-0.3326918991730677,-0.7481971536889265,0.9371392996664715,0.20638532865286502,-0.7457846212620611,0.20867405108479073,0.10015287424870627,1.79
-2.833900588981377,4.018303015106547,-0.9254007887469423,-0.14156843991819146,-3.2441769008206216,-0.5730198908966709,-0.2639507270989941,-2.1653222503034897,-0.870537840828827,-0.9021818046621617,-0.6970998926702484,-0.5032103985083815,0.056346384188478614,1.3131858272277115,-0.8990287527651716,-1.0972404806380527,-0.6713570634171703,0.09933723173598734,0.261522634744343,-0.8450585087571326,-0.49185132602852627,-0.3529804452742432,3.0
8.084959751208244,0.856889073779814,-2.5126614871124553,-1.4298517196392506,-2.596573607992963,-1.7670978722081596,1.0739376278188468,-0.9099372413996593,1.8582717846401295,1.418956790368933,-0.2344306689300214,-0.22868071106566087,0.09813184808573179,-0.12613899842494417,-0.14000390656737666,0.06805475034918539,-0.6192403722992235,0.9746267380293657,-0.18082825588827944,0.18602470919084052,-0.7015627984952649,-0.15813199876052686,1.16
-1.452751424732267,-4.789551810465344,-1.2126181554417443,0.23205509721184686,1.5657340450803785,-3.7117635380745995,-2.3114415745568864,0.4452951166065369,-0.11970470455704414,-1.2997577046068463,0.9239106280055367,-2.4121822220043097,-0.1614829529326326,0.28319125932536815,0.9251405279816003,1.8614497889376418,-0.4425535492772037,-0.052638858689966976,0.24363801482055794,1.082279603424578,-0.02735429412973484,-0.17586680495026266,2.31
-2.0657657025857055,2.8056464973390005,0.8408073267054427,-1.6301350060443733,2.103039885750638,0.8341485313129922,-0.17246020045659474,-4.534355100625166,-0.4381698027194576,-1.2557735458096162,0.06837978229737067,-0.8894664770028092,-0.3677943931838308,0.24883877162845056,0.5382370964852882,0.17295898490301603,0.9634635676046688,-0.22527123118669812,0.9743922399754175,-0.4755483687196016,-1.1267675970531092,-1.7751102362786553,1.85
4.8288339843320855,1.817421326492683,-1.8387985866178198,-2.4498978341491,-0.19264868262852125,-2.916650025923685,-1.7834729555250373,0.5697402380366156,-0.0630202359415082,-0.9327416000914576,0.003324560987243087,0.16608204628245635,-0.4166239925901409,-0.8828817481732812,-0.11916531399649107,0.3687813960200808,-0.39535380367638506,-0.6538698493211738,0.3204538449365892,0.26442395841264227,-0.5054913819086414,0.3799733348797783,0.59
-3.2739547319211977,-0.3124311398324644,-0.24361850456311449,3.979684461035224,0.13563785004876183,-1.2662117019532226,-1.44118486347972,-0.9388361706015651,-0.6319015289098843,-0.23365378411635693,-0.40287701269857806,1.2078811348971317,0.8513245135868533,-1.898579096436382,0.8523916337258496,-0.6843314159237233,0.2856411991591024,-1.2082597915924587,-1.4420425070130611,-0.4913944804689991,-0.5041259988411836,0.16058690133074793,1.19
-2.520016172041646,0.4907950093903278,2.8145115682863064,-0.35987838008528567,-0.22521565427142765,0.6298072817187715,-0.23977533023738587,-0.20178368365397198,-0.8214746970391966,0.0471094007538322,1.4214402909695851,-0.01975212803719301,0.7309024039960804,1.7622039279761692,-0.26906936973261997,0.6408133511733526,-0.2970105926813169,0.8271854510282295,-0.3097991394040887,0.7701499263274552,0.4762509946855702,-0.6227305266868088,2.76
11.292775189646827,4.387137477601506,-0.5190309319924334,1.1377015569547801,-0.3516205741113149,0.19192917968755027,1.1646628114508002,1.1771480686956428,0.07515483707384814,0.14532961402466207,1.8132627592642074,1.556226150828991,0.45961864313305506,-0.27350378616556187,-0.6068707431740189,-0.2419402966274312,1.280508359498048,-1.279344306204077,0.43528317187355436,-0.02084973604314594,0.23110468295676934,0.5413464540079164,0.44
-0.18125342223921737,-5.53976751655504,0.3155597035821904,-2.257023732653153,-3.863215491824651,-1.035961022635714,-0.2521420032913977,0.7306384607857532,0.2875271279769681,0.318671919200965,4.479407389886325,-1.8171053961276973,0.6243952751724472,0.6826519719926116,-0.544908070338134,0.8601916510440243,0.6471904819472107,-1.0419936819222446,-0.5242206471875569,0.1591125528369755,-1.1022751131976596,1.5740536714041329,5.73
3.6940258590750443,-2.506152847071118,-0.530403209018433,-1.2903132186260156,1.1060779423169704,-0.2318413983862206,-0.6673910073038085,-0.49683851251548566,0.0916545385694441,2.442012910063535,-3.8374371387264956,-2.391753221928464,-0.7966444773981858,0.4936916961399086,-1.5214255163772294,1.2162582175077203,0.5431697746761385,-0.4965701931119985,0.2466105603587228,0.9231915044183782,-0.5459681023169881,0.089829054773011,1.21
0.24916277486915558,0.10043396059733968,4.096021286809708,0.4306097810196976,-0.4549256229469918,-0.5716179025802286,0.6292425539399605,1.3259053138528871,-0.07132696444034733,-1.1396899793839501,-0.27449753424320966,1.1321057736304603,-0.49308563312572357,-1.4212548781916383,-1.2771352754251641,0.05418882934021545,0.04866581445826128,-0.8601850256928979,-0.7251599773248782,0.02545167778593974,-0.19367073491272055,-0.697627284697448,2.72
0.8029169360390116,-0.4613183887346434,1.0640620871588509,0.3926542985567956,3.1240970047910444,-0.2501624399770883,-0.2583442004945819,2.226099140635398,0.8260234850772836,0.5899475644405283,-1.6079101614271665,0.16416290914258003,0.46956794049512834,0.5221623918431509,0.83700171860424,1.3721433741301228,-0.13474677745628333,-0.8984614069269191,0.723873292221509,-0.2483660606408301,-1.11601816072235,0.40068255020171606,1.9
-1.7372784709496736,-1.4772374290030088,3.222560996387807,-0.49086472135209563,0.09564802211840127,-0.5195305563100966,1.1402434449839853,-1.0954527195118344,1.7384364999749684,-2.5349278690045045,0.872462540324465,-1.3235131661187016,-1.291664075626653,-0.20688180421159613,-0.481936346410636,-0.8765238542157652,-0.14985801459770573,-0.05211805449998,0.27699051779520634,0.048173051918859004,0.2387239375439159,0.1495458950696298,4.95
-4.270085956894337,2.9956602146417377,2.946004802465194,-0.13667230167119124,2.028982143044161,1.2431192235868764,0.1644259796285481,0.9263959222402408,1.182418831118269,1.3888658362910733,1.6308048516937432,0.6610633870687355,0.5931389052203644,0.39694482343353227,-0.8191860036164378,-0.8735284495780523,-1.1785511494187815,-1.141173209258353,-0.5762614136606091,-1.120877320741847,0.9698325570335138,-0.28665373010305634,4.55
1.6278808568332737,-0.07770247020642619,2.900053135605487,0.5443913055754884,0.7013373274836195,-1.9936302235634815,-1.2717312590359697,1.302993276972631,-0.04017126765289201,0.914128759438463,0.15886249275607348,-0.8631775483542498,1.2029826119854876,-0.6312909179225161,0.4515430410953023,0.9909150164174811,1.3808696847304749,-0.25224514178121704,2.177822043791465,0.21103239517377198,-0.6882752236856867,-0.2160851719765316,0.93
-4.107697050344831,-1.2236706595768965,-1.55730922584649,3.7721948370464613,1.249612070939427,1.1482625315326618,1.2720902802376783,0.7526444622110551,-0.6040710335758557,-1.9202797905863631,2.768463674808545,0.516447904829155,-0.10049361787908162,0.19512000492422035,0.7347148444573383,-0.8244538820323348,0.3739046944834561,1.5564440245294588,-0.049046472858674646,-0.19944787611799653,1.149164730627405,-0.4449190391785259,1.74
-1.323529164126586,-0.4489990921969835,-1.0541211865949913,-2.185714104892051,-2.458394337677774,0.5894645907184713,3.877488455641511,2.434181421597654,-0.6096657309186971,2.0525326160032047,0.13290015532889216,0.4228762366892304,-1.3567921141530055,0.635303929988343,0.8885909061645203,-0.5501005311833981,-0.6128384122461263,-0.11680459132782557,0.8057684905218012,-0.6182682560900089,-1.1086638033380536,0.13649254295669572,1.89
2.4348224995028103,3.3670803435533907,-0.28525590568945053,-0.5540865825673079,1.7397498147446218,0.36107141288617584,0.7688240945021119,-1.4808914215618267,0.6019875179358053,-0.7209736060671184,-0.2661588342403332,-0.5642344204469893,0.6388680961207202,0.17158769662442563,0.4110854910906525,-0.0717689695037739,0.18511700038012036,-0.027987968870874434,0.7887609679816383,-0.9034715720583009,0.9937879000204514,0.38727307556603247,2.72
2.9642474782932275,-2.0207972138131454,-5.906565996007678,-1.9851750251802258,-0.027637875791952836,-1.903372136023928,-0.4503344954024804,-1.2649743931428454,0.4161035401265635,1.5616913482360248,-0.18368051619497425,-1.4159656141900576,1.8605300853260174,-0.7646430441120075,0.044108507714037105,-0.04139323246906943,0.17882079474096282,0.39392480491407883,0.9063536858754496,0.31306137127620903,-0.9292616070042296,0.32761178363634463,1.11
1.2045929932975723,-1.1838621300798384,0.5207256148397972,-0.07450470389686524,0.48335535479854164,1.9674904576566619,0.7228053225057214,0.9492464725949165,0.3983450684571072,-1.3501492802272372,1.2990795918231715,-1.3365328800756278,1.706784570002628,-0.7258341306035172,1.4274561083271555,-0.24240265768607608,0.1111811949137213,0.8002688589788894,1.4452047302555062,0.12598434900871106,-0.7014542104833573,0.48366413824867033,2.12
-0.05528140646381151,-0.8915583601062632,-2.1349266509505163,2.755113060598026,-1.1728215520971244,1.2019580484860417,-2.6369428440581597,2.191539425962239,0.7138913852173352,-0.1831891836681011,-0.98274385396254,-0.08110129576681087,0.3521285239902319,-0.016487476880858193,-0.24451964025405423,-0.14137439558609596,0.2630641475746136,1.0547124841552689,1.3061608942703429,0.5240446539056006,-0.47346505656803195,0.29641601807373874,0.74
-1.4506348596145289,2.364397791357017,-1.5199240812274994,3.235941694724011,-0.6011814417071799,0.8414222266568461,-3.1763699153599396,-0.8030075669204424,-1.5145463257769267,0.43741784544261536,0.39414174445953304,0.7596540765239073,-0.8916724527575413,0.4197773246426772,-0.25851008436961687,1.1670128769434234,1.2557304157450733,0.0039146116531993186,0.6939624825449957,0.2741654145274194,0.934342652865624,0.3257851164675042,0.12
-8.956004824998791,0.6983403036752095,1.991065806610736,-0.6661050446988686,-0.9042826685277221,-0.9659479199162198,-1.5017282739868558,0.8913452455877179,2.1393267075220073,-0.6680955996736793,0.11091153366706778,1.3080142317293044,0.11479381966419051,-0.39848361471494836,-0.2014726818476628,-0.5545943388215814,0.7738263885195015,-0.1488625406642484,0.9878197052239635,-0.18531725466821292,-0.14948676417623888,0.6292627456224952,2.96
-5.3615892434486465,-3.6885967155240382,1.6589981636692308,1.3471505736041651,-0.7987310673765091,0.3775877508471753,2.6132419160894322,-0.8428134701554961,-0.9715834113016228,0.4954601252760477,1.6250835414439144,-0.7413738267138817,0.7526162565320818,-0.1944917277105648,-0.9311456166734912,-0.47874594313676966,0.8107004795858969,0.04588170243600838,0.16843728667580288,0.8759759075471397,-0.13471125897233283,-0.1873889601572264,4.25
5.306504160624445,-0.14648092485890096,7.166205791189432,0.2331449848307973,-0.501152523447586,-0.6180568269941146,-0.2975954506500409,0.5708113734512389,0.4210038043448795,0.6429613998093084,-0.8488976566214068,-0.22790370871155344,1.3425065682297046,-0.22055422395656807,-0.14644170601128495,0.1688508301315768,-0.499937815240468,0.40879746140559486,0.07347274079760566,0.13568638468025068,-0.23118061762011938,-0.7274933506638007,1.87
-4.4294900080248425,1.2447511412256849,-2.223486520509653,2.457317614304085,1.6790270153144673,0.39428669721153253,-3.161098086518552,-0.9524554008983456,-0.7773606921070474,0.783475646550372,0.26136847562773874,-0.4660085792636998,1.0942109067875843,-0.1312549017774095,0.3466725916534616,0.18597702082284862,-0.26803016446273553,0.1630891754591377,0.2846559398154604,-0.2068449965599392,-0.26076341202190356,0.7263186511229023,1.47
0.6332695424932776,-2.6200729718171543,-1.44641576732507,-2.4230668405293763,0.7164403366807044,0.047637699176562846,-0.20662340111965394,0.593814472469989,-0.45265749133508887,0.024068462727138095,-0.7303794573687906,0.6878453282760065,-0.9870239972321385,-0.6561183097337876,-1.088740099915256,0.08691692706032118,0.48342236316765347,-0.2548316508330015,0.22175518667836613,1.3719796412611296,0.49131481954040274,0.6194234990504652,1.76
-0.7643879118360782,-1.552134055894595,2.6254433032309707,2.9969132611830633,3.4037051684454713,-0.4506308588283194,1.88600195512902,0.6667847334571273,-0.3073106263298286,-1.6813053798824444,1.9987015269395136,0.78008960558338,-0.07402785627787255,-0.5609965584392942,-0.04387511106796445,-1.97979765368021,-1.6782658133020716,-1.094921898648644,0.38924154365802976,0.4268842604873727,-1.1999800474295559,0.3512708833386191,4.31
-0.13225295771958567,0.9909569724405588,2.353549672450513,4.136861939425661,0.14805681596873252,-2.4257579108696006,-1.861872558289411,-2.421979012107498,0.5453038113343824,-1.1638991585655896,0.02646503920233145,-1.518276237256702,0.40818039785798405,0.6113599789237119,-0.8318927027610399,0.22092580185645413,0.6513597616738627,0.16436784192643267,1.508624446219467,0.34648539603418543,0.3822174438261498,-0.4731348805122629,4.38
4.854111731280993,2.1321240771228855,1.485848080427111,3.0693007977534847,0.938524153324345,-1.314084130798215,0.9656891228648182,-3.048428818219409,-0.89939943758363,-1.441365652607761,0.12985647971823872,-0.23076805168562958,-0.6386387403076766,0.18316759486817918,-0.8520370122882966,-0.37614932222681424,1.054844373439539,-0.046842287993850575,-0.22508688305289115,0.8780606593956902,0.409283334255178,0.38753348054862125,3.72
-2.206472084257924,-3.2649915415993074,-0.8768096687138704,0.8377262559323048,1.756893569431845,-0.9245008481375131,1.9661029636071208,-0.002121330281539637,-1.0590826332353709,-0.17605172743086836,-0.26025129504050065,0.2754117200672834,0.6464041262516796,0.6762993539461623,1.0360221017491729,1.6346849153281782,-0.7196726712157807,0.8099855008335275,-0.26642907009417993,0.8975656840909486,-0.39792395263907415,-0.12250675902094535,2.96
1.6728099272668189,1.0805991417722192,-7.001309164756116,-0.2761007614246553,3.2048322588426816,-1.73864708214763,1.0332163788822895,-1.8799151924693382,2.1597044547414956,-0.24693115360549164,0.8209896224001884,-0.29429622045894666,-0.5114642065261505,-2.202282564999219,0.43655967804394225,-1.5936210582576318,-1.2008668133315727,0.04202788480547978,0.6437932959367336,-0.24456126960085806,-1.0259492726719874,-0.02980013034242574,0.82
-1.8586997191703614,-0.4993316177480126,2.4568271910693835,-3.3007098318919925,1.076667604232234,-0.5090054517876548,-0.514716470521512,0.1939919581538625,1.9446948391298777,-0.25269018870687443,-0.08098819478978304,2.447723227516379,-0.7764637217105761,1.2681488517550543,0.13347967515410794,0.13969747441669012,-0.4396143230727462,-0.03053371829190382,0.8122633580562165,-0.37928333069751274,-0.938002519772172,-0.3669391837971752,2.81
-3.6047869370571246,2.062963729612881,-3.6927666020559786,0.49729279239007573,1.2899685520603976,0.2385005267219965,2.187138438866325,-0.4321591963728773,2.2963524174225367,0.4601477620252899,-1.637637545895506,-0.3691754645846512,0.47713763653861635,0.2976480557255406,0.8504149138599003,-0.6102339470462979,0.3085753022317462,0.5498928027983429,-0.608709930834485,0.32877017148911575,-0.508824035184587,0.06473466556029556,0.13
-2.6889207054801125,-0.7306276977869759,1.4014419232265614,-0.4197178604206767,1.4990998648707783,1.8691415674970515,0.5982823879874768,-1.6912296328522805,0.8535094880559569,3.4175839499686442,-1.1809755714969625,0.6952643788261538,1.5052870375181673,-0.8018136731202505,0.21457744775972049,-1.0975866692627751,-1.0392414464608077,1.0578005308324614,0.37421548555901185,0.5175873736515109,-0.5577307766698235,0.9500276287343439,4.15
0.04763454469654927,3.089711589816642,-1.2857643636175224,2.276362662832025,0.36830686686933267,-0.47832118967850695,2.6892760785455034,2.8932026014968346,1.048822705330863,-0.1624943382571693,1.8238300655868824,-0.9557593914174045,-0.1793979091567748,1.04176486903424,1.451967244576733,-0.28773264142644805,0.6998468184594119,0.10432124586010696,0.38174029567106926,0.10506390888225865,-0.74024005816953,-0.36460289160768006,1.84
-1.9105056588970053,0.07051901062191049,2.561998994987162,-1.634412049732276,1.0437766216094897,2.215494516441553,1.7291336682918874,-1.3731585282312462,-0.510509209325513,0.8388026210896916,0.5716781089467463,-0.916218928953049,-1.225965014539413,1.4163963591643622,1.2968895758098344,0.6533907769313243,-0.2259364401427792,0.7801809628410139,0.22655537480429533,-0.6086433467078267,0.0316701640204799,-0.3226596663805222,4.03
7.567702431316152,0.3162362228792284,2.8466650891226095,0.4906544587361802,-0.3467157138538167,-0.9230773811033954,1.185771495615469,1.4880584656246068,-0.22457141808418665,-0.9791760756982629,-4.042793056243459,0.23902598420225088,0.34483295901807487,3.1615682372922103,0.6225651584594373,-1.7512966817602533,-0.8952394348736679,-0.13684164557861153,0.5452962280902578,0.29421440915516495,-0.16595782335449374,0.09204461771782287,0.79
-3.1945359970286025,0.047521322242152164,-4.077190678476857,5.493643577472008,1.9959444082846283,2.565289843009705,-1.8362620332795034,0.22978644161710784,0.1625395385618436,1.4593026731337413,0.21014332458982424,0.26740907055759255,-0.6608642229471198,0.4850097835525181,0.22996895598132397,-0.14933886655880532,-0.45640711724275945,0.11065117183986736,0.1749064374805791,0.4788375684229354,-0.008229532105951263,-0.3070938474199248,0.63
2.2412735416861866,-3.183459272610674,-1.7491430694557157,-0.19360030171640974,1.2822336278504163,-0.17118975620036436,-0.08283011222056202,-2.154341387158963,0.20549694699679158,1.3240850042842383,-1.0279594690973812,1.101522276020122,-0.2066881576790552,0.7551444129918923,0.48697495184666434,-2.0102314152480103,0.3740758774130801,-0.5043920509993617,-0.9929797187595452,0.33510349480797536,-0.3617374370106727,-0.45756237535661193,2.39
1.8367804087322768,-0.5591251475012485,1.3939307737681346,3.898060911831299,2.8526248780322385,1.471503179537934,0.1411733598621845,1.4823340650103851,-1.5130395850149418,0.1452584383738225,-0.3078979850289408,-0.8156077879986627,-0.5555037383114674,-0.05049888578738776,-1.2357485248759799,-0.00655778729882708,0.31479884708975225,0.05753909407886348,0.056563548480808974,-0.05551024854829427,-0.0028691439964941847,-0.16797967557095417,2.37
0.010713574191305716,-0.006371009527066428,1.9076173709981823,-3.7085277968264414,0.419708340498772,-2.0677613541370814,3.535958055902643,-0.5331516319357041,-0.7354712982504155,-0.8758557900408025,-0.2168216121368526,-0.11865255876479579,2.1962199466137537,1.046869717545265,-0.2891625416980964,-0.11525666510445368,-0.40913241943785894,-0.5048461915678263,1.142840838052929,0.23820201911317487,0.23691456303336592,0.5077305590236206,3.31
1.8412649729427968,0.5205194490371908,0.8954968001868364,0.8337566959291318,-1.0390699080923391,2.833181853302282,3.255897285244991,0.6045983094588742,0.7375404212522958,0.9630249960955573,-1.247561769722495,-0.49308546003493764,1.4287775269552867,0.6153278421579308,-0.47037624047442433,0.08266002020239521,-0.23616058542135057,-0.4140378308191656,0.7042033676394078,-0.7984539692549385,0.29535126670247186,1.1191511552803066,3.2
1.4642735261693671,2.2687809829073275,2.997036886506949,-0.6360873802241139,-0.726845380393364,0.5262398734789007,0.9715835673641771,-0.1232669147978045,-1.348914083018445,-0.19067011341121332,-0.9671875996040036,-0.0510627902825446,0.9957265257973239,2.416179250198973,0.8033363474547867,0.6638184677383603,0.4170742447343621,0.9609459845787459,-0.24251788089903858,0.3124147399592939,-0.8531747979982316,0.7189990248160193,3.43
1.5897184670129314,2.4857635339079542,-0.47450519358942334,-4.774646952691179,1.9441347167281073,-2.931585805478525,-0.045235416393776484,0.002999353555025191,-1.1263796175696676,0.9012666758968622,-0.8771308786806654,0.21956429261854998,-1.015005696660508,-0.7475924187670281,2.370970999003635,0.16315586301664403,-0.09382933746307325,0.08544365585589388,0.7153884236528242,-0.018180463780993514,-0.04234425017898762,-0.25703074737558407,-1.3
1.6677186862598758,4.7392361193627845,4.0685876418253555,0.1475336666736101,-0.05341805592733385,0.9882530895071104,0.4339885028741704,-1.5445105470344946,2.193290911460453,-2.378734769036135,1.3537241310998036,-0.7400166560461908,1.5233788260117482,0.3706202485411722,0.5675528047934443,0.10478400871556548,0.46080122526552547,-0.4904636605245532,-0.9385132317567616,-0.2933045139177054,1.3486196525104703,0.18019531734488065,4.12
1.3726044995289688,1.8743288018260265,-1.5495567866752238,0.48132337876265074,-1.2622161158889122,0.20640505520878855,0.37559098803153873,-0.7901217903398273,0.3610029028647488,1.389477515026368,-1.008509862323077,-2.1956062119371236,-0.8882598054660417,0.4650170909168041,-0.6603139799835077,-0.4433895457590052,0.49582429182167187,-0.45980777852247234,-1.325033903725193,0.10749025937455191,0.6738652614676093,1.0383775592659872,3.65
2.6249665536586972,-3.257446855831578,1.0282872047340506,-0.876635735300023,0.1646801944185746,-1.7311565336310295,1.0709889955173137,0.293236236155186,1.273872892701131,0.9433002667236703,0.26855032883359053,0.3937119392394823,-1.0558075603645611,-0.94293369761897,0.4961056300020587,1.8212439471789925,-0.6997277471407175,-0.6708669547841241,0.6807888330868755,-0.02210190527593348,-1.0991745609428094,1.355237085017518,3.3
-4.12324480025153,2.6733396534703924,-4.962150506201097,4.407309459776451,-1.230874461409703,3.2011503333139375,-2.0431215299888534,0.1024137966665499,-1.8645888302097648,0.5329980929109491,0.24823638447847887,-1.6257928525018657,-0.15130143395099535,1.4177224797954313,0.4573738487483825,-1.0447629666540246,0.9344935992431213,-0.3933980184981596,-0.38823984607001566,0.055530850287516136,0.03011431171642942,-0.8471893744799215,0.0
-0.9247229865655171,2.8121788195009554,-0.4598876174194428,0.801489107155718,1.0820168979395977,2.3224924253721224,1.6670039835541282,-1.1637261377196277,-0.6208005184642046,-0.7395284037465696,2.7223687263671343,-1.069725463333988,0.7510989246211193,-0.7614631597806636,-0.5753134979610727,0.7886868285397068,0.006727447625548748,0.33848958960259873,0.8744184369188167,-1.1716355931945361,-0.9843259259439843,-0.07494757086587209,3.43
4.227567368962987,-2.756543285636196,1.037807312685704,2.647034721171269,-0.6771851087930219,-2.6654084087623375,-0.30087754142524836,0.38927365436325573,1.8109234493873916,1.0096779075794426,-0.9849724057170681,-1.2546367074757379,-0.9939899563376109,0.6961415224055322,0.47142240057287965,-0.5974479153120525,0.6735299277071461,-0.28922437936277506,0.9859280915527786,0.32781752506895984,-0.43536657567076703,-1.0075425931580524,0.66
-2.144370786264645,-1.4052339690716655,-1.3067375083021544,3.142683196089081,-0.03835773069308743,-0.08514751613835735,-0.26271691956710175,0.510251858786934,0.34482144723746483,0.267097859230799,0.40440712368059584,1.8720158289531168,-2.0936045633689018,0.6886655397996555,-1.0120250508803443,0.2563305236635462,-0.44064764374025156,-0.9039960840914152,-0.781092290572887,-0.3567747645240853,-0.044208040336802604,0.6270634320789233,3.06
-2.8841391537224306,2.5882614884902058,-1.5416526822383376,-0.5826318386251541,-0.12831784735805266,-1.123652462059917,-0.5569994676380223,0.646674059846798,-0.2438981450783361,1.2954920674402624,-0.34060690838580915,-1.6150414485449378,0.022835750602877257,0.33073232561143023,-0.8656509912119095,-1.5539542238055475,-0.21925314507948016,-1.33275303362834,0.6398597925493669,-0.6010378479486522,-0.38066220055042127,0.6846043315929612,2.54
5.122752034657816,-3.4317341273347735,-0.3387708665358442,-5.3044710047413,-2.266359833345169,1.2746090264152767,-1.3957250332037616,-0.37144912507368016,0.11565633123326727,0.5406198712823473,-0.5959260177417962,0.41167663873546856,-0.29439837577421674,1.496842267284464,0.25942050067023387,1.2068302483551236,-1.6302182118102062,-0.024127486027310893,-0.5282218001751975,-0.7197731070078092,-0.18911669472778186,0.7534734801787505,2.82
3.302611246829239,-0.2739714120001658,1.0032612603351507,3.3246228067675516,1.4019197485321886,1.7354411441343343,0.28468104817146656,2.4408414261698894,-0.48828236176408873,1.3315912023183352,-0.13521006494166618,-0.18193678279534253,0.38956463415719633,-0.6454530180015514,-0.8490439460194654,0.3799481158555774,0.024529237287737628,-0.028598976221008005,0.17330932082042785,-0.0851801184348629,-0.33697990527600635,0.31657677956544233,1.51
-2.296386250086593,-3.330117111573445,-4.392117775058357,-1.6874472896790733,0.40812000256796055,-1.4405823351429132,1.142200722419168,1.5689233188826661,-0.09532360651770927,1.1956191160503882,0.9890590340427818,2.387871440473068,-0.8955929039936802,-0.5492635761290581,-0.8818967325565813,0.2703531489950665,-0.03226579925514575,-1.2722300693274584,0.22362836037721662,-0.31176149945232284,1.0318434440209072,0.7427564913792348,2.16
2.102254552616139,-0.752990847777875,1.8714157228479291,0.35962699826524114,0.45139172282636997,-1.1261434756013753,1.46194742611163,-1.0517514739493614,1.1372289078710696,-0.37190166605503266,0.7510383824684451,0.40874147917485837,0.7556220588952207,0.36315426008729773,-0.7898944516674897,-0.2938979652573702,-1.3213250704599553,0.38760344260520774,0.8426244739600209,-0.9955836056114886,-0.41618582023166195,-0.1056725245301812,2.71
0.33885414789150087,-0.22146783993028807,3.1616222993322958,-0.18905418013397624,-2.0800316657953077,1.9472218477060859,-0.2710968545790206,-0.1394579834169073,0.665407662398679,-0.6488914149437021,-1.043128395471881,0.8869933073916788,-0.7666414742362015,0.2636665642048641,-0.2653079341628082,0.2704570754271853,-0.4846363737146308,0.08387864382323362,-1.128854916692309,-0.20740096745462092,-0.13335570210347203,-0.023036668356437022,3.04
6.717330171138338,1.040484541650962,-2.3058698919742224,2.1647949526619223,0.9808494515147747,-1.082055860483182,-1.8195017130183384,-1.860996558067114,-1.2139884306773305,0.5970463690960184,1.3046028380728734,0.031146574062027442,-0.31090595379149977,0.1654297828057956,-1.0912464700768862,0.9967313576214503,0.21703570599969038,0.6030849443433268,-0.37103736871631704,-0.1536758226156078,1.2610180695359885,1.2665183469948615,3.01
-1.00654701633653,5.052893636491582,1.771507309525529,1.4872051960096235,0.37896882000733856,0.8909241905922098,-1.078602986611819,0.44562701056937526,0.02361753208894364,-0.9766467824793416,-2.2864859395331747,-1.1796331924772259,1.0195004730162402,-0.5448865367621013,1.7228347951649792,-0.6525584726714078,-0.43532041429958646,0.8173254656529912,0.3939339574439409,-1.6943041044537166,0.13772869081548686,0.8685031679065878,2.11
4.39591880129671,4.307948538207368,-3.585697867646469,-0.10646230866974414,0.3902331658180714,1.0692014634599725,1.2513484751866022,-2.546549283227662,-0.4709635143639724,-1.051133797486204,0.45939491450968284,0.570447523951516,-0.18174616889519007,-0.9315643515266441,-2.0017372117093237,0.6051512101377715,0.638117173537524,0.6019657685598023,1.0000577230117955,-1.4043733290657392,0.9099490692561364,-0.23714179893030018,1.52
2.0815973751460524,2.8909994155519816,-1.3524258158748665,-0.8148579340187628,1.9722109586387753,-1.8974239734888536,3.0318157606388993,-0.5510801061682202,0.6006262791044322,-0.9221505918367215,2.4258673004697195,-0.14575631681453394,-0.9137125291382113,0.2166967060600283,-0.10767528451806414,0.4732798459765358,0.14871941572577277,-1.4880270064106478,-0.5942068432114638,-1.1517629031249106,-1.128922680597415,0.43686712960791213,3.72
-3.6121914262823975,-3.8448601172983183,1.5223221957226973,-3.942120595401299,2.7749953875868534,-2.98646220280691,2.4323068208805827,0.9960682622159404,0.3791427902858109,-2.6613909869341845,-1.1312179308401735,-0.4549760631679322,0.24842455543780148,1.0332249107318952,-0.12407007542689082,-0.8807098539883405,1.0780935094436468,-1.0057695875411117,1.5643092075466971,0.29195958935483307,-0.3484198675731986,0.654736350864705,2.4
2.503298831255113,-3.2066120490409498,1.047654452958019,-1.1978289623710594,0.16595554949285882,-1.331138806411376,-2.3051894267802964,-2.2873719635590524,-0.8355532108808866,1.3834564436505008,0.9710895143132163,1.5927850163808432,0.7042955209643789,0.7152647571855658,-0.5187682024193542,1.2625798615102584,0.6363090099433208,0.5378649515298326,0.8628046953685629,-0.09481117175427797,0.23464462847329023,0.2587162413864166,2.37
2.0610860884795854,-4.638006417703084,-0.960573937169399,1.8310008424413344,0.9409863155597527,3.9405800870006957,-0.23675451886551818,0.4968759208874771,0.2783279152242224,-0.9995577225348976,-0.7886536000683788,0.026032581298310323,-0.04125288442268189,-0.4662253122863745,0.5393862865145451,0.6000997098401841,0.08606704625517893,-0.2731827946177406,0.29232518497064863,0.5853370719132103,-0.5140149522034105,-0.4203646789969716,1.82
2.731663367150924,-2.2485840532182344,-1.7874533508039459,-2.5676291443668946,-0.6520412472168893,0.8359148071102629,-0.4240720236622367,-1.1259152217913868,-0.1981853107546013,0.12008004777909131,0.37259777881525563,-0.4342346292769576,-0.1291401673162887,0.8527986438661226,0.620144434055453,-0.4164383717825908,0.2767707010795037,0.8418937248051929,0.9433692217415152,-0.13778576059341455,0.3597189374445426,-0.1508547813992031,2.15
-0.30517025530703046,-1.7540168488316092,-0.6470087797310442,-0.38414913408208695,-0.6010973418267206,0.5807735783315557,0.30310312441601883,-1.3256005455695974,1.594318577453141,-0.4801180065080834,0.693200203988259,-0.49809121636900466,0.2581755545013004,1.8201403055145484,-1.1728340324277013,-0.9370221580031544,1.5634979622836433,0.02039332712637592,0.41073238683374774,-0.6912022696749434,0.076653325155827,1.4017893827297963,4.64
1.4519896206598228,-0.8876771710538199,3.133312000488622,-2.982173339196999,-0.2794007033607895,0.17701150631895574,1.0764780858543872,-1.5753672930146214,-1.2178242630273015,0.4786226896909821,0.6082821682520715,-0.15229887861712457,0.03709899757398833,-0.647964223921404,1.4720176802974647,-1.1635578127433301,0.8415119150013314,0.568593028799307,0.31802615086501457,0.14377570897024078,-0.33125512651872807,-0.72999405815674,1.17
-2.5868100009231125,4.48795694199,-0.20171734376430608,0.40250569681177756,-2.5265829870777283,-0.1868044104262389,0.43114880602523104,1.0910279464036772,0.48672739666547,-0.3891361842935001,0.05495777996029746,1.480156341564608,2.3322583217178225,0.7270903844206728,-0.41379429934169687,-0.49988025661023694,0.32219758854128167,0.019957092721356557,-0.23678132289090228,-0.15205724299454706,-0.240090548171997,-0.631524985769794,0.35
2.9288390504005255,5.255685536440947,-2.870740544814075,-0.5949988274292428,1.3566174607523165,1.09520805515663,2.0775599987022493,0.7649845805897292,0.19894719376660727,1.5648759455847647,-0.12274769004718566,-0.5802758992116673,-0.9211756562705326,0.40023631288743705,-0.3459056425940436,-0.09738910488098985,0.14746928263043496,-0.09918240027187848,-0.9581366558212338,0.45104070994524115,-0.35523500298284105,1.1302882653625532,1.47
7.520289597903224,-5.84344495526892,2.5392327372836134,1.8421345809050897,-1.0911908763970393,-1.605567058920413,-0.8895807421367126,-0.6749167095786592,1.5761618524697,-1.2571419962199626,-1.0931172104128848,-0.20226022768551066,-0.11597342986625889,0.6223374997991077,-0.4527825149836979,-0.18865806281587685,-0.7175143891808297,-0.5554676573968487,0.08439281602628912,-0.22693558106633344,0.30880247370895136,0.17989475304111588,5.26
-4.4446803575771625,-3.7514708591402615,-4.6371546286143,-1.5879529010975846,0.6361994967465383,-0.9896420277095951,1.2105439086570722,-1.56641154322484,0.46458477416150123,-1.8708009443656495,-0.5297411105602967,0.24856297863388843,1.852925834359547,1.6403294186173012,-0.6680777567951502,0.7062115613267725,1.258662709949974,-0.46607874017044565,-0.23222866243996199,0.8399125727567262,-0.8082684995267898,0.094884893429469,3.44
0.14049148979818527,-3.5309777316752644,-3.849752046028711,0.28510281325578263,-3.6641246645652688,-1.08063865473794,0.012211306574418239,0.996618937682723,0.768118228122214,0.8148745154041203,0.6753335354854505,-2.0670815820806605,0.0408142788833084,0.41868850849911826,0.4772286711806495,1.2649529955434777,1.450923334343245,0.021732600683372648,-0.8744968335113064,-0.44535400722999674,0.36839690242980466,0.5560693153411695,1.95
-0.0777966155992252,0.3135171721116734,-4.686133773680515,-1.6161336600582266,0.6686547339770847,-0.2670870549466405,3.8275519107712803,2.7911058167457203,-0.49754566902684266,-0.1782953586279653,-1.0649059643720353,0.16474900058451372,-0.09252955050824144,-0.17774939264036005,0.9713437824599974,1.0493819853931177,0.5881695721699148,-1.179805273254698,0.19385320411683696,-0.6798747606388025,-0.1962897633372244,0.5018289689783078,0.97
-6.400496493194847,0.8710462122787802,-1.1737938968569404,-0.3354242503688278,-0.3524297290696256,-0.3730976634981412,0.09340233647035948,0.20064424219674817,-0.7956665509239986,-0.5091361258515555,1.731607604512648,1.7829454072017412,-1.597625392584234,0.5107595093279147,0.4988957969162364,-0.06421567392269545,0.19325976656456945,0.49823326049410804,-0.050074375954097625,0.04913487687503977,0.08016624936162464,-0.10740956909787265,1.53
-6.112700564353921,1.1577577905001917,0.4443044379679523,2.078404516995594,0.5042972206311447,-1.6875628436942658,-1.5525643939249096,-1.5694290578854773,-1.0581121048773046,-0.08557342533620142,-0.7277604992951838,0.18492643277085,0.7690408215809474,-0.7304123019869339,-0.6732341292328108,-0.6089225063912208,-1.169592242508196,0.11089352357472923,0.5030438924785839,0.6723188906076688,0.40148547381264976,0.41842323211166776,2.32
0.8100078942382397,-2.480698898808627,-2.41380987279613,-0.02086642922710722,-0.5246314420110394,-0.04574970506539234,-4.303085719982498,0.4055969537514215,-2.6252834189118226,-0.6827260581022174,-0.8850343969887807,-2.486333005572709,-0.811831007166006,0.25487550290513744,0.5210986698854247,-0.6049302093870533,-0.6811063825715252,-0.5351470201614531,0.492077036670863,-0.29088870852299614,-0.013402862920080928,-0.6525721348885671,-0.49
-4.388044931514633,-0.0675589824481838,-5.074392624856841,-0.8487159701163695,2.3417414108586962,0.42222274428856893,-0.5653197487352943,-0.12969925933051626,0.24915685809448457,-1.706508231583601,-1.7816311577746233,0.23584301549992698,2.0913512472556683,0.020259623117267783,0.3844788114252737,0.7406935875840515,0.1729229158409091,0.1935914053517326,0.17281352436949796,-0.9551311931911294,-1.2377180125152154,1.1860116884070304,2.1
9.60153332384653,0.3939274526328503,0.3447456733700889,1.5209235322958046,1.1834372050639743,3.645339216901363,-0.9462661399578094,2.404991886229307,-0.8926177408731121,-0.3322192411499483,-0.8734860290984342,0.5868958747000866,-0.8957752273785504,-0.10614456225174917,1.2172463421216886,1.1243561745773683,-0.7167003487460021,0.22831234183732707,-0.6638830281244997,0.4170146032993254,-0.7377319142218233,-0.34431707787861454,-1.0
-1.9627748019949258,-4.216687330836417,3.0014480319221155,1.3676276987002653,-2.1951022896960226,1.0000386444560134,0.007381371538959958,0.8648331458866816,0.15407286354159916,0.04791605203178635,-0.264417682109703,-1.6784895954212244,-0.7583156154425303,1.0234553210449917,1.3584234302711513,-0.23998966560176715,0.6900443610069027,-0.1090430137653273,-1.0844852675276928,-0.0557677072179574,0.6268756485329824,-0.7312023482184792,2.08
-0.25720219446959774,-2.629519823744426,3.167256644672584,-0.3401187213723437,-0.1630813111105121,-2.229314131020162,2.481598924956719,0.7791279141414615,-1.5636696803094403,-0.18500019200246823,0.4310994228201344,0.3451192820307316,1.239876590820706,-1.9430864932426877,0.2923731646662479,0.5981864126401782,-0.6822933033308677,-0.12953131732461803,0.6067241302690658,0.5788285366264578,-0.9360962171675197,-0.18237940674112038,3.29
6.6114490569734565,-2.408463771931634,1.2143146364253905,-1.3596435958196702,-1.5112403214566672,1.8488113533325832,-0.8999045166513979,0.22593884330761296,-3.0877958734961983,-1.3858304885163746,-0.01871844191243666,-0.19521469073282804,-0.799839403389456,-1.5471240538480642,0.6442403378073657,-0.39918432102587986,-0.9579723413607085,0.018642126506546248,-0.45246778733329013,-0.36633061448588095,1.0042758102984117,0.4252201836817584,-1.24
-1.4655024162663663,-1.234004655514227,2.4558033238468915,-1.4573683926216183,-1.1701496140731444,-3.992393645521054,1.2599365380207546,0.4530620166667327,-1.3317426849580598,-1.4952693334620022,0.6524268700790468,-1.4196621203226363,-0.526178971252241,0.8304941584306018,0.49300251016343827,-0.4719732404048366,-0.9825776305970587,-0.9173743318141951,0.9235387930741888,-0.13216552550311064,-0.3508299947883648,-1.1796179860074887,1.68
-1.9783677643141924,-0.6069456272789476,3.559073601598706,4.172221679159035,-0.13614804998792712,-0.3293497848088574,3.5318864981060036,-0.8345206191016967,1.1118845217380156,1.022428028975068,-0.311549604904542,0.04907433435181061,0.6711029445743495,-0.8485639738414323,-0.17980755639331197,0.09780124673790554,-1.0360387024358624,-0.40295588779485936,-0.005298649933453133,0.07534467777781116,-0.1760001858846992,-0.603699931259112,4.19
0.5917770662430202,2.9903546235572365,1.3198472721588814,0.2772046845441014,0.7089035033424482,-1.8118286022344203,2.317019528764772,-0.785569082234923,0.7556484358204838,0.6666313533260938,0.6649832215016219,-0.46890917135194654,0.6132156442081989,1.272594804579235,0.23156433692372583,-0.9604947613027153,-0.9974501534027463,0.39665739189295746,-0.8331453263424525,0.3782420507710614,-0.35803910933155936,0.2257988750784901,3.5
3.6397140100990266,-1.8906980271591012,0.9651181396908537,1.6141894964013384,-1.8263931803426625,0.11267814985741399,-1.427620978455611,1.08247637192709,0.40971103564115746,-0.1940194073207145,0.6718561742348497,0.6182493554919543,-0.21782314963947824,0.24245469608444947,-0.5548353801783946,0.014244827927516544,-0.6246254826641569,0.09794037868399955,-0.3105313139449455,0.1375663813664063,-0.1544081885946251,-0.13764080156187838,2.41
-4.32194700877429,-0.3945977114723464,1.232329240495822,-5.735038475565071,4.822803926899235,-2.7190822453236843,-2.5060394346201322,1.578867084947034,-0.7554808849842434,0.7202695287485712,1.1664618534777529,-0.1912665397227422,1.4377816582543752,-1.0948203703273478,-0.2601369794825677,0.7639386949995806,0.4434352043351646,-0.6874399569613845,-0.02143559844635084,-0.44353575327668693,-0.2339485146530042,-0.6038892651587895,0.49
4.198006175278314,-1.0129007263047192,-0.11880324802352797,-0.6439939984692055,-1.7148969973461736,-3.0138643730497634,-1.1613428642232615,-0.7045635711358736,1.8053300597983024,-1.324637158391976,0.6838421591214731,0.08983352875661013,-0.6268858428887675,0.16875595887460898,-0.976392861308038,-0.20346674908397447,-1.6662608601838722,0.6551028089955759,-0.3495340520521337,-0.29826369443151324,0.6752471118809795,0.6920888441520235,3.53
-1.9833775874998563,0.6898987711913579,-1.83033709112578,0.7675624392737499,-1.9007626292179778,1.7416534387945577,-0.4947674322436561,1.0714091067759717,-0.3365102449429123,-1.123530001787817,0.2868535668504581,-1.101751463839558,0.04954195387189842,0.021030170577430517,-1.0280269110852231,1.0338919190326206,-0.19729719458451403,-0.878814134787263,-0.2826407088955191,-0.34281115753106095,-0.008741016484400451,-0.5040767654746693,2.25
2.6164612546012695,2.463074951266784,2.438554470525273,-1.4132953989132453,-1.2916585381333752,0.878277119089927,-0.9505216461160211,2.049850977504987,0.15708140983508734,0.854187454231262,2.348618605633792,0.1962794618195468,0.032504955071870276,-0.9894057535916762,0.34348139143674983,-0.9782217137360433,0.4884866259432384,-0.9859020856575538,-0.5964622792374633,-0.6202122626363575,0.429841058162264,-0.081137377765399,0.03
-1.6455246315117322,-2.400745081818737,0.3477129172569067,1.7946676119183018,3.084381917539598,-0.5622876519739338,0.029594267934434666,-1.8180525099569365,-1.0399564087182058,3.3318034995790193,0.07442554562730136,1.40430960272134,-1.5169130001592366,-1.286783830187632,0.1801497595998921,1.5227204251922808,0.6422389742530112,-0.9522744197177041,-0.8856079856233112,-0.9032659873549889,1.7273350839928312,0.6017269153637405,3.71
2.040167743555604,-0.3192431022323273,-5.465002722144392,-0.5074827523748703,0.3346381637205498,-0.7336114401827096,1.0445650834668851,-0.3140393817345507,0.8493237844889968,-2.5951289442496623,-1.2056386026080486,-0.06156403360014762,1.1275165520070318,-0.3632727751629522,-0.20332758842710805,-1.2856164332559614,-1.3484500458575746,-0.7881331061180185,0.7938368375046221,0.3149222316455393,-0.32587324701870074,0.6907416784867476,-0.4
0.5146661072134852,1.2423953512446537,0.7939455954528587,0.12300459122067386,1.7825275004872114,0.4667189987632795,0.3576708478676705,-1.3260969783222238,-0.1264587085735996,-0.9127423386865262,-0.5419857519250287,0.5278701302732807,-0.16661141683674396,-0.1770113923721558,1.8613431443841555,0.47656687644867707,0.716505410580663,0.42076427500237124,0.7010822746807227,0.3975103437002156,-0.3932133911653679,0.3603205697056982,1.44
1.7963327476541642,0.6958420540664757,-2.683065014097673,-3.246249923462519,0.811460999175767,-0.5694984722125329,-0.726436202917426,0.2789880517664517,1.6265008005305017,0.6257824027565889,-1.1139407635495682,-0.8678324575280487,-0.550113094480011,1.399520424444459,0.8621799405937292,1.728296191055167,-1.323995256152554,-0.3838416641182057,1.4036335929499884,-0.6072582518582639,-0.7527446644121599,0.18554571824775765,1.4
-1.1831738511337246,-3.8295319966110064,2.465315469421245,1.479716244465434,1.6817235259120262,0.9537174262897198,-1.2360179290439042,0.6635121353449895,1.3220645482587607,-0.6814258339168224,0.3452763053846089,1.1981921990660285,0.30556923782157186,-1.9912505699310432,-0.8333781043401346,-0.3470104740244988,-0.3082849603975473,-0.48260736404554905,-0.8794568903151367,-0.027608147941426707,-0.2563240489379211,0.17000694670984576,3.8
1.2621272136237534,2.0058006300632862,-0.8793476879172434,-0.6040945768413946,-1.2620811196126491,1.6501106763588274,-1.0772772773835158,0.7491152681569968,0.9357047263036452,-2.1766701081994433,-0.0761232829975239,1.0047249009377879,0.873595667064242,-0.277089726340468,-1.061456605297793,0.6893725059560468,-0.27520480243644796,-0.45569000943381005,-0.2938525798485608,-0.7286226557996318,-0.1921430859622943,-0.11770099910153492,1.46
0.6781304356205469,4.574870619662143,-1.978853630880207,0.048610011150977184,-3.686378600869819,0.8787259363868569,-0.6159256978675377,0.33358617791479533,-0.4411756448649158,-1.1290936064727861,0.9408864340807385,0.36065449646433223,1.0540865574671892,0.8357773562246005,-0.01430292218711978,-0.08935893889010844,0.8859873441431019,-0.3945785463618946,-0.014628310236849252,0.4001755937111633,-0.8429139627060961,-0.5895969564361422,0.66
0.5149698582231943,2.2936955088342645,1.1271894383281713,1.480080885642528,0.10371210279174936,-0.4049428846059266,0.8543120157365295,-1.8375898317696986,-0.8525876777819854,-0.12059472895450817,-0.22283378299941173,1.6552542005367394,-0.44492349351796784,0.008513134615873993,0.909473210376321,0.1267429663312627,0.5290534477324403,-0.04090855829005222,-0.2767588587837704,-0.07063763058782406,0.5777676022322674,-0.39096240465237725,2.07
-1.38555003003912,-1.8752917129262188,2.8046394349392467,2.532272406188106,0.7994556153198392,0.7054268089146719,1.706667901434337,-1.037435582022146,0.0804252134911435,-0.37870053807271925,-0.14933708519541833,2.3192839135949432,0.46940494364690866,-0.8189581953401328,0.262739057300207,-0.2107410888264837,-0.14439095343843977,-0.9273315093166234,-0.5763211305240815,-0.02019476611682177,-0.5806142606948909,-0.28631504564502613,3.6
-0.6706890526595949,0.6192902342642836,0.46305635359334557,4.790252243760735,-1.304590507138968,0.8108484909591833,1.5302277861827804,0.036827669172362715,-0.2883372990835006,0.9484467165283232,0.1313398511574966,0.9877879121538272,0.8259236371657568,0.44941125686923805,0.8633387676574019,0.5864690629243304,0.5180588063257255,0.5516225726470669,-0.4848364569728145,-1.8234858538983112,0.1700679482761154,-0.5445617638660571,2.66
4.901588865332589,6.280348195019175,-0.6976086065277193,0.031453835125409814,-1.283483520054833,-0.281001896856768,-0.41702453950871504,-1.271390736237775,1.3514304744212757,-1.7992526671191915,-0.3530488643986413,-0.1355169728657014,-0.19809581337345714,0.07243505979869516,0.44088016896412585,0.03985993390909276,0.7804415896974295,-0.3744724464027697,-0.7675954845856846,0.7125120267900587,-0.23451820630693362,-0.18909969279690406,1.86
-0.26996740913246825,1.3472985328026905,-0.7292362337117959,0.1236438670331866,1.6079140113995263,1.3341467627791823,0.4520984919572608,-1.575905234673593,2.219514942313067,-0.5099591267758028,0.6575112341951341,-2.6953341141008393,-1.9568937468508203,0.07025743502855486,0.5421215946620538,0.6160443788128932,-0.23767816427402644,0.9141899381984114,0.6607662510644726,-0.8951358028656426,-0.1582156067819086,0.46087848288803906,3.84
-2.48352651349097,5.2174049955142126,-1.9739446919426047,-1.3121467125857267,0.42349875707068274,0.8604758687818215,-0.03907552880232322,-1.0040867301202763,2.017518635767743,-1.36143375406383,0.02315149257530354,0.010312534739014551,1.6712656594255726,-0.3858882360286772,0.25629263095167587,0.894352475561255,-0.7678438203859397,-0.7160804169439212,0.41754201414673614,0.5532546433345247,-0.12509187773496339,-0.2214594330858604,1.87
1.494449281994994,4.800611616255232,-0.7319841800837318,-1.419608975922972,-0.338486358283633,-1.3924861564318192,-1.8466127700219162,1.1301244063983007,-0.5330830265725822,0.9832267336975792,0.5198232844903041,0.8922598044966629,-0.8822778374645129,-0.8883105440085426,0.04525692267217442,0.6441297830819918,0.33091309215659015,2.021865749212833,0.5481410208177487,0.21750113965789156,0.6107766096368227,0.011927740376706714,0.16
-1.0655529920157847,3.175137267264089,-3.7994235824038065,1.0270488207971415,1.890403964567238,2.432926716686547,0.5051858223774649,-0.5906886391074342,-0.14134374207043995,-1.7753853095079677,-0.8703140890795514,-0.4652640454695189,-0.5607823516445317,1.0516753041600713,0.8963995470561961,0.4044961900789059,0.734233026002526,-0.12213727799787301,-1.6246157090799214,0.7709573763244721,-1.700151776273856,-0.5436108117397477,0.26
2.803630593823866,3.5060994876379055,-0.7386042191159252,0.34789387149751616,2.687236026710482,-1.0743567701336874,1.34651006025779,0.7010465816835862,1.2753213418913396,-0.5374489331429285,0.14230872374695913,-0.06628067286941543,1.51339788551398,-1.0329674805890738,-1.4520524146096472,-1.055522115209683,0.9739466658330587,-0.9316010700682208,0.6396372673719551,0.46117545567533197,-0.14746134304550584,0.45577663990514683,3.18
1.7176764387879566,-1.8882700382804865,-1.5533636241067874,2.0288177427687293,1.5234725158061364,4.839336922164255,1.9269982770372402,-1.3732423991710756,0.7109505720405914,-1.0008099887555328,-0.145102738448191,1.51392758381237,0.34495843813348903,-0.5958056522090711,-0.9274635460570155,0.8600835626249032,-0.3211217307789008,-0.6576385984316324,0.49137129868240237,0.47544092448896985,0.1615752862163126,-0.04438527031896056,2.53
-0.201954668288405,-0.9100772443985781,-1.7035269068207008,-0.435742217477926,-2.6523608314059457,1.0882443206503323,-1.7191477571436153,0.4550647965425098,-0.08340389994354391,0.4024961588826599,0.2582242944503245,0.8067029777218975,0.6891536640723691,-0.7602018615342968,0.34193779103974503,0.38376863084308394,-0.04558621801968446,0.5945775393805361,-0.7403408945539847,0.5954330477626875,-0.017482134917461905,-0.5575603650047208,0.86
1.6312316822388226,3.367708675445673,-0.30626561778242045,-0.5641673072515776,-2.5615534054394105,1.842784609651474,-0.008437588859214687,2.014962125032835,-2.447371237387815,0.7602933929624376,-0.5213250836437093,0.3567144304394849,0.4320592414095668,0.004071166021208856,0.10672228730869115,-0.17860882647796658,2.076671747641588,0.8627117473119963,0.39354204362139283,-0.6639155856974538,0.13169297656194584,0.0031264448564833182,0.36
3.2852058008953047,-4.259041617427326,-0.454528679206779,-0.568547402520723,0.9232971654769117,-1.7492395585417886,-0.7676008127451419,-0.9093303456337591,0.996586639189233,-0.5801377925314872,-0.707995087914105,-0.7990434604339788,-0.17982418297869057,1.270165406708987,-0.9685954936664047,-0.024527279326364615,0.17654298673767124,0.7651464765391163,0.8129349212354193,0.4738630403872946,-0.27668669867721746,-0.7739849320580159,2.25
-3.595533153432145,0.15395870395208766,-3.505968707170237,-2.9653470955610013,-2.305370385994897,2.3839583444145984,-1.1391323270322018,1.3686516650179659,3.6041310460108993,0.8278159624204435,0.27299601557129927,-1.0150935357335171,-0.8414131519672691,-0.29701135558223174,0.7540980038631745,1.4622681594462297,2.0240929377656194,0.2523637886698544,1.6353629920070605,0.3726291765821654,-0.09900517065118698,-0.5735890553194221,0.52
-2.250569904422081,-0.03879152044522485,-0.06501984689576684,-1.0127732890641659,1.0438287017426287,1.3182126913884091,0.6424825422694037,1.4239714793667546,0.49280912915480535,-0.7263213156600327,-0.911730177211618,0.21706432748309115,0.30183945691494507,-1.0874877611962184,-0.06461933901742252,0.9031781857055428,0.7814138594873328,0.20979793868994512,-0.35923113992040917,-1.3023849115465387,1.0160989576593695,0.459761565155429,2.32
-2.61511722253201,0.35505702936755706,0.5468737978610481,3.097951095369723,-2.4236144181893278,2.745572821383167,0.546522522906956,0.025539107393112416,-2.2188057776993433,2.217752653591647,2.0292915072274695,0.5880735947508338,1.2964554109866306,-0.04477471455639341,0.9692211109263755,-0.5056282775277178,0.11350682711807501,0.5764625587060744,-0.16368343706949148,-0.31039160353439943,-0.5070581849118987,-0.3341584052862167,2.63
2.930801996889278,1.4968233503163246,-2.608963650093119,2.461527679356078,-0.5779065151741258,-1.868671283196836,-1.5873917535971391,-1.358936132066668,-1.1486998721534711,-0.7800725346799695,0.7540710180480742,-0.4115934459423089,1.5961283851362098,-0.032869435643780705,-0.6989528787856346,-0.8397617060139015,-0.5568930442736869,-0.2633766136150235,0.32680763032556726,0.13061716340279053,-1.2302655654099541,0.16868898014482075,2.3
-0.5814541741273844,-0.3434906294236717,4.2683795410049745,0.9336228873046291,2.346844949292468,-0.4675516208716447,-1.0003210488416319,1.408422970292492,1.0811878551080363,0.2418590932906328,-0.42701309628773443,0.3450498221114976,1.1686038397167717,-0.4080426933550961,-0.8109221629914343,1.1531640862542172,-0.8737991382044419,0.2133254918107346,-0.16868483837023934,-0.8560940624564171,0.9494247076781124,0.4393423828490801,3.24
-0.012339475636954249,-1.3098185457959814,-1.6103494403826646,0.00052027323338679,-3.2861339715754467,-1.2013922164463462,-2.3711753326369607,1.632060291223738,0.3033181813152499,-1.8647945176763303,0.4245712391261236,-0.5413962478254678,0.44293937383009463,-2.3454004203310723,-0.1483692900267358,0.1293003776124605,1.136899343456601,-0.3221349771908029,0.7609792962477725,0.09126393467198489,0.3661979429779944,-0.518946475599717,-0.78
-2.633816106011583,4.379924755833134,-2.0394530971759437,1.4249350851817153,0.2358473052632253,0.7362455306164893,-2.6045530098788086,-0.22561392165765845,-0.43478686555835033,-2.3651883638061117,-1.903016350198244,0.45925275413283695,-0.44135965258813037,1.4683326318606864,-2.1157525512364925,-0.5718428543956714,-0.6199052492455286,-0.513502613895085,0.2511813174125189,0.48764352956973245,0.356972412847711,-0.972020322325295,-0.51
-2.055864538986097,2.944732590437481,0.697001228895173,1.051626079661196,2.5048533985190917,-0.5449351687201706,-0.22146600050454943,0.8054199805589614,0.7587196435870922,-1.4614990848347216,3.693122430371098,-0.3124437856612908,0.40090234997351015,0.45529328438532907,0.059855257908970415,-0.017877239414473528,-0.15970001376807821,-1.0466520117516616,0.22569164254358087,0.7100624157568104,-0.3080342047019169,0.34562542612464814,3.89
5.574928513900682,-0.2716517938972306,-4.8161188238187504,-0.2581455334184806,-2.69933528643159,-1.3636128725204344,0.6746570043817242,-1.1984269234908147,-1.1334539724399997,-1.3341462986102433,1.1058404311942094,-0.46981158991442246,-0.9003697195352907,-0.5375395868252542,1.2592045257827043,0.689707481420953,1.172532902528057,0.37661052372838855,-1.1696373567091605,0.5358230683267761,-0.4896233671821704,0.4192752402551525,0.81
-0.7230840923211639,0.8792899082049702,-1.5047583120025108,0.29576885095901645,-1.8333007675254478,0.6031830663574613,-2.1344164198055524,0.005019746302921859,-1.0526702894825128,-2.1250078897395746,0.3926816323607342,-1.894759284464741,0.43747979028806633,1.3241487563305474,0.5411455291781229,-0.409290275724122,-0.7417150044612137,-0.899278140090443,-0.1322154487508474,-0.39589804203464946,0.12184448983579324,-0.14578168535537808,0.52
-3.8191963144307235,3.895539485090459,2.111944983717559,-1.5425285958741635,2.8126257938190014,3.320478535756921,-0.8150321403510294,0.347243928001318,-3.1216468348880873,-0.16949358985142435,1.118440682313353,-1.4295617578861093,-0.6546862564363596,-0.0747532563312018,1.2951273239505727,-0.1669915824472319,0.2482946984041819,-1.1885371607882886,0.32013387179821656,0.5275791609002187,-0.1498829534963763,0.39479097305735744,2.04
2.12922217817118,-2.3268251879825286,1.7192471588140776,-2.877940987695744,4.469334124219558,1.8721165151112131,1.9272560508777088,2.5491362376048095,2.222400947953138,0.515978390894576,-1.6756266964691182,0.18242373996659256,0.6118145921873402,0.16681236945443206,-0.975502772212981,0.7967543588859292,-0.08400156843363478,0.09884469087524748,0.033719829152953885,-0.3682121355060978,0.09140323170607388,-1.6884189318318228,1.04
-2.1474983964750085,-6.742267296417783,-0.3708505145449064,4.349433120093412,0.27623938360889244,-0.9753300719066427,0.1257654899859521,0.017680432729569203,1.3095094024977083,-1.8725576659573067,0.41283574493944913,0.10174860459029061,-0.586467311520145,-0.056468070781817356,-0.8996428725368973,-2.1361097699231735,-1.1940630418849396,0.2724082421497016,0.6038134387410499,0.04879939232612383,0.1594619083160971,-0.5109698329726917,2.2
-1.0808647443837154,1.0765279351966548,2.724990839447473,0.06769004442235577,1.8206097114372826,1.4979079687839159,-0.46504755211220467,-1.0994510333275016,-1.5259403088428332,0.4097326851565558,0.6675436121515914,-0.3968551715325942,-1.9633656842025977,1.0767311376527802,0.5320164273343925,0.9980936242668113,0.9780843077390886,-0.09801921561991173,-0.5241403463468852,0.08873590592119548,-0.7152543793695023,1.214314311465228,6.0
-1.2213354101719138,-2.750294276924621,-2.2170290759249864,-2.714765392196013,-1.3092210734016803,1.0155581493582135,0.46468193102562283,-0.12467263898393015,-1.4145297434034771,-0.40171728328811546,1.1604575289872825,0.3167530588442666,0.24356818757896112,-0.2870625205246587,-1.3066500886342278,0.6288728594859473,1.3554146646377359,1.4792305163127781,0.08942897262347367,-0.11514603927377422,0.7490469227473853,0.3999888319468053,2.34
2.7255575120742526,4.418308643070055,1.6016941153776656,0.002464488311500404,-1.1935410684316194,0.8874043086541721,2.489222053581344,-1.5316018743305093,-1.2955920655820767,1.0732816145510737,1.3265610001031614,1.2931717401827194,0.4244068470280099,-1.0886042904074993,1.1988171773821181,1.1720310924347002,-0.24496143760297742,-0.006066098364867298,-0.22930132397244024,0.8261072013175023,-0.17405002210300624,0.8388047652422052,3.81
-6.754456796460511,-2.234971758443025,2.1962768128916688,-2.360698383917946,-0.5020857775845092,2.507986908992464,1.245775250543955,0.07220062360554216,0.03903071757809062,0.44945218339143705,0.3981162991301999,0.9659273401493681,-0.0866068207041192,0.3992695184914806,0.9132784285717211,0.9079113920005094,0.3577460575703102,-0.18381197561747845,1.0295578808523318,-0.2791990283384403,0.23425584599297175,-0.14400990056319277,4.28
-4.579046812190651,-1.055950457766001,-1.3083841151911424,-0.592121742154758,1.9929514068452423,0.5820324109604351,-1.0645062647824968,-1.367488314929484,-0.5316197366566202,-0.4205214984110682,-1.2365598919155734,1.087124786390756,1.3310099726106062,0.3217167848175914,0.05529891580345063,-0.6995043336022281,0.83680016682098,0.49629166753277537,-0.8166741970372878,-0.20481222304888405,0.23277411496592137,0.21283968945540677,2.48
-1.2474498599223272,1.1060453358724867,-2.1430600818362966,2.3404128976643763,0.3654560930428299,0.5552745845505569,0.14538975914692787,0.806711941060121,1.4469964140431941,-0.4637054693551027,-2.818306080795849,1.524175074180182,0.7726374144146231,0.7414420526192063,-0.5870161355064908,-0.9310395874731048,-0.6340833929549896,0.04426312739001455,-1.1539936530126604,-0.4564077366898192,0.0064631845968217295,-0.3367987963042491,0.64
-7.058976854534085,0.24938422362826246,2.2873866903735833,0.4985077928008597,-2.1453087994622018,0.2964528796766935,-2.319028948922132,0.27434161458743134,-0.6540917282433785,-0.7244790214859144,0.5406086029546454,0.14188252325881692,0.029087400318654165,-1.9795992750094578,0.06613447378251149,-0.24771888999446853,-0.515916315763776,0.46192048483713194,-0.6915137991499716,0.5827915542806151,1.1548728897952558,-0.704432735971172,0.57
1.6936673631678096,-0.6144936776016794,-1.8740050355800486,-0.3256912604374558,-0.4879523173486265,-2.182193233752087,0.18988126359065416,0.8989930018381456,0.14874750206587242,-1.3157048066182035,0.08703319904927176,0.009163920250496251,-1.4876344791521567,1.4837230586596837,0.08822545757757913,0.0546245647524979,-0.40302125019415425,0.26579670123982335,-0.3504824944413327,1.1115455625179678,-0.5107193426566441,0.14150900242920808,0.8
-1.0085971544051329,-0.9986363217392654,-1.570562791050719,-0.454569547621412,2.146820681342025,-0.12327521926931209,-0.19516493792375963,-1.5614593924772664,2.206764204058282,-1.8996413665893521,1.5245795820776717,-0.5215850658859628,-0.39025951285528265,-0.8488220749741551,1.014899214710761,0.9567550459546907,0.3550499156407595,-1.015387575528392,0.10447208030333852,-0.3972436854874854,1.0686395312884058,0.5272700616297205,3.4
2.8246164041445025,3.349335844760133,0.1587701752596847,-3.50099809292981,-1.9442799108336422,0.9970741784729482,-0.05476558637453,-0.6819982916124594,-0.3641072624388019,0.5412120373394727,-0.6500622059443005,-0.2908916647257573,0.8544159575839613,0.9412796320712675,0.07448112175960793,0.12921847838852923,0.9409397634489378,-0.40243576095357336,-1.005724925576384,0.17807798491652174,0.3558472354717008,-0.3006076751505395,1.3
2.9404699367059886,1.1374469108647234,-2.8750645176454395,1.2982522106705692,-1.309205695089245,-0.46491608048057487,-0.7541309442650653,-0.6690531406288294,0.4043951577517346,-0.6775711947329824,1.7401816285953047,0.7295650489442225,1.4188168493736022,-0.44999181012443357,0.3316586006251804,-1.0344675031152144,0.5260863136107032,-0.7239460347676676,0.45958284161601337,0.6721895782042596,-0.5512183001710371,-0.632651045783288,0.29
-2.0997236693697254,-2.6923136663206226,1.0926751124343614,1.8428006123134837,0.8318014753038447,-1.1977053621916152,-0.8344000080075309,-1.6225476266667973,1.3340978229166136,1.0864548011426984,0.6129329699156008,-0.07009111541556554,-0.5266437298974661,0.3109023477898738,1.5587232707921135,-0.2640797339833423,1.1418167577987035,0.2299010230481927,1.3777394367973388,0.006002858097834809,-0.9753430289788859,-0.05611092956824321,3.26
-3.7542656708913094,0.7603841947847894,-1.7405195312462045,-1.631174901337084,-3.1240201166561,-1.0688857079818408,-1.8120442693052126,-0.26475715543200207,2.0006167761392826,-0.16528790454358286,0.5790109159601194,0.6872747683354281,0.5682176299054728,-1.2662247509902573,-0.6684503447250543,0.8576074194711252,0.34302820638757314,0.2083608242456497,-0.6414373433373749,-0.3601036044102874,0.21355001153321124,0.0018435774584702278,2.12
-2.3201405878112404,-1.7351399737689952,4.017049492882714,-3.741453232328031,0.9142453952933263,0.3894194367352044,0.34802367100085035,1.490654436695445,1.8862068391573243,-0.19990578339734824,-0.19632173777654902,-1.0167844518949731,2.610425849236018,1.1437899343919784,0.7531613132758014,0.3295612509965571,0.27337687175299236,-0.288982580861172,-0.731281024185614,-0.362784132149689,0.1854253340764792,0.3673255227665181,3.09
-4.188932729031008,6.598818873991793,3.7219555272842166,-4.21478586649395,-0.8350673498789757,1.9618070716998288,-2.9084002316292143,-0.9073310769283544,0.10985216439923162,-2.1004742299137193,-1.2391512520485413,-0.814174318003174,1.0882820176646884,-0.3786990146485186,-0.5289918064910605,0.7032259404282444,-0.34944569845788453,0.7465959293050212,-0.12575485198747552,0.05665240786323355,-0.7091394951558356,0.03944563714356082,2.11
-1.821507391876899,-0.2761267622751397,4.550596398658337,0.14696087913105085,0.22471837323628208,0.17821295175381346,-3.8460096622493296,-1.2226498560801204,3.3008823378973218,-0.10920614609992403,0.5555906056317366,-0.017438157535192338,-1.5187892863719175,-0.0017166520468179988,-1.741867488507523,0.7601117606070492,-0.40172309652412297,0.30675800224246363,-0.856473934083803,-0.22374645491317602,-1.2772947597253352,-0.08313850839418467,4.38
-4.641120285823708,-1.9016033772022272,1.2518449565757468,0.07493755083907883,2.321012945553781,-1.1720490971389588,0.8896394888497945,-1.6302801073275606,0.898606001508504,-1.3389045645057542,0.780260544208701,0.6599116561194467,-0.19616611865719047,1.1814548490987815,0.2837471436928633,-0.3687892952841246,1.453239685745416,-0.13635229727552237,-0.5289375776675803,-0.602888585118022,0.21448129686702955,-0.07834321734066631,4.33
2.4141996333229865,1.1212739578420399,0.5361626286271469,-2.466553381698247,-1.1452658188388174,-2.6899352226803965,-1.5821936271848047,-0.5441366684018228,-1.4744205203847869,0.7169441922285777,1.1035769461286993,1.1557250311384497,0.0013674397587035432,0.6931223436575017,0.9349640498419225,-0.09244443573072735,0.529196528292294,-0.8871680688961172,0.8172560593501722,0.31211376883457964,-0.4908853927380625,-0.7471568737236246,0.0
-1.7337642930902286,-0.46661165198076976,0.25848016675034996,0.955025079517593,0.8230674301918759,-3.7300746092895714,2.169769824311117,0.2405459758473589,0.7801080674760257,0.9385086049300252,-1.1262059485647287,0.4010574202491585,0.5308318142257562,-0.778514166726963,-0.2906171209564666,0.22212625965052737,1.1563342842243567,-1.1231054139185832,0.4381809815198929,0.5809663834717387,0.5458706644615923,0.6386657084349456,3.53
1.7234124774158144,-4.154330409758697,2.082479684619794,-2.81563907896909,-2.035541171512666,2.7226604817566322,0.20359424248852487,-0.5764807755731798,-1.6036502863595645,-0.5415601815730618,0.1614348032422947,0.36742263087481625,-0.22330096112885195,-0.5442118792297437,-0.06267076218216946,1.8403312065198398,-0.8467833614923878,-0.4628408753224496,1.8862998445866515,-0.14669559238797797,-0.34421803689135033,0.28950692721697124,2.44
3.820198402530441,1.802503609829384,3.6073128180670944,-3.0835882083472614,-0.34692937494734344,1.3623169246261344,-0.09711222090111224,3.05625066866644,0.12545306808681034,1.7701423703456682,-1.2753855785457544,1.7512922875620882,0.8083614503255002,0.25212216946819205,-1.1807860455817842,-0.8704210382513121,-0.7509346905898973,0.4610636777906983,-0.922073714808432,-0.8927587603564705,-0.08239140799096221,-0.6691012810708841,0.82
-5.835695319579397,-0.9470396447944357,4.6576881713654545,0.6000863767041675,-2.470052364642384,-1.3597639447615624,-2.395835387723239,-0.5582410585290342,0.2374722495082913,-0.35882522728209865,1.1783683359060437,-1.183273078627617,0.5205415544699029,1.930318263162457,-0.9015458125549574,-2.0437260509030613,0.1653275488247034,0.476962751570552,-0.9546903920009518,0.11552070285810179,-0.036808762487750626,-0.15085319551425264,5.21
-0.10580905120422593,-0.5963195392571817,1.4692209034547674,-0.3991598220253806,-1.0109422404354664,-0.6138369257258469,-0.4521572698815567,1.759102655641097,-0.884494146644621,-1.256433654472806,-2.741527385856905,1.8861701047659527,0.23062422992586315,-0.1328747963520773,-0.5297924761912299,-0.5011920094166852,-0.6345842079153612,-0.1288111020710262,0.006828018881262955,-1.0413638067746187,1.0036745758243062,-0.2435632546632976,0.85
0.8266132290757072,1.9269753762070423,2.39879846715563,-1.6066745496471728,-1.3181106379034315,0.6606949947665081,1.8892736435796564,-2.235717811878433,1.1892027433553138,1.2624885295678043,0.5784345212781168,-0.09571502799227463,0.4208799092393909,0.31915923842455696,-0.4373072018505734,-1.029657261102826,0.04157697883806141,1.0167187308648575,0.1437609004231812,0.3798228095754067,-0.20352288707115018,0.24823321863722436,5.27
-2.9461492550198995,-1.3696785290695213,2.4409683793913337,-0.9009645101448068,2.230103807180975,-1.7791264584618538,2.123411856894876,-0.37824396673479094,-0.5301636763027511,2.6070651166141072,0.4651657709910156,2.0132542064066032,0.11465752850308548,-0.7555278979056989,-0.4644298358554465,-0.2218981935033756,0.08467480891302463,0.7500734099125237,-0.2455417410438733,0.5126339212649559,0.1368023894605413,-0.3803302100245339,3.35
2.2307150284040778,-0.13974512088858795,3.3175504682420525,0.9507406273420499,-2.2425543320197225,0.3968394180312642,0.9172537008912715,-0.6552695426831365,0.03255712519048204,0.5342413004747941,-0.8182144084225161,-0.7753345150582749,-1.4285099011407407,0.1038827613787552,-0.5893894919943035,1.080410348286342,-0.5373433152408894,-0.5286108939158024,-0.009146211927599195,-0.29183406627863,0.09235440749169195,-1.485108984457526,1.42
-0.3239599382754531,-0.40967646722345524,3.107314862970685,-1.510660157445078,-0.21366208841942005,2.6625540684790288,-1.0488088203236776,-0.41381026116327585,-2.0488542777539616,1.6818158418117777,0.123876177432433,-0.4244629441993687,0.6770826046728758,0.2625635152244206,-1.827554948953699,0.31452366335596804,-0.4832913465057654,-0.07504284347408088,-0.018628843668286998,-0.008488288008551743,0.2663857439171803,0.04458751314284425,2.86
-4.910225401765486,7.765458836175479,-1.437654050887041,-0.5531607677712771,1.7643351876525515,0.5155763384865638,-0.8485546451011682,1.0026728279642732,-1.169412226409844,-0.5106407436735624,-0.5363053102455421,0.44192715235292945,0.6458463230094124,-1.2091186995577137,-0.9223238253699727,0.5452087059814762,0.7644002917880046,-0.6621045446891576,0.3478680498790944,-0.06471733801246873,0.2628759656457717,0.3815170474550536,0.72
-2.193299591238563,1.3797156526944516,-1.6211880255529998,-1.1922252653740404,-3.1506820703696423,-1.8695951103965622,0.10986039950425927,0.20598416217114707,-2.8451038427570423,0.6108252632025521,-0.4793178733729485,0.966914803413413,0.17519436114855358,0.7623996187528097,-1.3704581943944967,1.4292152148672606,1.5094854389511931,0.7199163978155817,0.5106851127130991,-0.1682395337020903,-0.02059191509746352,0.21031711920285204,2.48
3.9074473283465623,-3.2688546491725123,2.5924629537893713,-1.4134165073043976,-2.2309477271123384,2.464014644369868,-0.6948445497035178,0.6421972486987401,-0.9377786058450513,-0.951535245382149,0.7384988477716993,1.599126604312885,-0.127086418702336,-0.49153141136678236,0.781752340417916,0.4248414486711924,-0.44926973154980043,0.30766046323539586,1.035884198029307,0.3453038318693701,-1.4823579397884319,-0.12960047792242577,1.37
-2.478547233990497,-2.0220345302328027,-0.7207223387213003,-0.4105342399770608,0.46824607029763143,1.4098626917302666,2.0527475716415404,-1.775839454675235,-2.0956944878381516,-0.649228071414797,1.1149141074599225,2.1332455420791883,0.5213372600304557,-0.811621043002112,1.0984439322704627,-0.837770841287682,1.4015246852115346,0.3170909131252346,-1.4404626864171146,0.3406672009405098,-0.0983177266073939,0.12184990392975827,2.21
-1.2246236651392122,-0.0005048515739778333,2.814977949314704,4.016839151150198,1.9628898461646695,1.4048089711484408,-0.018789147672038646,0.3709739783273798,0.7635774046420872,-0.026127172376270255,-0.5646725115726476,-1.3108781054765757,-0.9588806100358268,-0.20109998183471894,0.3625690865337708,-0.19904871949624794,-1.2785242986229017,-0.5758426537887638,-0.5875121207242046,-0.02612149709453046,0.29327169102215994,0.8126383761330466,5.53
0.8513953385510343,0.9723901445107328,1.8703122922965087,-0.4535422798372416,0.04335289759817574,0.4823050792556445,-1.0031743503531296,-1.2578373784378811,-1.3971357037527758,1.7590006063851842,-0.06956197162072646,-1.072562943906321,0.14092815357865598,-1.356082195984929,0.05699866798289827,0.14544262574825473,0.024020295654762897,0.3761660377201269,-0.0029629168203389998,-1.453042887419398,0.6849980004890275,0.14656167497018513,2.14
-0.23130828621599733,-0.7363270880750388,4.951552638319731,2.0995712107234694,-2.280124304126626,1.8889139600668359,-0.09945375509280649,-1.807765785085217,-0.46095039962863993,-1.5820610844379215,1.8728374842425934,0.37869661885606926,-1.3907765169400037,0.1197924055160279,-0.9663345526179705,-0.46887406217833805,1.3809082032315005,0.40001650372476727,-1.7180279056653383,-0.3740606196894567,-0.7611379171197566,1.3584820357987974,7.61
-0.8113206901150433,-2.1548365896443293,1.5652283500513278,1.5990859777782018,-1.0940611253934804,0.21422973065938938,0.06342514458380742,2.5811836192574624,-0.5947945062083575,1.1560181418725382,-0.691369416934547,-1.5033875940059243,0.5062717564018328,-0.6315226893405155,-0.3752815461644536,-0.3700486691759223,0.5351143917437352,0.5159686603760314,1.0858754195621174,0.5295460547056201,0.8901378425236677,-0.8825376572116403,1.41
5.222695527922967,-1.6815531903287153,2.805651965633943,3.416843526645644,1.4475414755339142,1.0106159692863266,0.3388199340932512,0.08564211263622556,1.018512685721759,-1.9853642392706632,-1.5848622947333628,1.3916211811687738,-0.29118316010735745,-0.4588747186806149,0.7232296414215292,0.44611659471018383,0.6136305821496775,-0.680160158435632,0.5327603064128712,0.7923138489680929,0.2759833288576089,-0.028812363586481943,2.77
4.994078550439181,-1.460235339703466,2.1642087098747766,-4.1141971278798435,1.045113108330618,0.42829420614033864,0.5438298639660764,0.6622699543208223,-1.2137899311550155,0.41692486389569594,-0.11563509896007479,-0.6220116002088281,0.6968989797414573,-1.9878938647508453,-0.6730043296943847,-0.7324818848161255,-0.6675217243018475,-0.4300889894169349,-0.7757962271371801,0.4598671123420233,0.9067446278564819,-0.5960018310252261,-0.77
4.653224544291956,-1.7204294356022256,-2.3293035818188943,2.730668963914407,1.283260479550844,0.7144689558830875,-1.799756400671903,1.1633840347878845,-0.3038362189617159,3.2447307759037045,-0.9909538048542099,-1.495758487650083,1.1603982652233193,0.953494988154761,0.06591392023566685,1.0936061247047228,-0.11418241683966351,0.3620515196352228,-0.7098668195093671,-0.0626807610332187,-0.35118459084114767,-0.5140138026439666,1.04
1.158932082772351,-3.7494074575246676,4.163987846461929,0.2938327326590525,-2.355493470177205,-1.3514648462054557,-2.230639021102623,-0.9424501428254779,2.0895680343122867,-1.115863528592751,1.4363200996809171,-0.27884211006026577,0.23185747337108645,-1.1705602081594892,0.9985037338338351,-0.20598599013812535,-0.11783091508916158,-0.5675151142812846,0.4854299954352292,-0.8872561327670361,-0.3591636778075189,0.7967269808262631,4.08
-0.14585633099033468,-0.2967878457902574,1.8232970390517758,-2.1823028449994113,-0.9827170890889857,-0.8121251363247789,-0.7177990698788226,-1.0003263606258588,-0.7075821239268665,0.22829297472905646,0.7282052020643314,-0.31639522314096197,0.9242025709867414,0.8537061110251164,-0.16998005497118604,-0.2101484253674499,0.2359794570434944,-1.248885710727759,-0.30791806147093687,-0.27151874509918217,1.30810129929306,0.2773915718292451,1.74
-0.0326217989911138,-4.620089533635791,0.5495649918491516,-0.956548400055154,-0.7246916460748201,0.23187220783250842,-2.7823931083610667,-0.3727398499895102,1.9440049742772034,0.620897794170479,0.9839380051478348,-0.7907904495899886,-2.147985307115605,-0.2848683814162698,-0.38690488637340525,0.5772313738757476,-0.8690381432123747,1.2835854716393589,-0.44005329449457725,-0.43488702592239076,-1.1589723769331621,1.0591971447959927,4.96
-2.1537865865974477,1.9463336740839787,-2.8343804563790242,-1.4153913052264264,-1.325624545075506,1.695808564359427,-0.7772805144953084,2.1189243331803422,1.1919301013237034,-1.7140906817827377,0.1587089245391689,-1.0645234760717073,0.5576481943447918,0.4919860652425008,-0.1112164346480515,-0.9407654334680163,-0.6777620099925464,0.017524256450378067,-0.7357363032129256,0.7515742603099571,-0.6584401691436856,-0.43084790744145496,-0.27
-1.4256701132161436,-2.617513028170071,-6.118950259591684,-0.39151392884649544,1.426489094380376,1.8417218165896807,1.5822772333171582,-0.4414756950531892,1.4164086558339053,1.0125317151926205,-0.49781728053507773,-0.3781092755580397,1.683794256146198,-0.5198944250152532,-1.4253696537041538,0.20656684618663135,-1.1101395455310294,0.6595280348377256,-0.0006820551799399637,0.9598224696087712,0.2868700056561054,0.16097333866318395,3.14
-4.438335368901669,1.4609119689154495,-1.3496937873149477,1.6871215361544387,2.162611199511387,-2.0597118954394316,-1.4785289587435606,1.3485154440908527,0.1520954070490649,0.3703590093851472,0.2886050925679584,0.23180262256584658,-0.7257163352097852,0.11290252929459864,-0.1551623658998798,0.18869815948064184,1.0101664381613076,0.00444341480546295,-1.4154557223476816,0.0786965733906829,0.06871305937111914,-0.31847054008367565,1.2
0.13513982100384855,1.8316100825494845,-1.6409472516493688,1.8961151704860906,0.5531657324181535,-1.303574803378025,-1.1857950944282913,0.09012769500371091,0.6632450053272412,-1.2578647475516112,-0.0521371903928283,0.14263957381470244,-1.9861840123057612,-0.7204952452039252,-0.15038919597124104,-0.10364839412519171,-0.3351451109889573,1.101508797240326,1.4903993374830504,0.6858446131914514,0.18620152802812326,0.3501972308196507,2.48
2.667619422541069,-1.1357641207735893,1.7925907668890613,-0.5498271846337387,-0.1714308360702578,-1.5114304862696235,0.5892806728232578,0.1486463408453628,0.08887104250447796,0.8355326738866173,1.5125898627958478,-0.7843434619981487,-1.0145155918945252,-1.7464429936173005,-0.5370700318572722,1.1188512213446167,-0.0406292253811948,1.1859025581357518,0.027432167277668895,-0.8453388701202743,-1.2857826564763009,-0.8086355395250876,2.99
0.3437220938457095,2.0441023010897275,0.3024266698107382,-0.0841964217742031,0.0726254002279686,3.533789773251441,-0.05902919843673904,-1.2673103496428986,2.353945694959136,-1.8537499953972916,-0.2689689668997451,-0.5949557568292341,-0.9788065127875558,-0.42669746643728146,1.2191672230640396,0.034183027560653785,-0.6181960645839885,0.06693600762535451,-0.8874108416188052,-1.3687384263570062,-0.23364287312247164,0.32026603597754216,2.48
-3.636152304153012,0.3363219465692748,-1.4150224384171404,-0.483109968984323,1.3680385369942998,0.651514261149137,-1.6175343178857184,1.8012635259856484,-0.12237054911838036,-1.1996413177030198,-1.374613836758507,1.5701277437423338,0.5331699341747335,-1.4751662807894692,-0.14552497711570483,-0.6663676588917566,0.025884653049373565,0.7126253668138325,-0.13889801353781386,-0.6144203337691647,0.6327773769110278,0.1392713419307588,-0.77
-5.995577305711265,-0.4653369132852424,-0.5738830310259964,-1.179663485499936,2.660992999267309,-1.1467580667129025,0.5634418844317213,0.013862867563709736,1.1965327892800306,-1.4346530146660295,1.6241354457532944,0.6675889470839431,-0.8155462566825006,-0.39386981881575867,0.045974674344186686,-1.2667864671770808,0.6178792166085266,0.43204058474236384,-0.40792137769765197,0.8244319013127941,-0.06971787747285202,-0.6765065339274234,2.72
-0.7312209325951904,-2.451556259191641,-3.5728519823058504,1.0700225136944805,2.0327911109578483,-0.9782854899165627,-3.3418165223894105,0.839726444853812,0.4272778505199875,-0.12244218533362075,-1.625384224518994,-1.0176621791880451,1.6448960531173,0.966758090428894,0.7850522231875234,0.3600247471516446,0.6588379486663164,-0.7980954552632996,0.34839761018657994,0.03271871289753868,0.09069281351846348,0.4826006374966919,0.62
-0.8111320175217179,-1.1281105605804407,-0.06645394544930829,2.2013828215708777,-1.0184296174217609,-1.5916893788942639,-1.000298842982688,-0.04422572179623788,1.8489353886380862,-0.3228577878370943,0.11246198509079772,-0.46588633731808254,0.3251548361755287,-0.9571574718655055,-0.5330381079108043,0.09792185578275592,-0.2186868318846965,0.6619600642314777,-0.4300540561334051,0.15993130708412082,-0.2358599106763667,0.4896314315806247,2.23
-0.6491392446158182,3.1710607384252536,-3.1996471622970635,2.0224471343253954,-3.0907180460134622,2.5059512007937004,1.1872839804614979,-1.5351575572376548,-1.189599374720991,-1.6616462016287872,-1.4807550109839918,0.5602485751595027,-1.1925389037450869,-0.9569759994193834,1.1254616695870152,1.2634030037442814,0.569226647842539,-0.7334382409735302,0.061443329570781385,0.7341826522458252,0.9373821396156348,-0.31732122538726665,1.14
-5.422007414760006,2.9325979956770327,-4.992598551444593,-3.7584505953758844,-0.4893139052514291,0.4770906387155289,0.8720845440574606,0.3113731205016275,1.2875491278244113,1.0194225416846066,0.0025271709713560776,-0.1549873571138152,1.7341117596250655,0.04662983724496373,0.821435644003104,0.6898040116180466,-0.10122054336181012,-0.28933088905932414,0.5323446566452144,0.04359509593670562,-0.0996528185952137,0.49957500407226474,1.19
0.9675853024038936,0.6089319114855108,0.5350766672645151,-1.526004773083756,-0.6550226875125312,-2.874695497304439,1.642395671767497,-0.7681289217875901,-0.4587713017046038,1.2965661804893818,2.010124730492771,1.1325196100785866,-0.2542259430188178,0.6389572035740397,0.6589375844560437,0.5316841546561109,0.21239270757324916,-0.140374774270297,0.7268975513088499,-0.6362652335678718,-0.1825698453144585,-0.7991738869708586,2.11
-0.6313178463129173,1.6546354343327854,-4.454783818912955,0.3147527444949786,-3.2269095439974764,-1.2267138453465505,-0.9833966418599713,-2.033487677413124,1.220462340252427,0.7951346066896995,1.7013612178331838,-0.07121180490064147,1.1212710974891633,0.24622091957409312,0.045685253899366715,0.6930593521954801,-0.9666836003123677,-1.0792656580140614,-0.5861865078607826,0.9633515838747483,-0.11032700655171845,0.11290257065715546,3.38
2.7761435221302797,1.657942306345599,2.6653240471991766,-4.434119956669676,-2.085047166542824,0.9940251861752857,0.08255166304816398,-0.8186441874063145,1.1434956677367465,-0.6373078894776926,-0.5859270066689578,-0.2464832643790435,-0.04684388882056185,0.4150404372933273,0.012122907105554208,-0.13776780982011438,0.18548575937657868,-0.9676411146430337,1.6365140859212566,0.2964678865108605,-0.5157203674910179,0.002825873120606508,2.17
1.613847458386325,-0.5584078207933274,-1.4901184982443207,-1.6155779772290046,-2.2859179317362424,-0.9910155832372504,-1.5096203765835363,2.5281677417094954,1.2085188278552186,-1.4832205621452632,-0.484818004299355,0.9912291607102955,0.044808582472115215,-1.2057747574654558,-0.24709013906841926,-0.05059444017845507,-0.2287300684004852,-0.044685425780327824,0.6077146384034922,-0.10450682294156376,-0.7945176777219047,0.43891994506561377,-0.07
1.1895966839660146,-2.808733390043536,-0.9795977422610039,-0.2130261371333807,1.2573816475356152,-2.226916849269165,-2.048525883583152,1.5308095638155248,0.2045116329123186,-2.300294300164365,0.7197578273125531,-0.7448128357964049,-1.348214026606498,-0.9344896770978388,0.5776971019027305,0.4801094299747431,-0.244917916340713,2.408046646579526,-0.3817692597654509,-0.09304425000630892,-0.6962650320188387,-0.6488550254498177,-0.14
0.0034732709972590606,1.106394645561087,-1.1777585730956792,-0.26854355475713465,-1.3389362565051248,-0.4638010633192816,-0.3278697910200606,1.8474648563464542,0.7671297943973868,2.452165293726898,-0.5334993119602508,-0.6907608064581775,0.03673000110417509,-0.5998681930112615,-0.6569312422214698,-0.42665082109855273,0.23542947794834157,0.7419362040339197,1.2009059476441417,0.4888878500299227,0.13897518451069016,-0.5328519713867784,-0.45
-6.497091033289138,0.6418263114241808,-3.5267633847545024,-0.7901532934630932,2.031894421157247,-0.7259594920900008,0.008490384600647462,-1.5889145766555164,-1.8234474096521358,-0.28774039240642135,-0.39911509619888735,-0.25867141187585824,-1.2724800987545513,0.06060814935317879,0.2921992814758829,0.45413236413478963,0.39407443377942253,-0.565956105582026,0.3924897251790211,-0.8477376052137077,-0.5048474730467154,0.3347698044616424,2.39
1.6431537984519222,0.6474909192062677,-1.0168792656749877,-2.1451085679295776,0.515470105249889,-0.6311110707616931,1.3678463362993662,0.24237968950023103,-0.623885141733865,-1.055091364799125,-1.33762622856518,0.8386602255539467,0.0819675272691693,0.2116001383426144,-0.8019658513976654,-0.3512181008010813,0.25194079856848434,-0.04535869182372433,0.38550711094622014,0.15230869710955397,0.44367606124172987,0.052917877520352735,2.15
1.1418173598318762,-3.212338327023321,0.6636961189892098,-0.4691009691779042,-0.9939555530196119,0.14513317473963455,2.266568590348305,2.2015646625262257,-0.26474498615827174,1.6914535993721704,0.24255596461296836,-0.830643917059388,-1.2389300662036422,0.34829969951994183,-0.7205934400653201,0.4091871927889269,-0.24990734089705757,0.3923164215008687,-0.9206072369960083,-0.7146534321998265,-0.7901716554111349,-0.14426438363522887,2.5
2.736236968658953,-3.1621110908783465,-1.7649186592271142,-0.29654166531433684,0.3226845212407393,-0.37591261300478557,0.7055164650095567,-0.6947898697945286,-0.9648801145042147,-0.8889916525943462,1.5018890998584482,1.6260660816733512,-0.4830687440965014,0.5725619651859156,0.0036986919973476372,0.31740174928105813,-1.3944603351408413,-0.3714577991775497,0.14474558841657198,-0.7940859966500287,-1.1348295081633168,0.1285484598110726,2.03
-1.4653797688766261,0.46482768923631457,0.7975245879692592,0.2530535827145198,2.045753078243825,-0.12420492316797496,0.9879695631624774,-0.07744525902629326,1.728597688621943,0.10881531315845591,-0.7256572011720471,-1.0764979355394901,-1.251466216037609,0.9830240685828778,-0.26131510308698574,-0.9194883001743562,-0.19285651268091378,-0.2768625638031758,-0.08154334477660884,0.43487176574569125,-0.16996097006274571,0.3905988744797534,2.99
-2.36654940254464,0.3298618175194892,0.19107088323810267,0.8175821713180463,-1.9260372856293506,-0.9306069487436892,1.170170834632029,-3.267928015616251,-0.28467652148830125,0.8990155786914481,0.6146088967113464,-0.4644108556594766,-1.071676007147279,-0.24151992402547282,-0.8537996875678837,-0.5760614514418404,-0.8249407251256865,-0.07461814073412197,0.07117261315555903,-0.02050649141340585,0.3460924454990446,0.28430543187344076,4.65
1.5956815594150762,-2.2552857180336474,-2.3618429208100307,-3.5096320365031812,1.198563623369643,-0.341224795027402,-1.2601621174699478,1.8743765773458332,-0.5377206033918601,0.5756706911318457,0.5642063880327725,-0.7827661477490655,0.8581312977057396,-1.0362308679586063,-0.5571671256753487,-0.20091998834497404,1.176115560570445,0.08039142686128045,-0.7415096739690867,0.17698170123846868,0.6156401298789239,0.017406143510563056,0.41
-4.299005102251046,-2.751726573996948,1.803610119463911,4.017398638003822,-2.8829984130499917,-0.9204436584828302,-0.09131943538607454,2.1946464291132384,2.1056271765063346,0.8753118488976116,-1.2403315253167317,0.9023619975021985,0.24066560559723954,0.9325202759685561,-0.24070943947061363,-0.2757810456786481,-0.653546516819484,-0.5548018842970229,-0.15335561920971325,0.23110556652400163,-0.5126812086033631,-1.278062241909583,3.44
-1.0166091051251833,0.4636116044955397,-3.082787737975228,-4.551494843232834,1.4400397869324242,0.42188885425404976,-0.18243046238656532,1.1794147915248803,-0.9279534673141558,0.045599274338213536,-0.03353274027192727,1.2304567514952456,-0.2538448426379435,-0.8169547553603569,-0.3575699934198534,-0.6431541842662621,0.8086269194441131,1.3225212955106296,0.7883543843658728,-0.35161239855941895,-0.0325370971176369,-0.8535411094619413,-0.62
-0.8608676917936436,1.7841449146226251,-3.0908626468807374,2.196921574630661,-1.7492818791957514,0.9761710601800734,2.9631262488678107,1.514522888962742,0.3361137637882878,1.8714694532983835,-0.769712670076032,-0.07257567372794538,-1.0025547427347121,-0.802419988015315,-0.06826371616567976,0.05247769357511035,-0.2303829681391617,-0.5004566368362771,0.6492376112823999,0.7546446417882027,-0.5582763115696313,0.20003784487540882,2.09
-3.7479607310027108,1.2815249194529978,-2.7288975940904767,-3.759631672472695,-0.026262591448281608,0.019386911201684554,2.310466706366831,-3.045047948533918,0.6472916870550531,-0.2472753517708553,1.319057515392679,0.027671764725459593,-0.5902451064792276,0.6676842148612421,0.10136529417478998,-0.15490328673772652,-0.7931147108215775,-0.09299510386458526,0.45096146439217555,0.43952634130610346,-0.7158662982316922,0.09671256011718844,2.99
2.6269699570972005,-0.8955729781844486,0.790952873910708,-0.9554021497824754,-1.3397683098479047,1.459493722547469,-1.4056126336686015,1.5862895229974527,-1.5492940711514527,-0.48974266016799056,-0.12454390925504137,0.7142576960619126,-0.01046414542960009,1.8264368416099674,0.10037244949842211,1.2782709378589137,-0.5084106040632121,1.5912091429935369,-0.5819073435525568,-0.10695515472918499,-0.17017383266435943,-0.7032003564614201,-0.2
-3.2586504467281543,-2.0795139413682526,1.8705163865537353,0.5016886747372306,-2.5648166706799733,1.1884151089210466,0.0008576318045960257,1.4675025519887719,0.48434048293480875,0.33939337834955596,-0.22592598365680477,0.8728426615922575,-0.8391197261612393,1.5424592914338995,-0.000667130454274937,-0.09843924555477784,0.608779725337327,-0.5918202838325362,1.4467208417475674,-0.4670152556485965,-0.04726218241221159,-0.37451811194351653,2.34
-1.16073335166831,1.871948753924551,5.252487002517887,-0.47578024018119586,0.7867237555479041,0.22377629117802855,-3.3891921504647406,2.2522973761855587,0.09352734207531256,-1.1875309804557277,-1.4035402228194465,0.13353692901547948,0.3633584457039845,-1.6222876513976658,-0.5397256461282026,-0.4367744608598482,-0.6159373648474264,-0.8557392139055362,0.7980608517173796,0.4567751092256158,0.23023454106547311,0.07635475984837412,0.65
0.45563296326752123,2.6204454763961804,-1.6927755463337937,2.9980521093453203,0.38877512576035894,-0.06689142970866897,-0.8557195079059956,-2.3526512614448762,0.9027889725378967,-0.504697394460628,-1.8588126454099176,1.729775789453704,-0.4434151150296249,0.1441035746941918,0.10117717896225,-0.07672935545230507,-0.6327893268839058,-0.4717049889479477,1.276446577165278,0.14027853212899857,0.29599978799858045,-0.20991721687664378,2.48
-3.5122044063917617,-1.163905476704605,0.13999884752708822,2.1102480327729873,0.49812910204724475,-2.215162083652442,-2.220836175481268,1.4329431068163452,2.2203559440633205,-2.02056790259425,0.43008803722515243,-1.3878918247693053,1.88340868937497,0.1070683831778618,0.401145782948387,0.08116789020186574,0.42715028842471725,-0.13949975195390846,-0.42382244711051265,-0.20999469190846584,0.7613894521530238,0.39207110297888736,2.03
-4.501551253060811,2.2136502669487084,-1.0790113813885494,-1.4957443238319068,-0.7573842596840245,-1.1292195061908836,-0.3301072282844209,1.7001915709362427,0.5639190772693352,-0.6572556484379288,-1.2135159565444567,1.0762284182249895,-0.7437490814252123,0.8459243389369053,-0.6013627692442328,-1.3977650247371352,0.8388346730560196,0.7217508541309277,0.07283103134841797,-0.4026255254268477,-0.36542614243853727,0.4948661485793799,0.7
3.5702209648647774,1.6864877114467398,1.6095676473559508,1.3513627439748817,2.58173897129283,-2.200311144395991,0.7916682501805684,-1.1994130956615117,-0.605514847337671,-0.496883825310756,1.8757992418578489,-0.7010859562470669,-0.5255622956494883,-0.6824608014172038,1.4818995579699912,-1.211549188689625,-0.6731580300542731,-0.10679955866627242,0.41356566962525715,-0.46151379172351775,0.4401896768435037,-0.6025582108780396,0.93
-3.056371462760344,1.9791391458988816,1.1355037253465148,1.720589137257667,2.6083339758864903,0.07466070695395566,-0.7599336143711699,-2.2455833843188806,0.7014119403366827,-1.1986226164468399,0.47147039729101,-0.4210806038017204,0.27246632222396194,0.16603014212531464,0.40123476503800026,-0.3621165331217617,-0.5674798831414125,-0.46682932339667477,0.8989797843173541,0.41175883796972423,-0.4833210647393945,-0.5124237607256078,3.84
-3.7195007389108,2.3208389828306784,-1.9012256476342566,0.1838811204353088,-0.5864138552817928,1.7636292593122092,0.48433790644900837,-1.6410626807817992,0.22791658825185224,0.08962560184318759,0.8140471182620024,0.238649428655368,0.18240934349767424,-0.5332699928216477,2.095914198634959,-0.4983614227977064,0.3207641316962617,-0.14603182287028452,-0.2594763794236967,0.6616614865742059,0.7069710473134974,-1.6084288303301641,-0.89
0.7062061641311591,1.573464589491377,0.23353876578552143,1.259854729988174,1.946367033726362,-0.2713155706540683,1.3810090147269938,1.6788091374855612,0.4430009144941416,0.2875810861479995,-0.5453436707697047,-0.8432871282188502,-0.29952689521981796,-0.88513541897028,-0.6440631062126709,0.7366683655073992,1.1013510080011981,-0.2930248287293756,-0.005516362865255067,0.07319417546199258,0.6917209604763535,0.03771686896655804,2.94
6.609566393129228,-2.1375852851134365,-2.715354547776335,-0.8498337760874685,-0.28302200749568424,-0.25624359273518965,2.0362202899835515,0.22843782226116904,-1.1905249201092114,0.31920616109862354,-0.142797962105835,-0.0339819150365433,-0.9586902543292456,1.6244469819694816,2.201789985237609,0.6184669963283453,-1.5349380109744504,0.5175248708767015,0.264665881696584,1.294073022091266,-0.04684642831842273,-0.6716445950333633,0.46
-2.84816447983839,-2.9518592860286206,-1.2522565275314945,3.8142669474377993,0.07701881273505397,-0.0692104527256671,0.18451895720722242,-3.1013991832380188,0.9338484000201527,-0.8753286488556093,-0.6382206376282388,-0.5532019067397631,-0.6238889279803957,-0.29649701182560695,-0.4413679470725829,0.2249405457617346,-0.6180974865529935,0.19964269510885782,0.13680801309189264,-0.29468252991469873,-0.06936308180734585,0.6096286487913778,4.65
0.06219338851470597,-0.23839575873907348,-0.003821352738684177,0.804323009077687,-2.425974767562817,-0.4995692135100928,-0.7326316106195427,-2.087876254806994,2.7976402960599325,1.1442002094909747,-0.44810736918448074,-0.4430374701990421,-0.3194244675168077,-1.2762759400300532,0.8784484177071935,0.2834107840118426,-0.11169872069442166,0.45071578801368545,0.05841959623487752,-1.059579387774168,0.3768679334599582,0.7018059145950946,2.4
2.3843673302496153,4.389666651923357,0.4139802471585539,1.5163133522928096,0.09027450395924976,1.8105201783654152,-1.5269681025642894,1.1738880507269767,-0.8092666110373633,1.2814196883864055,-0.8314744787140549,-0.08695439512877902,-0.49271630827493407,-0.3731094374539204,-0.5512304604040739,1.0562118468097426,0.6923677429282432,0.26623049381113834,0.6147924806474668,-0.34180988080300856,-0.9182623402038003,0.5822595253932222,1.56
-8.187679687368565,1.6902581305587487,1.548464326719046,-0.8446016872553913,0.7148069948471384,0.5586272247644928,0.0845758791495187,1.2474766847707748,-0.3577452430307082,0.18463051674577796,0.9350527807171317,1.908723839591094,-0.08358574040629263,-0.48818299948029764,0.020130096592271975,-0.07688836654964312,0.35882467557967757,0.28448940636979725,1.9719218261940061,0.46211542601652206,-0.06970355428508106,-0.007678533796587988,1.33
-7.874724581453252,2.9105445255646414,2.172909690625607,-1.400572314082095,-2.0581937910528874,0.30038185031751363,-1.5934099120706955,0.5773470131067551,-0.21622224796083694,1.0067734466887888,1.3846839293286322,-0.5057568790648045,-0.9738331721789095,-0.13424282563174156,-0.10490844028724008,-0.5900960723170338,1.0679596357935992,0.36350608093787845,-0.6215718925280377,0.23686753315771286,-0.08996346720093151,0.45245569442931366,2.88
4.6027246107382815,5.040674757665508,-2.729359930369345,-2.8874702406282435,-0.8983570701116004,0.747969220962419,2.1429938095676566,-0.24539296997711693,-0.29889730344631393,1.8092863650907527,-1.65850110877608,-1.1786411663304008,0.5288186749455579,-0.3369871878987329,0.01009972082699971,0.04239952715535325,0.5689571714339476,0.7552810446751568,0.8950396805597454,0.27568586093224373,-0.15256241104914992,-0.07122410929006757,-0.65
1.088757788764297,0.37864796655682764,0.402657241034697,-0.6779433561769044,1.0838497917286778,1.8328845812596861,-2.401922940019207,0.2961240472614287,0.10967060902950584,0.9056036576886143,0.2938160983083586,0.2446868804990353,0.46440524323940446,0.21854737279815606,1.492610160506686,0.14370769525401422,-0.17302463122161887,0.49029813383285586,0.0519785825740968,-0.6212963673751661,-0.057385427014196994,-1.3032105091583985,-1.5
-0.4643460293240569,2.365890035460734,-6.709556365983585,-1.888338990623001,-1.4772747666913735,3.6637023064515755,-1.172858368039531,0.8584272081133484,-0.3781745460141223,-0.237949427030051,-0.11437973858475907,0.02044243373180352,-0.20356919713835125,-0.4691254931939761,1.2269926663114687,-0.18671417425773273,1.1292842811218595,0.9912852650141939,-0.6421424826286167,-0.3151571267285883,-1.0081644095501239,-0.01689182068813883,-0.58
1.9171809043270733,1.120117754771867,-2.368529945578852,1.4241511743957997,0.9056997790856081,-0.4128391486332008,1.225987424158741,-1.0983949032100468,1.4835564829113803,0.4387287707504569,0.03300544306781796,0.046110308851658274,0.4694194692507003,0.6680153428427269,1.4329670261844085,0.4604280532686573,-0.80878887454866,-0.20842798463776724,0.4886306819184114,-0.2220954647894828,-1.0001898425721871,-0.3950599070665487,2.61
-1.1546167914828749,2.0249204383818933,0.5599360104309995,-4.157530441352068,1.933585545718823,3.2339392790806176,-0.1095423446522282,-0.5690250417145996,-1.3201014629652335,0.07216388000643299,3.455863717939302,-1.4401587665998052,-0.5252189172168754,-0.7891688384013475,-0.2666891204055616,-0.6996894872623464,0.4909378129024899,-0.5251002125489883,-0.26816717662460327,0.3811822004410192,-0.8921640131755041,0.21385783607651546,4.06
-3.3260240198119075,-0.11375388148878143,3.271769342536081,-3.2441659688671294,-2.1373151825943655,-0.027845034104574173,0.8061683692783205,-0.3845932232201683,0.8767411831836278,1.0974772550708622,0.5940227614714181,-1.0088718449606442,0.9043397579224257,-0.02602210416293367,-0.9839322558998125,1.0118448508649185,0.772849082502698,0.6495754528888268,-0.12019273600447503,-0.0612464181405584,0.44803486975532586,-0.3733882119739628,4.27
-0.49352596834545204,2.592202981078099,-0.27311585473322575,0.43202367558477744,-0.20951067489496428,0.3655821403048454,-2.330179360922824,-1.9363917072392491,0.9430895724446854,-0.3110456563058027,-1.9513008588673193,-1.4472790654633632,-0.6127807986915621,-1.3742848275458397,0.2845659084816077,-0.07186853852791064,0.5565662718860076,0.1228481865305895,0.15621728039413174,0.8726247852487297,-0.009874900090002034,-0.21197423852529046,0.82
3.734738278471835,1.5379076896981823,-4.309815332468804,2.688334551934044,-1.3000529575657198,-2.812957906267611,-1.505742058495107,-1.1104554575142638,-0.01645950654867354,-0.026502068297150735,1.500374993163978,-0.801723945964189,-0.04143920485653255,0.0819205340684407,0.07605134101769105,-1.4374571855969511,-0.09120298144934948,0.2796026922531495,0.15898615703637398,-0.6564272720126959,0.05356905633627231,-0.021029980308248607,2.02
-3.1194375606460745,3.2181454537410286,0.3688736106248716,-2.6858526753166645,-4.604903030401308,-1.9141556862587892,0.03497728589879727,1.823355817870565,-0.6843310912348436,-3.27357117481708,0.18276818648187473,0.5826243585711666,0.7294644038443147,-0.813135305503143,-1.2067452314867044,0.06712053112119368,-0.232336604657984,1.8396320015881797,0.6212666335581911,-0.4066203600128953,-0.09614415595653686,-0.6602477151519373,-0.39
2.1111951587449647,1.4014178439930909,-1.7259061439350434,2.9439870356810727,-0.06173296041117838,2.40704455577202,0.7691630983111903,-0.8487152493608093,1.4437889746286297,2.935083813337008,0.43332519263640734,-1.2390314291873163,-1.0782450929634366,-0.1284536618630927,-0.5130346633615978,-0.2804942221191864,-0.23315606574195602,1.5766316672114085,0.47782966614849093,0.4984420157513815,0.2786563395349344,0.6296354129091718,3.61
0.160614271191828,-2.8617509994428114,3.8350940250188432,-3.6537746337496926,0.43852316043179257,-1.3216434522044445,-1.9892840923467852,2.285123548830187,-0.8957365540529101,-0.6806093955977441,-0.48674054263673094,1.5765344776083468,1.1674921394151399,0.09678588021197335,0.7416679067906967,0.05941397656199985,0.9379279863378066,0.5457939390896667,-0.8131493766655291,0.0493276186635537,-0.23703950156315853,0.19564515823325568,1.4
0.5358109589531211,5.226199909271285,2.075150772393385,-4.545516487339044,-0.7535011654519848,-0.04160972774830033,-0.3850213737985469,0.2633578908933816,-2.3840328363384162,-0.5592995965850251,2.858664842060792,1.1839436986687097,0.09229081200086109,0.2000708145938048,-0.14555093965842733,0.7257561328832525,0.1524031474134119,-0.0162815969050272,-0.9387566632311941,-0.2730724122215997,0.5972247673199991,-1.2380660967696484,0.17
4.302759339654319,0.6154932860625311,-2.378256272448294,-1.3510110500394226,-0.09889887097729597,0.9325655512039253,-0.11976253825112991,2.4787577171482638,-1.0902747513323199,1.3162801958646124,-0.7021971525953524,-0.615553727919403,0.2275331011534331,0.03550637347896289,1.6285849845123532,-1.1076947414571494,-0.220609168763791,-0.08349844013710844,-0.16121338420484,0.0008285311140022894,-0.21840003374003364,-0.40700450125371285,-2.73
-4.485121001082013,-6.458562281893357,1.9776511552238842,1.2322615896971123,2.9914787157417257,0.9542059780662194,-1.342337674137945,0.14640028777543407,-0.2600724589956409,-0.5691945785768942,-1.5221979812254216,-0.9587699003802997,-0.359536769189164,0.8797052455463057,1.6104462341180465,-1.3334741978425326,-0.4935476106494438,-1.1128817186089135,-0.6669052388539193,-0.1480523452683425,0.019552410242030503,-0.18316443533767957,1.69
1.886366704898655,3.1104902733089217,-2.6035247253543297,-0.4704982206924505,-0.06943682980881538,-1.391072179958044,0.0746680830137425,2.3066892770490703,0.8700801418232925,0.7962295202436375,0.03381840671212177,1.2354954515931034,-0.05088695844079619,-0.6867589892825905,0.9780966048128793,-0.3809047740633466,-0.2010437252909053,-0.027097529090563458,0.2193048365128903,0.6710998794280857,0.43702196465898413,-1.237583050035419,-2.15
-2.3925003230528663,-0.7484426363783434,-0.7659488449929509,1.269881061420879,-0.28611710261571277,1.3657178404924997,0.833864931439601,-0.663867433857165,-0.19890035985293394,-1.5741944773828431,-0.1007611783441408,0.9408601128143166,-0.5823468897928469,0.6149745651906219,0.6482216155842946,-1.9549496362290333,-0.24567894704888588,0.8474319172449291,-0.9265966738897523,0.07815003432147925,-0.6909598507261504,0.7672073554387712,3.69
